image_name,wilayah,jarak,signal_type,predicted_type,predicted_peak_dbfs,noise_floor,snr,signal_condition,recommended_amplifier
Barat_10km_AIRBAND_108.02Mhz.jpg,barat,10km,AM,AM,-55.49,-73.91,19.85,Good,Filter Pasif / Bypass
Barat_10km_AIRBAND_108.58Mhz.jpg,barat,10km,AM,AM,-58.32,-77.94,20.11,Excellent,Filter Pasif / Bypass
Barat_10km_AIRBAND_108.81Mhz.jpg,barat,10km,AM,AM,-46.26,-63.63,17.78,Good,Filter Pasif / Bypass
Barat_10km_AIRBAND_109.092Mhz.jpg,barat,10km,AM,FM,-35.7,-78.51,43.58,Outstanding,Tidak Memerlukan Penguat (Bypass)
Barat_10km_AIRBAND_109Mhz.jpg,barat,10km,AM,AM,-58.23,-76.39,18.78,Good,Filter Pasif / Bypass
Barat_10km_AIRBAND_110.207Mhz.jpg,barat,10km,AM,FM,-61.06,-80.69,20.43,Excellent,Low Noise Amplifier (LNA) Khusus VHF/FM
Barat_10km_AIRBAND_110.405Mhz.jpg,barat,10km,AM,FM,-61.06,-80.56,20.3,Excellent,Low Noise Amplifier (LNA) Khusus VHF/FM
Barat_10km_AIRBAND_110.985Mhz.jpg,barat,10km,AM,FM,-59.19,-79.38,21.23,Excellent,Penguat High-Linearity / Attenuator Pasif
Barat_10km_AIRBAND_110Mhz.jpg,barat,10km,AM,AM,-44.13,-62.17,18.62,Good,Filter Pasif / Bypass
Barat_10km_AIRBAND_111.3915Mhz.jpg,barat,10km,AM,AM,-55.89,-73.16,17.59,Good,Filter Pasif / Bypass
Barat_10km_AIRBAND_111.704Mhz.jpg,barat,10km,AM,AM,-56.89,-80.3,23.96,Excellent,Filter Pasif / Bypass
Barat_10km_AIRBAND_111.761Mhz.jpg,barat,10km,AM,AM,-43.96,-66.21,23.02,Excellent,Filter Pasif / Bypass
Barat_10km_AIRBAND_111Mhz.jpg,barat,10km,AM,FM,-59.37,-80.89,22.06,Excellent,Penguat High-Linearity / Attenuator Pasif
Barat_10km_AIRBAND_112.0063Mhz.jpg,barat,10km,AM,AM,-41.97,-64.01,22.4,Excellent,Filter Pasif / Bypass
Barat_10km_AIRBAND_112Mhz.jpg,barat,10km,AM,AM,-43.19,-66.13,23.65,Excellent,Filter Pasif / Bypass
Barat_10km_AIRBAND_113.184Mhz.jpg,barat,10km,AM,Tidak Terdeteksi,,-66.34,0.0,Not detected,Tidak Terdeteksi (N/A)
Barat_10km_AIRBAND_113Mhz.jpg,barat,10km,AM,AM,-56.65,-78.88,23.21,Excellent,Filter Pasif / Bypass
Barat_10km_AIRBAND_114.184Mhz.jpg,barat,10km,AM,AM,-41.33,-70.36,29.3,Outstanding,Tidak Memerlukan Penguat (Bypass)
Barat_10km_AIRBAND_114.4979Mhz.jpg,barat,10km,AM,AM,-52.71,-81.25,30.24,Outstanding,Tidak Memerlukan Penguat (Bypass)
Barat_10km_AIRBAND_114Mhz.jpg,barat,10km,AM,AM,-37.07,-71.01,34.16,Outstanding,Tidak Memerlukan Penguat (Bypass)
Barat_10km_AIRBAND_115.7846Mhz.jpg,barat,10km,AM,AM,-45.14,-66.45,21.68,Excellent,Filter Pasif / Bypass
Barat_10km_AIRBAND_115.9577Mhz.jpg,barat,10km,AM,AM,-57.64,-70.08,12.64,Good,Filter Pasif / Bypass
Barat_10km_AIRBAND_115Mhz.jpg,barat,10km,AM,AM,-44.74,-69.61,25.21,Excellent,Filter Pasif / Bypass
Barat_10km_AIRBAND_116Mhz.jpg,barat,10km,AM,AM,-37.34,-65.98,29.3,Outstanding,Tidak Memerlukan Penguat (Bypass)
Barat_10km_AIRBAND_117Mhz.jpg,barat,10km,AM,AM,-38.72,-69.03,30.61,Outstanding,Tidak Memerlukan Penguat (Bypass)
Barat_10km_AIRBAND_118.185Mhz.jpg,barat,10km,AM,AM,-49.43,-69.64,20.66,Excellent,Filter Pasif / Bypass
Barat_10km_AIRBAND_118.208Mhz.jpg,barat,10km,AM,AM,-50.04,-70.78,21.02,Excellent,Filter Pasif / Bypass
Barat_10km_AIRBAND_119.8231Mhz.jpg,barat,10km,AM,Tidak Terdeteksi,,-78.13,0.0,Not detected,Tidak Terdeteksi (N/A)
Barat_10km_AIRBAND_119Mhz.jpg,barat,10km,AM,AM,-49.69,-71.13,21.71,Excellent,Filter Pasif / Bypass
Barat_10km_AIRBAND_120Mhz.jpg,barat,10km,AM,FM,-61.2,-86.18,25.15,Excellent,Low Noise Amplifier (LNA) Khusus VHF/FM
Barat_10km_AIRBAND_121Mhz.jpg,barat,10km,AM,Tidak Terdeteksi,,-71.88,0.0,Not detected,Tidak Terdeteksi (N/A)
Barat_10km_AIRBAND_122Mhz.jpg,barat,10km,AM,Tidak Terdeteksi,,-72.45,0.0,Not detected,Tidak Terdeteksi (N/A)
Barat_10km_AIRBAND_123Mhz.jpg,barat,10km,AM,Tidak Terdeteksi,,-73.52,0.0,Not detected,Tidak Terdeteksi (N/A)
Barat_10km_AIRBAND_127Mhz.jpg,barat,10km,AM,FM,-50.05,-73.7,23.83,Excellent,Penguat High-Linearity / Attenuator Pasif
Barat_10km_AIRBAND_129Mhz.jpg,barat,10km,AM,FM,-58.45,-71.04,12.76,Good,Penguat High-Linearity / Attenuator Pasif
Barat_10km_AIRBAND_130Mhz.jpg,barat,10km,AM,Tidak Terdeteksi,,-78.11,0.0,Not detected,Tidak Terdeteksi (N/A)
Barat_10km_AIRBAND_131.6879Mhz.jpg,barat,10km,AM,AM,-72.3,-87.59,15.54,Good,Low Noise Amplifier (LNA) HF/VHF
Barat_10km_AIRBAND_131Mhz.jpg,barat,10km,AM,Tidak Terdeteksi,,-73.72,0.0,Not detected,Tidak Terdeteksi (N/A)
Barat_10km_AIRBAND_133Mhz.jpg,barat,10km,AM,Tidak Terdeteksi,,-79.39,0.0,Not detected,Tidak Terdeteksi (N/A)
Barat_10km_AIRBAND_136Mhz.jpg,barat,10km,AM,FM,-10.91,-89.12,78.4,Outstanding,Tidak Memerlukan Penguat (Bypass)
Barat_10km_AIRBAND_137Mhz.jpg,barat,10km,AM,FM,-61.12,-88.17,27.21,Excellent,Low Noise Amplifier (LNA) Khusus VHF/FM
Barat_10km_ETC_67.7168Mhz.jpg,barat,10km,ETC,FM,-28.27,-56.35,28.3,Excellent,Penguat High-Linearity / Attenuator Pasif
Barat_10km_ETC_67.7766Mhz.jpg,barat,10km,ETC,FM,-20.21,-66.2,46.54,Outstanding,Tidak Memerlukan Penguat (Bypass)
Barat_10km_ETC_70Mhz.jpg,barat,10km,ETC,AM,-55.63,-67.73,12.34,Good,Filter Pasif / Bypass
Barat_10km_ETC_82.604Mhz.jpg,barat,10km,ETC,AM,-54.27,-71.1,17.27,Good,Filter Pasif / Bypass
Barat_10km_ETC_83.397Mhz.jpg,barat,10km,ETC,AM,-53.65,-70.59,17.24,Good,Filter Pasif / Bypass
Barat_10km_ETC_83.399Mhz.jpg,barat,10km,ETC,AM,-54.44,-69.08,14.82,Good,Filter Pasif / Bypass
Barat_10km_ETC_83.408Mhz.jpg,barat,10km,ETC,AM,-49.17,-66.12,17.42,Good,Filter Pasif / Bypass
Barat_10km_ETC_83.41Mhz.jpg,barat,10km,ETC,AM,-53.98,-67.4,13.8,Good,Filter Pasif / Bypass
Barat_10km_ETC_83Mhz.jpg,barat,10km,ETC,AM,-56.9,-71.34,14.68,Good,Filter Pasif / Bypass
Barat_10km_ETC_84.175Mhz.jpg,barat,10km,ETC,AM,-58.67,-73.56,15.07,Good,Filter Pasif / Bypass
Barat_10km_ETC_84.197Mhz.jpg,barat,10km,ETC,AM,-53.91,-68.71,15.09,Good,Filter Pasif / Bypass
Barat_10km_ETC_84.215Mhz.jpg,barat,10km,ETC,AM,-53.05,-68.59,15.83,Good,Filter Pasif / Bypass
Barat_10km_ETC_84.21Mhz.jpg,barat,10km,ETC,FM,-20.7,-88.22,67.9,Outstanding,Tidak Memerlukan Penguat (Bypass)
Barat_10km_ETC_84.5Mhz.jpg,barat,10km,ETC,AM,-55.64,-69.2,14.0,Good,Filter Pasif / Bypass
Barat_10km_ETC_84.6Mhz.jpg,barat,10km,ETC,AM,-64.13,-87.05,23.3,Excellent,Low Noise Amplifier (LNA) HF/VHF
Barat_10km_ETC_84.954Mhz.jpg,barat,10km,ETC,Tidak Terdeteksi,,-63.84,0.0,Not detected,Tidak Terdeteksi (N/A)
Barat_10km_ETC_84Mhz.jpg,barat,10km,ETC,Tidak Terdeteksi,,-71.72,0.0,Not detected,Tidak Terdeteksi (N/A)
Barat_10km_ETC_85.1Mhz.jpg,barat,10km,ETC,Tidak Terdeteksi,,-59.42,0.0,Not detected,Tidak Terdeteksi (N/A)
Barat_10km_ETC_85.3Mhz.jpg,barat,10km,ETC,AM,-52.87,-67.69,15.03,Good,Filter Pasif / Bypass
Barat_10km_ETC_85.598Mhz.jpg,barat,10km,ETC,FM,-34.5,-76.78,42.51,Outstanding,Tidak Memerlukan Penguat (Bypass)
Barat_10km_ETC_85.6Mhz.jpg,barat,10km,ETC,Tidak Terdeteksi,,-68.91,0.0,Not detected,Tidak Terdeteksi (N/A)
Barat_10km_ETC_85.776Mhz.jpg,barat,10km,ETC,FM,-30.76,-80.18,49.55,Outstanding,Tidak Memerlukan Penguat (Bypass)
Barat_10km_ETC_85.826Mhz.jpg,barat,10km,ETC,AM,-43.31,-68.22,25.11,Excellent,Filter Pasif / Bypass
Barat_10km_ETC_85.916Mhz.jpg,barat,10km,ETC,AM,-61.46,-83.8,22.43,Excellent,Low Noise Amplifier (LNA) HF/VHF
Barat_10km_ETC_85.9Mhz.jpg,barat,10km,ETC,AM,-42.11,-68.3,26.37,Excellent,Filter Pasif / Bypass
Barat_10km_ETC_85Mhz.jpg,barat,10km,ETC,AM,-53.77,-69.9,16.54,Good,Filter Pasif / Bypass
Barat_10km_ETC_86.4Mhz.jpg,barat,10km,ETC,FM,-32.32,-70.47,38.63,Outstanding,Tidak Memerlukan Penguat (Bypass)
Barat_10km_ETC_86.518Mhz.jpg,barat,10km,ETC,FM,-20.23,-71.94,52.28,Outstanding,Tidak Memerlukan Penguat (Bypass)
Barat_10km_ETC_86.64Mhz.jpg,barat,10km,ETC,FM,-20.0,-65.43,45.78,Outstanding,Tidak Memerlukan Penguat (Bypass)
Barat_10km_ETC_86.7Mhz.jpg,barat,10km,ETC,AM,-40.11,-65.47,25.67,Excellent,Filter Pasif / Bypass
Barat_10km_ETC_86Mhz.jpg,barat,10km,ETC,AM,-43.55,-67.7,24.34,Excellent,Filter Pasif / Bypass
Barat_10km_FM_100.002Mhz.jpg,barat,10km,FM,FM,-28.27,-57.34,29.27,Outstanding,Tidak Memerlukan Penguat (Bypass)
Barat_10km_FM_100.012Mhz.jpg,barat,10km,FM,FM,-28.27,-56.52,28.5,Excellent,Penguat High-Linearity / Attenuator Pasif
Barat_10km_FM_100.01Mhz.jpg,barat,10km,FM,FM,-32.74,-66.89,34.53,Outstanding,Tidak Memerlukan Penguat (Bypass)
Barat_10km_FM_100.1299Mhz.jpg,barat,10km,FM,FM,-56.45,-68.45,12.24,Good,Penguat High-Linearity / Attenuator Pasif
Barat_10km_FM_100Mhz.jpg,barat,10km,FM,FM,-31.56,-57.19,26.43,Excellent,Penguat High-Linearity / Attenuator Pasif
Barat_10km_FM_101.585Mhz.jpg,barat,10km,FM,FM,-28.44,-68.37,40.38,Outstanding,Tidak Memerlukan Penguat (Bypass)
Barat_10km_FM_101.592Mhz.jpg,barat,10km,FM,AM,-45.91,-67.57,21.78,Excellent,Filter Pasif / Bypass
Barat_10km_FM_101Mhz.jpg,barat,10km,FM,FM,-21.43,-58.04,36.79,Outstanding,Tidak Memerlukan Penguat (Bypass)
Barat_10km_FM_102Mhz.jpg,barat,10km,FM,FM,-20.19,-56.15,36.54,Outstanding,Tidak Memerlukan Penguat (Bypass)
Barat_10km_FM_103.213Mhz.jpg,barat,10km,FM,FM,-29.68,-70.33,41.07,Outstanding,Tidak Memerlukan Penguat (Bypass)
Barat_10km_FM_103Mhz.jpg,barat,10km,FM,FM,-22.28,-55.71,33.95,Outstanding,Tidak Memerlukan Penguat (Bypass)
Barat_10km_FM_104.011Mhz.jpg,barat,10km,FM,FM,-28.13,-71.82,44.37,Outstanding,Tidak Memerlukan Penguat (Bypass)
Barat_10km_FM_104.437Mhz.jpg,barat,10km,FM,FM,-28.27,-51.71,24.14,Excellent,Penguat High-Linearity / Attenuator Pasif
Barat_10km_FM_104.757Mhz.jpg,barat,10km,FM,FM,-20.0,-64.23,44.91,Outstanding,Tidak Memerlukan Penguat (Bypass)
Barat_10km_FM_104.782Mhz.jpg,barat,10km,FM,FM,-22.39,-61.09,40.0,Outstanding,Tidak Memerlukan Penguat (Bypass)
Barat_10km_FM_104.795Mhz.jpg,barat,10km,FM,FM,-26.46,-54.88,29.6,Outstanding,Tidak Memerlukan Penguat (Bypass)
Barat_10km_FM_104.812Mhz.jpg,barat,10km,FM,AM,-50.32,-71.47,21.67,Excellent,Filter Pasif / Bypass
Barat_10km_FM_104.81Mhz.jpg,barat,10km,FM,FM,-21.63,-61.31,40.81,Outstanding,Tidak Memerlukan Penguat (Bypass)
Barat_10km_FM_104Mhz.jpg,barat,10km,FM,FM,-28.27,-51.78,25.16,Excellent,Penguat High-Linearity / Attenuator Pasif
Barat_10km_FM_105.585Mhz.jpg,barat,10km,FM,AM,-57.14,-83.95,27.49,Excellent,Filter Pasif / Bypass
Barat_10km_FM_105.589Mhz.jpg,barat,10km,FM,FM,-28.26,-55.92,27.99,Excellent,Penguat High-Linearity / Attenuator Pasif
Barat_10km_FM_105.803Mhz.jpg,barat,10km,FM,AM,-37.09,-60.31,23.56,Excellent,Filter Pasif / Bypass
Barat_10km_FM_105.89Mhz.jpg,barat,10km,FM,FM,-20.0,-63.52,44.43,Outstanding,Tidak Memerlukan Penguat (Bypass)
Barat_10km_FM_105.945Mhz.jpg,barat,10km,FM,FM,-36.52,-59.8,24.45,Excellent,Penguat High-Linearity / Attenuator Pasif
Barat_10km_FM_105.9Mhz.jpg,barat,10km,FM,FM,-28.3,-58.2,31.3,Outstanding,Tidak Memerlukan Penguat (Bypass)
Barat_10km_FM_105Mhz.jpg,barat,10km,FM,AM,-42.1,-65.64,23.82,Excellent,Filter Pasif / Bypass
Barat_10km_FM_106.377Mhz.jpg,barat,10km,FM,AM,-57.28,-84.64,28.01,Excellent,Filter Pasif / Bypass
Barat_10km_FM_106.397Mhz.jpg,barat,10km,FM,FM,-33.5,-61.36,29.2,Outstanding,Tidak Memerlukan Penguat (Bypass)
Barat_10km_FM_106.701Mhz.jpg,barat,10km,FM,AM,-19.47,-74.39,56.37,Outstanding,Tidak Memerlukan Penguat (Bypass)
Barat_10km_FM_106.734Mhz.jpg,barat,10km,FM,FM,-33.18,-61.0,28.97,Excellent,Penguat High-Linearity / Attenuator Pasif
Barat_10km_FM_106Mhz.jpg,barat,10km,FM,AM,-56.12,-84.11,28.7,Excellent,Filter Pasif / Bypass
Barat_10km_FM_107.001Mhz.jpg,barat,10km,FM,AM,-53.21,-74.82,22.67,Excellent,Filter Pasif / Bypass
Barat_10km_FM_107.191Mhz.jpg,barat,10km,FM,AM,-55.53,-75.3,20.77,Excellent,Filter Pasif / Bypass
Barat_10km_FM_107.217Mhz.jpg,barat,10km,FM,FM,-34.58,-60.81,27.13,Excellent,Penguat High-Linearity / Attenuator Pasif
Barat_10km_FM_107Mhz.jpg,barat,10km,FM,FM,-21.08,-53.62,33.37,Outstanding,Tidak Memerlukan Penguat (Bypass)
Barat_10km_FM_108Mhz.jpg,barat,10km,FM,AM,-45.38,-64.18,19.57,Good,Filter Pasif / Bypass
Barat_10km_FM_87.109Mhz.jpg,barat,10km,FM,FM,-20.09,-65.5,46.0,Outstanding,Tidak Memerlukan Penguat (Bypass)
Barat_10km_FM_87.392Mhz.jpg,barat,10km,FM,FM,-20.01,-71.04,51.48,Outstanding,Tidak Memerlukan Penguat (Bypass)
Barat_10km_FM_87.397Mhz.jpg,barat,10km,FM,FM,-21.89,-67.96,47.0,Outstanding,Tidak Memerlukan Penguat (Bypass)
Barat_10km_FM_87.39Mhz.jpg,barat,10km,FM,FM,-28.44,-66.44,38.48,Outstanding,Tidak Memerlukan Penguat (Bypass)
Barat_10km_FM_87.404Mhz.jpg,barat,10km,FM,FM,-20.0,-67.04,47.9,Outstanding,Tidak Memerlukan Penguat (Bypass)
Barat_10km_FM_87.406Mhz.jpg,barat,10km,FM,FM,-28.34,-73.34,45.56,Outstanding,Tidak Memerlukan Penguat (Bypass)
Barat_10km_FM_87.411Mhz.jpg,barat,10km,FM,FM,-22.47,-62.27,40.43,Outstanding,Tidak Memerlukan Penguat (Bypass)
Barat_10km_FM_87.419Mhz.jpg,barat,10km,FM,FM,-20.0,-67.5,47.8,Outstanding,Tidak Memerlukan Penguat (Bypass)
Barat_10km_FM_87.4Mhz.jpg,barat,10km,FM,FM,-20.39,-71.18,51.24,Outstanding,Tidak Memerlukan Penguat (Bypass)
Barat_10km_FM_87.5Mhz.jpg,barat,10km,FM,FM,-30.67,-74.11,43.92,Outstanding,Tidak Memerlukan Penguat (Bypass)
Barat_10km_FM_87.6Mhz.jpg,barat,10km,FM,AM,-41.77,-70.69,29.52,Outstanding,Tidak Memerlukan Penguat (Bypass)
Barat_10km_FM_87.7Mhz.jpg,barat,10km,FM,FM,-30.0,-74.03,44.58,Outstanding,Tidak Memerlukan Penguat (Bypass)
Barat_10km_FM_87Mhz.jpg,barat,10km,FM,FM,-20.0,-65.22,45.55,Outstanding,Tidak Memerlukan Penguat (Bypass)
Barat_10km_FM_88.104Mhz.jpg,barat,10km,FM,FM,-37.92,-72.85,35.27,Outstanding,Tidak Memerlukan Penguat (Bypass)
Barat_10km_FM_88.122Mhz.jpg,barat,10km,FM,FM,-35.1,-69.44,34.77,Outstanding,Tidak Memerlukan Penguat (Bypass)
Barat_10km_FM_88.163Mhz.jpg,barat,10km,FM,FM,-37.29,-71.37,34.35,Outstanding,Tidak Memerlukan Penguat (Bypass)
Barat_10km_FM_88.439Mhz.jpg,barat,10km,FM,FM,-20.32,-62.51,42.75,Outstanding,Tidak Memerlukan Penguat (Bypass)
Barat_10km_FM_88.4Mhz.jpg,barat,10km,FM,AM,-51.22,-80.26,29.31,Outstanding,Tidak Memerlukan Penguat (Bypass)
Barat_10km_FM_88.5Mhz.jpg,barat,10km,FM,AM,-40.83,-71.67,31.38,Outstanding,Tidak Memerlukan Penguat (Bypass)
Barat_10km_FM_88.9Mhz.jpg,barat,10km,FM,AM,-38.39,-69.81,31.84,Outstanding,Tidak Memerlukan Penguat (Bypass)
Barat_10km_FM_88Mhz.jpg,barat,10km,FM,FM,-28.27,-60.09,32.36,Outstanding,Tidak Memerlukan Penguat (Bypass)
Barat_10km_FM_89.006Mhz.jpg,barat,10km,FM,FM,-28.25,-70.44,42.46,Outstanding,Tidak Memerlukan Penguat (Bypass)
Barat_10km_FM_89.013Mhz.jpg,barat,10km,FM,FM,-28.4,-70.91,42.73,Outstanding,Tidak Memerlukan Penguat (Bypass)
Barat_10km_FM_89.789Mhz.jpg,barat,10km,FM,FM,-28.39,-70.53,42.39,Outstanding,Tidak Memerlukan Penguat (Bypass)
Barat_10km_FM_89Mhz.jpg,barat,10km,FM,FM,-30.88,-65.88,36.52,Outstanding,Tidak Memerlukan Penguat (Bypass)
Barat_10km_FM_90.404Mhz.jpg,barat,10km,FM,FM,-21.66,-63.39,42.38,Outstanding,Tidak Memerlukan Penguat (Bypass)
Barat_10km_FM_90.588Mhz.jpg,barat,10km,FM,FM,-23.4,-62.54,39.59,Outstanding,Tidak Memerlukan Penguat (Bypass)
Barat_10km_FM_90Mhz.jpg,barat,10km,FM,FM,-20.0,-87.42,68.62,Outstanding,Tidak Memerlukan Penguat (Bypass)
Barat_10km_FM_91.393Mhz.jpg,barat,10km,FM,FM,-37.09,-76.28,39.65,Outstanding,Tidak Memerlukan Penguat (Bypass)
Barat_10km_FM_91.401Mhz.jpg,barat,10km,FM,FM,-28.27,-74.0,46.44,Outstanding,Tidak Memerlukan Penguat (Bypass)
Barat_10km_FM_91.414Mhz.jpg,barat,10km,FM,FM,-28.27,-64.86,37.47,Outstanding,Tidak Memerlukan Penguat (Bypass)
Barat_10km_FM_91.9Mhz.jpg,barat,10km,FM,FM,-28.27,-69.46,42.2,Outstanding,Tidak Memerlukan Penguat (Bypass)
Barat_10km_FM_91Mhz.jpg,barat,10km,FM,FM,-30.03,-69.25,39.73,Outstanding,Tidak Memerlukan Penguat (Bypass)
Barat_10km_FM_92.307Mhz.jpg,barat,10km,FM,AM,-41.56,-77.28,35.98,Outstanding,Tidak Memerlukan Penguat (Bypass)
Barat_10km_FM_92.314Mhz.jpg,barat,10km,FM,FM,-29.55,-70.26,41.11,Outstanding,Tidak Memerlukan Penguat (Bypass)
Barat_10km_FM_92.5Mhz.jpg,barat,10km,FM,AM,-48.73,-70.6,22.34,Excellent,Filter Pasif / Bypass
Barat_10km_FM_92Mhz.jpg,barat,10km,FM,FM,-20.58,-61.7,41.54,Outstanding,Tidak Memerlukan Penguat (Bypass)
Barat_10km_FM_93.4Mhz.jpg,barat,10km,FM,AM,-44.18,-73.91,30.08,Outstanding,Tidak Memerlukan Penguat (Bypass)
Barat_10km_FM_93Mhz.jpg,barat,10km,FM,AM,-44.87,-73.3,28.75,Excellent,Filter Pasif / Bypass
Barat_10km_FM_94.07Mhz.jpg,barat,10km,FM,FM,-22.85,-57.55,35.07,Outstanding,Tidak Memerlukan Penguat (Bypass)
Barat_10km_FM_94.083Mhz.jpg,barat,10km,FM,AM,-28.27,-72.0,44.0,Outstanding,Tidak Memerlukan Penguat (Bypass)
Barat_10km_FM_94.171Mhz.jpg,barat,10km,FM,FM,-29.22,-61.05,32.24,Outstanding,Tidak Memerlukan Penguat (Bypass)
Barat_10km_FM_94.891Mhz.jpg,barat,10km,FM,FM,-22.61,-58.42,36.29,Outstanding,Tidak Memerlukan Penguat (Bypass)
Barat_10km_FM_94.894Mhz.jpg,barat,10km,FM,FM,-38.79,-73.99,35.53,Outstanding,Tidak Memerlukan Penguat (Bypass)
Barat_10km_FM_94.911Mhz.jpg,barat,10km,FM,FM,-24.43,-70.62,46.74,Outstanding,Tidak Memerlukan Penguat (Bypass)
Barat_10km_FM_94.924Mhz.jpg,barat,10km,FM,AM,-60.0,-81.1,21.31,Excellent,Filter Pasif / Bypass
Barat_10km_FM_94Mhz.jpg,barat,10km,FM,FM,-22.24,-58.08,36.43,Outstanding,Tidak Memerlukan Penguat (Bypass)
Barat_10km_FM_95.3Mhz.jpg,barat,10km,FM,FM,-31.63,-71.75,40.44,Outstanding,Tidak Memerlukan Penguat (Bypass)
Barat_10km_FM_95.434Mhz.jpg,barat,10km,FM,FM,-36.8,-78.57,42.13,Outstanding,Tidak Memerlukan Penguat (Bypass)
Barat_10km_FM_95.5Mhz.jpg,barat,10km,FM,FM,-35.0,-72.48,37.87,Outstanding,Tidak Memerlukan Penguat (Bypass)
Barat_10km_FM_95.688Mhz.jpg,barat,10km,FM,FM,-13.74,-46.4,33.45,Outstanding,Tidak Memerlukan Penguat (Bypass)
Barat_10km_FM_95.715Mhz.jpg,barat,10km,FM,FM,-40.0,-75.16,35.41,Outstanding,Tidak Memerlukan Penguat (Bypass)
Barat_10km_FM_95Mhz.jpg,barat,10km,FM,FM,-25.37,-53.83,28.95,Excellent,Penguat High-Linearity / Attenuator Pasif
Barat_10km_FM_96.01Mhz.jpg,barat,10km,FM,FM,-28.27,-56.58,28.69,Excellent,Penguat High-Linearity / Attenuator Pasif
Barat_10km_FM_96.487Mhz.jpg,barat,10km,FM,FM,-28.25,-56.89,29.24,Outstanding,Tidak Memerlukan Penguat (Bypass)
Barat_10km_FM_96Mhz.jpg,barat,10km,FM,FM,-25.66,-53.45,28.22,Excellent,Penguat High-Linearity / Attenuator Pasif
Barat_10km_FM_97.27Mhz.jpg,barat,10km,FM,FM,-28.28,-56.99,28.99,Excellent,Penguat High-Linearity / Attenuator Pasif
Barat_10km_FM_97.605Mhz.jpg,barat,10km,FM,AM,-35.33,-55.22,20.48,Excellent,Filter Pasif / Bypass
Barat_10km_FM_97Mhz.jpg,barat,10km,FM,AM,-28.68,-46.03,18.0,Good,Filter Pasif / Bypass
Barat_10km_FM_98.187Mhz.jpg,barat,10km,FM,FM,-24.15,-78.34,54.37,Outstanding,Tidak Memerlukan Penguat (Bypass)
Barat_10km_FM_98.204Mhz.jpg,barat,10km,FM,AM,-55.06,-67.95,13.29,Good,Filter Pasif / Bypass
Barat_10km_FM_98.405Mhz.jpg,barat,10km,FM,AM,-37.13,-55.96,19.33,Good,Filter Pasif / Bypass
Barat_10km_FM_98.461Mhz.jpg,barat,10km,FM,AM,-38.93,-79.17,40.46,Outstanding,Tidak Memerlukan Penguat (Bypass)
Barat_10km_FM_98Mhz.jpg,barat,10km,FM,AM,-48.97,-62.05,13.55,Good,Filter Pasif / Bypass
Barat_10km_FM_99.036Mhz.jpg,barat,10km,FM,FM,-20.0,-64.21,44.47,Outstanding,Tidak Memerlukan Penguat (Bypass)
Barat_10km_FM_99.233Mhz.jpg,barat,10km,FM,AM,-39.83,-65.45,25.93,Excellent,Filter Pasif / Bypass
Barat_10km_FM_99.4Mhz.jpg,barat,10km,FM,FM,-32.68,-77.02,44.66,Outstanding,Tidak Memerlukan Penguat (Bypass)
Barat_10km_FM_99.5Mhz.jpg,barat,10km,FM,AM,-46.63,-67.73,21.34,Excellent,Filter Pasif / Bypass
Barat_10km_FM_99.6Mhz.jpg,barat,10km,FM,AM,-54.9,-83.15,28.36,Excellent,Filter Pasif / Bypass
Barat_10km_FM_99.969Mhz.jpg,barat,10km,FM,FM,-28.27,-56.66,28.55,Excellent,Penguat High-Linearity / Attenuator Pasif
Barat_10km_FM_99.988Mhz.jpg,barat,10km,FM,FM,-20.01,-64.27,44.43,Outstanding,Tidak Memerlukan Penguat (Bypass)
Barat_10km_FM_99.9Mhz.jpg,barat,10km,FM,FM,-21.38,-66.18,45.35,Outstanding,Tidak Memerlukan Penguat (Bypass)
Barat_10km_FM_99Mhz.jpg,barat,10km,FM,FM,-33.83,-56.89,23.92,Excellent,Penguat High-Linearity / Attenuator Pasif
Barat_2km_AIRBAND_108.5Mhz.jpg,barat,2km,AM,Tidak Terdeteksi,,-66.77,0.0,Not detected,Tidak Terdeteksi (N/A)
Barat_2km_AIRBAND_108.6Mhz.jpg,barat,2km,AM,Tidak Terdeteksi,,-66.5,0.0,Not detected,Tidak Terdeteksi (N/A)
Barat_2km_AIRBAND_108.7Mhz.jpg,barat,2km,AM,Tidak Terdeteksi,,-67.14,0.0,Not detected,Tidak Terdeteksi (N/A)
Barat_2km_AIRBAND_109.5Mhz.jpg,barat,2km,AM,Tidak Terdeteksi,,-69.16,0.0,Not detected,Tidak Terdeteksi (N/A)
Barat_2km_AIRBAND_109.6Mhz.jpg,barat,2km,AM,Tidak Terdeteksi,,-46.54,0.0,Not detected,Tidak Terdeteksi (N/A)
Barat_2km_AIRBAND_109Mhz.jpg,barat,2km,AM,Tidak Terdeteksi,,-35.57,0.0,Not detected,Tidak Terdeteksi (N/A)
Barat_2km_AIRBAND_110.8Mhz.jpg,barat,2km,AM,Tidak Terdeteksi,,-69.75,0.0,Not detected,Tidak Terdeteksi (N/A)
Barat_2km_AIRBAND_110Mhz.jpg,barat,2km,AM,Tidak Terdeteksi,,-30.09,0.0,Not detected,Tidak Terdeteksi (N/A)
Barat_2km_AIRBAND_111.4Mhz.jpg,barat,2km,AM,Tidak Terdeteksi,,-71.78,0.0,Not detected,Tidak Terdeteksi (N/A)
Barat_2km_AIRBAND_111.633Mhz.jpg,barat,2km,AM,AM,-41.34,-69.39,28.16,Excellent,Filter Pasif / Bypass
Barat_2km_AIRBAND_111.6552Mhz.jpg,barat,2km,AM,Tidak Terdeteksi,,-71.75,0.0,Not detected,Tidak Terdeteksi (N/A)
Barat_2km_AIRBAND_111.8Mhz.jpg,barat,2km,AM,Tidak Terdeteksi,,-71.53,0.0,Not detected,Tidak Terdeteksi (N/A)
Barat_2km_AIRBAND_111.9Mhz.jpg,barat,2km,AM,Tidak Terdeteksi,,-71.75,0.0,Not detected,Tidak Terdeteksi (N/A)
Barat_2km_AIRBAND_112.2Mhz.jpg,barat,2km,AM,Tidak Terdeteksi,,-79.3,0.0,Not detected,Tidak Terdeteksi (N/A)
Barat_2km_AIRBAND_112.3Mhz.jpg,barat,2km,AM,Tidak Terdeteksi,,-72.23,0.0,Not detected,Tidak Terdeteksi (N/A)
Barat_2km_AIRBAND_112.6Mhz.jpg,barat,2km,AM,AM,-66.37,-78.6,12.34,Good,Low Noise Amplifier (LNA) HF/VHF
Barat_2km_AIRBAND_112Mhz.jpg,barat,2km,AM,Tidak Terdeteksi,,-48.02,0.0,Not detected,Tidak Terdeteksi (N/A)
Barat_2km_AIRBAND_113.2Mhz.jpg,barat,2km,AM,Tidak Terdeteksi,,-72.47,0.0,Not detected,Tidak Terdeteksi (N/A)
Barat_2km_AIRBAND_113Mhz.jpg,barat,2km,AM,AM,-31.53,-64.89,33.5,Outstanding,Tidak Memerlukan Penguat (Bypass)
Barat_2km_AIRBAND_114.4Mhz.jpg,barat,2km,AM,Tidak Terdeteksi,,-78.98,0.0,Not detected,Tidak Terdeteksi (N/A)
Barat_2km_AIRBAND_114.839Mhz.jpg,barat,2km,AM,Tidak Terdeteksi,,-44.63,0.0,Not detected,Tidak Terdeteksi (N/A)
Barat_2km_AIRBAND_114.8596Mhz.jpg,barat,2km,AM,FM,-57.53,-81.13,23.85,Excellent,Penguat High-Linearity / Attenuator Pasif
Barat_2km_AIRBAND_114Mhz.jpg,barat,2km,AM,Tidak Terdeteksi,,-71.07,0.0,Not detected,Tidak Terdeteksi (N/A)
Barat_2km_AIRBAND_115.731Mhz.jpg,barat,2km,AM,AM,-52.65,-71.41,18.94,Good,Filter Pasif / Bypass
Barat_2km_AIRBAND_116Mhz.jpg,barat,2km,AM,AM,-51.99,-71.35,19.59,Good,Filter Pasif / Bypass
Barat_2km_AIRBAND_117.839Mhz.jpg,barat,2km,AM,Tidak Terdeteksi,,-84.67,0.0,Not detected,Tidak Terdeteksi (N/A)
Barat_2km_AIRBAND_117Mhz.jpg,barat,2km,AM,Tidak Terdeteksi,,-74.66,0.0,Not detected,Tidak Terdeteksi (N/A)
Barat_2km_AIRBAND_119.828Mhz.jpg,barat,2km,AM,AM,-38.33,-67.67,29.54,Outstanding,Tidak Memerlukan Penguat (Bypass)
Barat_2km_AIRBAND_119.8312Mhz.jpg,barat,2km,AM,FM,-50.13,-88.71,38.76,Outstanding,Tidak Memerlukan Penguat (Bypass)
Barat_2km_AIRBAND_119.8363Mhz.jpg,barat,2km,AM,AM,-46.57,-63.64,17.38,Good,Filter Pasif / Bypass
Barat_2km_AIRBAND_119Mhz.jpg,barat,2km,AM,AM,-39.62,-60.18,20.78,Excellent,Filter Pasif / Bypass
Barat_2km_AIRBAND_120.8085Mhz.jpg,barat,2km,AM,Tidak Terdeteksi,,-50.53,0.0,Not detected,Tidak Terdeteksi (N/A)
Barat_2km_AIRBAND_120Mhz.jpg,barat,2km,AM,Tidak Terdeteksi,,-60.11,0.0,Not detected,Tidak Terdeteksi (N/A)
Barat_2km_AIRBAND_122Mhz.jpg,barat,2km,AM,Tidak Terdeteksi,,-88.27,0.0,Not detected,Tidak Terdeteksi (N/A)
Barat_2km_AIRBAND_124Mhz.jpg,barat,2km,AM,Tidak Terdeteksi,,-89.0,0.0,Not detected,Tidak Terdeteksi (N/A)
Barat_2km_AIRBAND_127Mhz.jpg,barat,2km,AM,Tidak Terdeteksi,,-88.61,0.0,Not detected,Tidak Terdeteksi (N/A)
Barat_2km_AIRBAND_128Mhz.jpg,barat,2km,AM,Tidak Terdeteksi,,-88.98,0.0,Not detected,Tidak Terdeteksi (N/A)
Barat_2km_AIRBAND_130Mhz.jpg,barat,2km,AM,Tidak Terdeteksi,,-58.15,0.0,Not detected,Tidak Terdeteksi (N/A)
Barat_2km_AIRBAND_132Mhz.jpg,barat,2km,AM,Tidak Terdeteksi,,-36.86,0.0,Not detected,Tidak Terdeteksi (N/A)
Barat_2km_AIRBAND_134Mhz.jpg,barat,2km,AM,FM,-70.79,-88.5,17.79,Good,Low Noise Amplifier (LNA) Khusus VHF/FM
Barat_2km_AIRBAND_136Mhz.jpg,barat,2km,AM,Tidak Terdeteksi,,-42.88,0.0,Not detected,Tidak Terdeteksi (N/A)
Barat_2km_ETC_137.001Mhz.jpg,barat,2km,ETC,FM,-31.3,-45.58,14.44,Good,Penguat High-Linearity / Attenuator Pasif
Barat_2km_ETC_138Mhz.jpg,barat,2km,ETC,Tidak Terdeteksi,,-36.67,0.0,Not detected,Tidak Terdeteksi (N/A)
Barat_2km_ETC_140.9Mhz.jpg,barat,2km,ETC,Tidak Terdeteksi,,-63.96,0.0,Not detected,Tidak Terdeteksi (N/A)
Barat_2km_ETC_140Mhz.jpg,barat,2km,ETC,Tidak Terdeteksi,,-88.86,0.0,Not detected,Tidak Terdeteksi (N/A)
Barat_2km_ETC_144Mhz.jpg,barat,2km,ETC,AM,-42.48,-87.78,45.55,Outstanding,Tidak Memerlukan Penguat (Bypass)
Barat_2km_ETC_55Mhz.jpg,barat,2km,ETC,AM,-59.17,-71.59,12.73,Good,Filter Pasif / Bypass
Barat_2km_ETC_69Mhz.jpg,barat,2km,ETC,Tidak Terdeteksi,,-66.91,0.0,Not detected,Tidak Terdeteksi (N/A)
Barat_2km_ETC_83Mhz.jpg,barat,2km,ETC,Tidak Terdeteksi,,-62.02,0.0,Not detected,Tidak Terdeteksi (N/A)
Barat_2km_ETC_84.1Mhz.jpg,barat,2km,ETC,FM,-22.52,-49.66,27.53,Excellent,Penguat High-Linearity / Attenuator Pasif
Barat_2km_ETC_84.703Mhz.jpg,barat,2km,ETC,AM,-49.56,-61.86,12.64,Good,Filter Pasif / Bypass
Barat_2km_ETC_84.781Mhz.jpg,barat,2km,ETC,AM,-57.35,-70.39,13.25,Good,Filter Pasif / Bypass
Barat_2km_ETC_84.8Mhz.jpg,barat,2km,ETC,AM,-68.41,-97.36,29.45,Outstanding,Tidak Memerlukan Penguat (Bypass)
Barat_2km_ETC_84.9Mhz.jpg,barat,2km,ETC,AM,-47.56,-61.94,14.79,Good,Filter Pasif / Bypass
Barat_2km_ETC_85.1Mhz.jpg,barat,2km,ETC,AM,-39.79,-53.05,13.54,Good,Filter Pasif / Bypass
Barat_2km_ETC_85.239Mhz.jpg,barat,2km,ETC,Tidak Terdeteksi,,-74.36,0.0,Not detected,Tidak Terdeteksi (N/A)
Barat_2km_ETC_85.243Mhz.jpg,barat,2km,ETC,AM,-57.53,-75.43,18.22,Good,Filter Pasif / Bypass
Barat_2km_ETC_85.268Mhz.jpg,barat,2km,ETC,AM,-54.49,-70.14,16.02,Good,Filter Pasif / Bypass
Barat_2km_ETC_85.521Mhz.jpg,barat,2km,ETC,AM,-51.22,-65.87,14.98,Good,Filter Pasif / Bypass
Barat_2km_ETC_85.5933Mhz.jpg,barat,2km,ETC,AM,-51.44,-63.93,12.72,Good,Filter Pasif / Bypass
Barat_2km_ETC_85.5Mhz.jpg,barat,2km,ETC,AM,-40.8,-53.85,13.4,Good,Filter Pasif / Bypass
Barat_2km_ETC_85.624Mhz.jpg,barat,2km,ETC,FM,-61.67,-79.03,17.45,Good,Low Noise Amplifier (LNA) Khusus VHF/FM
Barat_2km_ETC_85.633Mhz.jpg,barat,2km,ETC,FM,-52.42,-66.7,14.42,Good,Penguat High-Linearity / Attenuator Pasif
Barat_2km_ETC_85.641Mhz.jpg,barat,2km,ETC,FM,-36.21,-74.17,38.14,Outstanding,Tidak Memerlukan Penguat (Bypass)
Barat_2km_ETC_85.7Mhz.jpg,barat,2km,ETC,Tidak Terdeteksi,,-79.05,0.0,Not detected,Tidak Terdeteksi (N/A)
Barat_2km_ETC_85Mhz.jpg,barat,2km,ETC,Tidak Terdeteksi,,-69.33,0.0,Not detected,Tidak Terdeteksi (N/A)
Barat_2km_ETC_86.1Mhz.jpg,barat,2km,ETC,FM,-34.85,-72.93,38.41,Outstanding,Tidak Memerlukan Penguat (Bypass)
Barat_2km_ETC_86Mhz.jpg,barat,2km,ETC,AM,-41.09,-63.97,23.11,Excellent,Filter Pasif / Bypass
Barat_2km_ETC_unknown.jpg,barat,2km,ETC,FM,-64.16,-89.04,25.01,Excellent,Low Noise Amplifier (LNA) Khusus VHF/FM
Barat_2km_FM_100.0009Mhz.jpg,barat,2km,FM,FM,-26.83,-56.05,29.9,Outstanding,Tidak Memerlukan Penguat (Bypass)
Barat_2km_FM_100.1009Mhz.jpg,barat,2km,FM,FM,-20.62,-59.96,39.76,Outstanding,Tidak Memerlukan Penguat (Bypass)
Barat_2km_FM_100.3Mhz.jpg,barat,2km,FM,FM,-24.52,-53.23,29.25,Outstanding,Tidak Memerlukan Penguat (Bypass)
Barat_2km_FM_100.6009Mhz.jpg,barat,2km,FM,FM,-21.73,-64.83,43.64,Outstanding,Tidak Memerlukan Penguat (Bypass)
Barat_2km_FM_100.8099Mhz.jpg,barat,2km,FM,FM,-32.88,-58.05,25.48,Excellent,Penguat High-Linearity / Attenuator Pasif
Barat_2km_FM_100Mhz.jpg,barat,2km,FM,AM,-31.76,-68.48,36.99,Outstanding,Tidak Memerlukan Penguat (Bypass)
Barat_2km_FM_101.4Mhz.jpg,barat,2km,FM,FM,-11.76,-73.67,62.56,Outstanding,Tidak Memerlukan Penguat (Bypass)
Barat_2km_FM_101.554Mhz.jpg,barat,2km,FM,AM,-30.01,-49.87,20.31,Excellent,Filter Pasif / Bypass
Barat_2km_FM_101.574Mhz.jpg,barat,2km,FM,FM,-30.0,-47.93,18.41,Good,Penguat High-Linearity / Attenuator Pasif
Barat_2km_FM_101.597Mhz.jpg,barat,2km,FM,AM,-30.71,-48.52,18.21,Good,Filter Pasif / Bypass
Barat_2km_FM_101.605Mhz.jpg,barat,2km,FM,AM,-30.0,-41.85,12.57,Good,Filter Pasif / Bypass
Barat_2km_FM_101.606Mhz.jpg,barat,2km,FM,FM,-26.89,-66.86,40.18,Outstanding,Tidak Memerlukan Penguat (Bypass)
Barat_2km_FM_101.6Mhz.jpg,barat,2km,FM,FM,-22.43,-69.79,47.65,Outstanding,Tidak Memerlukan Penguat (Bypass)
Barat_2km_FM_101.8009Mhz.jpg,barat,2km,FM,FM,-25.65,-78.82,53.36,Outstanding,Tidak Memerlukan Penguat (Bypass)
Barat_2km_FM_101.805Mhz.jpg,barat,2km,FM,Tidak Terdeteksi,,-33.22,0.0,Not detected,Tidak Terdeteksi (N/A)
Barat_2km_FM_101.8Mhz.jpg,barat,2km,FM,FM,-29.25,-60.59,31.96,Outstanding,Tidak Memerlukan Penguat (Bypass)
Barat_2km_FM_101Mhz.jpg,barat,2km,FM,FM,-36.44,-48.36,12.23,Good,Penguat High-Linearity / Attenuator Pasif
Barat_2km_FM_102.2Mhz.jpg,barat,2km,FM,FM,-31.87,-63.64,32.13,Outstanding,Tidak Memerlukan Penguat (Bypass)
Barat_2km_FM_102.372Mhz.jpg,barat,2km,FM,Tidak Terdeteksi,,-37.14,0.0,Not detected,Tidak Terdeteksi (N/A)
Barat_2km_FM_102.398Mhz.jpg,barat,2km,FM,FM,-35.84,-65.04,30.26,Outstanding,Tidak Memerlukan Penguat (Bypass)
Barat_2km_FM_102.4Mhz.jpg,barat,2km,FM,FM,-26.99,-67.2,40.62,Outstanding,Tidak Memerlukan Penguat (Bypass)
Barat_2km_FM_102.5Mhz.jpg,barat,2km,FM,FM,-27.02,-70.8,44.18,Outstanding,Tidak Memerlukan Penguat (Bypass)
Barat_2km_FM_102.6Mhz.jpg,barat,2km,FM,FM,-27.13,-58.32,31.56,Outstanding,Tidak Memerlukan Penguat (Bypass)
Barat_2km_FM_102.7Mhz.jpg,barat,2km,FM,AM,-39.37,-57.13,18.17,Good,Filter Pasif / Bypass
Barat_2km_FM_102.8Mhz.jpg,barat,2km,FM,FM,-31.31,-79.06,47.98,Outstanding,Tidak Memerlukan Penguat (Bypass)
Barat_2km_FM_103.4Mhz.jpg,barat,2km,FM,FM,-34.76,-67.7,33.31,Outstanding,Tidak Memerlukan Penguat (Bypass)
Barat_2km_FM_103.7Mhz.jpg,barat,2km,FM,FM,-22.29,-68.65,46.58,Outstanding,Tidak Memerlukan Penguat (Bypass)
Barat_2km_FM_103Mhz.jpg,barat,2km,FM,AM,-38.36,-82.88,44.8,Outstanding,Tidak Memerlukan Penguat (Bypass)
Barat_2km_FM_104.0006Mhz.jpg,barat,2km,FM,AM,-31.76,-59.8,28.36,Excellent,Filter Pasif / Bypass
Barat_2km_FM_104.1Mhz.jpg,barat,2km,FM,FM,-20.81,-66.38,45.97,Outstanding,Tidak Memerlukan Penguat (Bypass)
Barat_2km_FM_104.6Mhz.jpg,barat,2km,FM,FM,-28.31,-66.67,38.66,Outstanding,Tidak Memerlukan Penguat (Bypass)
Barat_2km_FM_104.75Mhz.jpg,barat,2km,FM,FM,-30.0,-48.33,18.72,Good,Penguat High-Linearity / Attenuator Pasif
Barat_2km_FM_104.788Mhz.jpg,barat,2km,FM,AM,-40.0,-55.47,15.74,Good,Filter Pasif / Bypass
Barat_2km_FM_104.807Mhz.jpg,barat,2km,FM,AM,-40.0,-55.94,16.93,Good,Filter Pasif / Bypass
Barat_2km_FM_104.8Mhz.jpg,barat,2km,FM,FM,-27.02,-65.24,38.71,Outstanding,Tidak Memerlukan Penguat (Bypass)
Barat_2km_FM_104.9Mhz.jpg,barat,2km,FM,FM,-28.77,-53.55,27.61,Excellent,Penguat High-Linearity / Attenuator Pasif
Barat_2km_FM_104Mhz.jpg,barat,2km,FM,Tidak Terdeteksi,,-45.36,0.0,Not detected,Tidak Terdeteksi (N/A)
Barat_2km_FM_105.186Mhz.jpg,barat,2km,FM,FM,-40.0,-89.63,49.63,Outstanding,Tidak Memerlukan Penguat (Bypass)
Barat_2km_FM_105.191Mhz.jpg,barat,2km,FM,AM,-40.0,-55.89,16.21,Good,Filter Pasif / Bypass
Barat_2km_FM_105.2Mhz.jpg,barat,2km,FM,FM,-22.92,-64.75,42.1,Outstanding,Tidak Memerlukan Penguat (Bypass)
Barat_2km_FM_105.3Mhz.jpg,barat,2km,FM,FM,-25.6,-62.87,37.78,Outstanding,Tidak Memerlukan Penguat (Bypass)
Barat_2km_FM_105.685Mhz.jpg,barat,2km,FM,FM,-44.52,-74.77,30.75,Outstanding,Tidak Memerlukan Penguat (Bypass)
Barat_2km_FM_105.698Mhz.jpg,barat,2km,FM,AM,-40.0,-57.61,18.04,Good,Filter Pasif / Bypass
Barat_2km_FM_105.69Mhz.jpg,barat,2km,FM,AM,-31.56,-62.11,30.91,Outstanding,Tidak Memerlukan Penguat (Bypass)
Barat_2km_FM_105.6Mhz.jpg,barat,2km,FM,FM,-22.8,-60.16,37.79,Outstanding,Tidak Memerlukan Penguat (Bypass)
Barat_2km_FM_105.706Mhz.jpg,barat,2km,FM,Tidak Terdeteksi,,-46.14,0.0,Not detected,Tidak Terdeteksi (N/A)
Barat_2km_FM_105.709Mhz.jpg,barat,2km,FM,AM,-31.52,-58.59,27.47,Excellent,Filter Pasif / Bypass
Barat_2km_FM_105.7Mhz.jpg,barat,2km,FM,FM,-20.17,-61.53,41.95,Outstanding,Tidak Memerlukan Penguat (Bypass)
Barat_2km_FM_105Mhz.jpg,barat,2km,FM,FM,-40.08,-77.3,37.97,Outstanding,Tidak Memerlukan Penguat (Bypass)
Barat_2km_FM_106.179Mhz.jpg,barat,2km,FM,AM,-31.68,-61.1,29.69,Outstanding,Tidak Memerlukan Penguat (Bypass)
Barat_2km_FM_106.4Mhz.jpg,barat,2km,FM,FM,-27.02,-65.32,38.66,Outstanding,Tidak Memerlukan Penguat (Bypass)
Barat_2km_FM_106.565Mhz.jpg,barat,2km,FM,Tidak Terdeteksi,,-44.19,0.0,Not detected,Tidak Terdeteksi (N/A)
Barat_2km_FM_106Mhz.jpg,barat,2km,FM,Tidak Terdeteksi,,-35.82,0.0,Not detected,Tidak Terdeteksi (N/A)
Barat_2km_FM_107.3Mhz.jpg,barat,2km,FM,Tidak Terdeteksi,,-66.95,0.0,Not detected,Tidak Terdeteksi (N/A)
Barat_2km_FM_107.7Mhz.jpg,barat,2km,FM,Tidak Terdeteksi,,-63.7,0.0,Not detected,Tidak Terdeteksi (N/A)
Barat_2km_FM_107Mhz.jpg,barat,2km,FM,AM,-37.23,-65.39,28.66,Excellent,Filter Pasif / Bypass
Barat_2km_FM_87.015Mhz.jpg,barat,2km,FM,Tidak Terdeteksi,,-73.1,0.0,Not detected,Tidak Terdeteksi (N/A)
Barat_2km_FM_87.383Mhz.jpg,barat,2km,FM,AM,-40.29,-54.07,14.03,Good,Filter Pasif / Bypass
Barat_2km_FM_87.395Mhz.jpg,barat,2km,FM,FM,-20.01,-46.6,26.76,Excellent,Penguat High-Linearity / Attenuator Pasif
Barat_2km_FM_87.404Mhz.jpg,barat,2km,FM,AM,-40.0,-57.34,17.69,Good,Filter Pasif / Bypass
Barat_2km_FM_87.407Mhz.jpg,barat,2km,FM,Tidak Terdeteksi,,-51.13,0.0,Not detected,Tidak Terdeteksi (N/A)
Barat_2km_FM_87.409Mhz.jpg,barat,2km,FM,AM,-30.08,-51.75,21.93,Excellent,Filter Pasif / Bypass
Barat_2km_FM_87.4Mhz.jpg,barat,2km,FM,FM,-36.52,-69.15,32.79,Outstanding,Tidak Memerlukan Penguat (Bypass)
Barat_2km_FM_87Mhz.jpg,barat,2km,FM,Tidak Terdeteksi,,-61.3,0.0,Not detected,Tidak Terdeteksi (N/A)
Barat_2km_FM_88.971Mhz.jpg,barat,2km,FM,FM,-30.0,-62.95,33.21,Outstanding,Tidak Memerlukan Penguat (Bypass)
Barat_2km_FM_88.994Mhz.jpg,barat,2km,FM,Tidak Terdeteksi,,-51.5,0.0,Not detected,Tidak Terdeteksi (N/A)
Barat_2km_FM_88Mhz.jpg,barat,2km,FM,FM,-34.03,-62.64,28.9,Excellent,Penguat High-Linearity / Attenuator Pasif
Barat_2km_FM_89.06Mhz.jpg,barat,2km,FM,FM,-28.81,-71.48,42.93,Outstanding,Tidak Memerlukan Penguat (Bypass)
Barat_2km_FM_89.779Mhz.jpg,barat,2km,FM,FM,-34.06,-71.45,37.78,Outstanding,Tidak Memerlukan Penguat (Bypass)
Barat_2km_FM_89.784Mhz.jpg,barat,2km,FM,FM,-30.0,-54.0,24.33,Excellent,Penguat High-Linearity / Attenuator Pasif
Barat_2km_FM_89.804Mhz.jpg,barat,2km,FM,AM,-40.32,-58.08,18.24,Good,Filter Pasif / Bypass
Barat_2km_FM_89.9Mhz.jpg,barat,2km,FM,AM,-20.38,-72.26,52.08,Outstanding,Tidak Memerlukan Penguat (Bypass)
Barat_2km_FM_89Mhz.jpg,barat,2km,FM,AM,-40.03,-65.77,26.31,Excellent,Filter Pasif / Bypass
Barat_2km_FM_90Mhz.jpg,barat,2km,FM,FM,-40.0,-69.49,29.84,Outstanding,Tidak Memerlukan Penguat (Bypass)
Barat_2km_FM_91.06Mhz.jpg,barat,2km,FM,Tidak Terdeteksi,,-36.38,0.0,Not detected,Tidak Terdeteksi (N/A)
Barat_2km_FM_91.371Mhz.jpg,barat,2km,FM,AM,-46.29,-62.49,16.37,Good,Filter Pasif / Bypass
Barat_2km_FM_91.386Mhz.jpg,barat,2km,FM,Tidak Terdeteksi,,-39.05,0.0,Not detected,Tidak Terdeteksi (N/A)
Barat_2km_FM_91.408Mhz.jpg,barat,2km,FM,AM,-41.3,-67.98,26.88,Excellent,Filter Pasif / Bypass
Barat_2km_FM_91Mhz.jpg,barat,2km,FM,AM,-40.11,-59.76,19.96,Good,Filter Pasif / Bypass
Barat_2km_FM_92.06Mhz.jpg,barat,2km,FM,AM,-31.68,-62.76,31.26,Outstanding,Tidak Memerlukan Penguat (Bypass)
Barat_2km_FM_92.199Mhz.jpg,barat,2km,FM,FM,-26.99,-63.45,37.03,Outstanding,Tidak Memerlukan Penguat (Bypass)
Barat_2km_FM_92.293Mhz.jpg,barat,2km,FM,FM,-43.94,-88.51,44.82,Outstanding,Tidak Memerlukan Penguat (Bypass)
Barat_2km_FM_92.307Mhz.jpg,barat,2km,FM,FM,-27.02,-64.57,38.25,Outstanding,Tidak Memerlukan Penguat (Bypass)
Barat_2km_FM_92.409Mhz.jpg,barat,2km,FM,FM,-28.02,-88.94,61.02,Outstanding,Tidak Memerlukan Penguat (Bypass)
Barat_2km_FM_92.567Mhz.jpg,barat,2km,FM,FM,-25.73,-70.15,44.94,Outstanding,Tidak Memerlukan Penguat (Bypass)
Barat_2km_FM_92.578Mhz.jpg,barat,2km,FM,FM,-20.01,-72.14,52.5,Outstanding,Tidak Memerlukan Penguat (Bypass)
Barat_2km_FM_92.598Mhz.jpg,barat,2km,FM,FM,-23.66,-71.06,47.74,Outstanding,Tidak Memerlukan Penguat (Bypass)
Barat_2km_FM_92.617Mhz.jpg,barat,2km,FM,FM,-22.93,-69.19,46.84,Outstanding,Tidak Memerlukan Penguat (Bypass)
Barat_2km_FM_92.627Mhz.jpg,barat,2km,FM,FM,-20.0,-88.76,69.0,Outstanding,Tidak Memerlukan Penguat (Bypass)
Barat_2km_FM_92Mhz.jpg,barat,2km,FM,Tidak Terdeteksi,,-39.69,0.0,Not detected,Tidak Terdeteksi (N/A)
Barat_2km_FM_93.268Mhz.jpg,barat,2km,FM,Tidak Terdeteksi,,-28.14,0.0,Not detected,Tidak Terdeteksi (N/A)
Barat_2km_FM_93.289Mhz.jpg,barat,2km,FM,FM,-30.19,-60.77,30.76,Outstanding,Tidak Memerlukan Penguat (Bypass)
Barat_2km_FM_93.305Mhz.jpg,barat,2km,FM,Tidak Terdeteksi,,-35.2,0.0,Not detected,Tidak Terdeteksi (N/A)
Barat_2km_FM_93.3Mhz.jpg,barat,2km,FM,AM,-48.07,-65.95,18.21,Good,Filter Pasif / Bypass
Barat_2km_FM_93.4Mhz.jpg,barat,2km,FM,FM,-31.43,-74.37,43.4,Outstanding,Tidak Memerlukan Penguat (Bypass)
Barat_2km_FM_93.8Mhz.jpg,barat,2km,FM,FM,-31.52,-73.66,42.35,Outstanding,Tidak Memerlukan Penguat (Bypass)
Barat_2km_FM_93Mhz.jpg,barat,2km,FM,AM,-31.51,-63.02,31.78,Outstanding,Tidak Memerlukan Penguat (Bypass)
Barat_2km_FM_94.06Mhz.jpg,barat,2km,FM,AM,-40.02,-87.82,48.05,Outstanding,Tidak Memerlukan Penguat (Bypass)
Barat_2km_FM_94.104Mhz.jpg,barat,2km,FM,AM,-37.61,-64.16,26.93,Excellent,Filter Pasif / Bypass
Barat_2km_FM_94.119Mhz.jpg,barat,2km,FM,AM,-41.29,-67.06,25.92,Excellent,Filter Pasif / Bypass
Barat_2km_FM_94.154Mhz.jpg,barat,2km,FM,AM,-37.2,-63.37,26.68,Excellent,Filter Pasif / Bypass
Barat_2km_FM_94.1Mhz.jpg,barat,2km,FM,FM,-31.04,-78.93,48.06,Outstanding,Tidak Memerlukan Penguat (Bypass)
Barat_2km_FM_94.4Mhz.jpg,barat,2km,FM,FM,-30.62,-69.03,38.55,Outstanding,Tidak Memerlukan Penguat (Bypass)
Barat_2km_FM_94.7Mhz.jpg,barat,2km,FM,FM,-31.91,-72.88,41.3,Outstanding,Tidak Memerlukan Penguat (Bypass)
Barat_2km_FM_94.885Mhz.jpg,barat,2km,FM,FM,-30.0,-41.58,12.11,Good,Penguat High-Linearity / Attenuator Pasif
Barat_2km_FM_94.8Mhz.jpg,barat,2km,FM,AM,-20.38,-74.81,54.7,Outstanding,Tidak Memerlukan Penguat (Bypass)
Barat_2km_FM_94Mhz.jpg,barat,2km,FM,Tidak Terdeteksi,,-46.0,0.0,Not detected,Tidak Terdeteksi (N/A)
Barat_2km_FM_95.2Mhz.jpg,barat,2km,FM,FM,-33.81,-66.55,33.06,Outstanding,Tidak Memerlukan Penguat (Bypass)
Barat_2km_FM_95.5Mhz.jpg,barat,2km,FM,FM,-21.01,-60.23,39.72,Outstanding,Tidak Memerlukan Penguat (Bypass)
Barat_2km_FM_95.654Mhz.jpg,barat,2km,FM,AM,-81.0,-95.41,14.6,Good,Low Noise Amplifier (LNA) HF/VHF
Barat_2km_FM_95.687Mhz.jpg,barat,2km,FM,FM,-21.3,-43.25,22.37,Excellent,Penguat High-Linearity / Attenuator Pasif
Barat_2km_FM_95.694Mhz.jpg,barat,2km,FM,Tidak Terdeteksi,,-49.26,0.0,Not detected,Tidak Terdeteksi (N/A)
Barat_2km_FM_95.696Mhz.jpg,barat,2km,FM,AM,-40.0,-56.85,17.32,Good,Filter Pasif / Bypass
Barat_2km_FM_95.7Mhz.jpg,barat,2km,FM,FM,-20.22,-57.93,38.72,Outstanding,Tidak Memerlukan Penguat (Bypass)
Barat_2km_FM_95.8Mhz.jpg,barat,2km,FM,AM,-39.4,-61.99,23.5,Excellent,Filter Pasif / Bypass
Barat_2km_FM_95Mhz.jpg,barat,2km,FM,FM,-26.92,-51.28,24.79,Excellent,Penguat High-Linearity / Attenuator Pasif
Barat_2km_FM_96.475Mhz.jpg,barat,2km,FM,FM,-20.0,-31.43,13.37,Good,Penguat High-Linearity / Attenuator Pasif
Barat_2km_FM_96.485Mhz.jpg,barat,2km,FM,Tidak Terdeteksi,,-36.52,0.0,Not detected,Tidak Terdeteksi (N/A)
Barat_2km_FM_96.488Mhz.jpg,barat,2km,FM,AM,-30.0,-46.49,16.76,Good,Filter Pasif / Bypass
Barat_2km_FM_96.4Mhz.jpg,barat,2km,FM,FM,-22.45,-57.2,35.14,Outstanding,Tidak Memerlukan Penguat (Bypass)
Barat_2km_FM_96.512Mhz.jpg,barat,2km,FM,FM,-30.0,-46.4,17.09,Good,Penguat High-Linearity / Attenuator Pasif
Barat_2km_FM_96.5Mhz.jpg,barat,2km,FM,AM,-40.0,-51.62,12.26,Good,Filter Pasif / Bypass
Barat_2km_FM_96.6Mhz.jpg,barat,2km,FM,FM,-27.02,-57.61,30.99,Outstanding,Tidak Memerlukan Penguat (Bypass)
Barat_2km_FM_96.8Mhz.jpg,barat,2km,FM,FM,-26.63,-55.3,29.04,Outstanding,Tidak Memerlukan Penguat (Bypass)
Barat_2km_FM_96Mhz.jpg,barat,2km,FM,Tidak Terdeteksi,,-30.0,0.0,Not detected,Tidak Terdeteksi (N/A)
Barat_2km_FM_97.273Mhz.jpg,barat,2km,FM,AM,-80.0,-109.43,29.71,Outstanding,Tidak Memerlukan Penguat (Bypass)
Barat_2km_FM_97.292Mhz.jpg,barat,2km,FM,FM,-30.04,-47.65,18.12,Good,Penguat High-Linearity / Attenuator Pasif
Barat_2km_FM_97.2Mhz.jpg,barat,2km,FM,FM,-28.25,-52.41,24.66,Excellent,Penguat High-Linearity / Attenuator Pasif
Barat_2km_FM_97.305Mhz.jpg,barat,2km,FM,Tidak Terdeteksi,,-55.92,0.0,Not detected,Tidak Terdeteksi (N/A)
Barat_2km_FM_97.3Mhz.jpg,barat,2km,FM,FM,-27.06,-52.14,25.68,Excellent,Penguat High-Linearity / Attenuator Pasif
Barat_2km_FM_97.4Mhz.jpg,barat,2km,FM,FM,-26.62,-51.54,25.47,Excellent,Penguat High-Linearity / Attenuator Pasif
Barat_2km_FM_97.512Mhz.jpg,barat,2km,FM,FM,-30.0,-49.87,20.14,Excellent,Penguat High-Linearity / Attenuator Pasif
Barat_2km_FM_97.6Mhz.jpg,barat,2km,FM,FM,-28.73,-53.38,25.56,Excellent,Penguat High-Linearity / Attenuator Pasif
Barat_2km_FM_97.8Mhz.jpg,barat,2km,FM,FM,-26.79,-52.31,25.88,Excellent,Penguat High-Linearity / Attenuator Pasif
Barat_2km_FM_97Mhz.jpg,barat,2km,FM,AM,-40.0,-52.84,13.51,Good,Filter Pasif / Bypass
Barat_2km_FM_98.06Mhz.jpg,barat,2km,FM,Tidak Terdeteksi,,-73.55,0.0,Not detected,Tidak Terdeteksi (N/A)
Barat_2km_FM_98.118Mhz.jpg,barat,2km,FM,FM,-30.0,-54.22,24.69,Excellent,Penguat High-Linearity / Attenuator Pasif
Barat_2km_FM_98.1Mhz.jpg,barat,2km,FM,FM,-21.71,-49.9,28.68,Excellent,Penguat High-Linearity / Attenuator Pasif
Barat_2km_FM_98.2Mhz.jpg,barat,2km,FM,FM,-27.36,-51.95,25.31,Excellent,Penguat High-Linearity / Attenuator Pasif
Barat_2km_FM_98.4Mhz.jpg,barat,2km,FM,FM,-22.03,-50.06,28.47,Excellent,Penguat High-Linearity / Attenuator Pasif
Barat_2km_FM_98.656Mhz.jpg,barat,2km,FM,Tidak Terdeteksi,,-94.09,0.0,Not detected,Tidak Terdeteksi (N/A)
Barat_2km_FM_98.9Mhz.jpg,barat,2km,FM,FM,-28.19,-56.6,28.89,Excellent,Penguat High-Linearity / Attenuator Pasif
Barat_2km_FM_98Mhz.jpg,barat,2km,FM,AM,-32.35,-49.38,17.5,Good,Filter Pasif / Bypass
Barat_2km_FM_99.447Mhz.jpg,barat,2km,FM,FM,-20.0,-33.85,14.22,Good,Penguat High-Linearity / Attenuator Pasif
Barat_2km_FM_99.4Mhz.jpg,barat,2km,FM,FM,-27.02,-50.24,23.71,Excellent,Penguat High-Linearity / Attenuator Pasif
Barat_2km_FM_99.6Mhz.jpg,barat,2km,FM,FM,-20.0,-70.37,50.83,Outstanding,Tidak Memerlukan Penguat (Bypass)
Barat_2km_FM_99.9Mhz.jpg,barat,2km,FM,FM,-20.27,-63.11,43.54,Outstanding,Tidak Memerlukan Penguat (Bypass)
Barat_4km_AIRBAND_108.0006Mhz.jpg,barat,4km,AM,Tidak Terdeteksi,,-123.17,0.0,Not detected,Tidak Terdeteksi (N/A)
Barat_4km_AIRBAND_108.0013Mhz.jpg,barat,4km,AM,Tidak Terdeteksi,,-93.53,0.0,Not detected,Tidak Terdeteksi (N/A)
Barat_4km_AIRBAND_110Mhz.jpg,barat,4km,AM,Tidak Terdeteksi,,-62.88,0.0,Not detected,Tidak Terdeteksi (N/A)
Barat_4km_AIRBAND_111.6407Mhz.jpg,barat,4km,AM,AM,-32.18,-66.73,35.1,Outstanding,Tidak Memerlukan Penguat (Bypass)
Barat_4km_AIRBAND_111.6589Mhz.jpg,barat,4km,AM,Tidak Terdeteksi,,-66.59,0.0,Not detected,Tidak Terdeteksi (N/A)
Barat_4km_AIRBAND_112Mhz.jpg,barat,4km,AM,AM,-45.89,-65.23,19.49,Good,Filter Pasif / Bypass
Barat_4km_AIRBAND_113Mhz.jpg,barat,4km,AM,Tidak Terdeteksi,,-66.7,0.0,Not detected,Tidak Terdeteksi (N/A)
Barat_4km_AIRBAND_115Mhz.jpg,barat,4km,AM,Tidak Terdeteksi,,-63.86,0.0,Not detected,Tidak Terdeteksi (N/A)
Barat_4km_AIRBAND_117.3625Mhz.jpg,barat,4km,AM,Tidak Terdeteksi,,-64.77,0.0,Not detected,Tidak Terdeteksi (N/A)
Barat_4km_AIRBAND_117Mhz.jpg,barat,4km,AM,Tidak Terdeteksi,,-60.9,0.0,Not detected,Tidak Terdeteksi (N/A)
Barat_4km_AIRBAND_118Mhz.jpg,barat,4km,AM,Tidak Terdeteksi,,-55.8,0.0,Not detected,Tidak Terdeteksi (N/A)
Barat_4km_AIRBAND_119.8231Mhz.jpg,barat,4km,AM,Tidak Terdeteksi,,-87.7,0.0,Not detected,Tidak Terdeteksi (N/A)
Barat_4km_AIRBAND_119Mhz.jpg,barat,4km,AM,AM,-43.59,-66.94,23.46,Excellent,Filter Pasif / Bypass
Barat_4km_AIRBAND_120Mhz.jpg,barat,4km,AM,Tidak Terdeteksi,,-67.55,0.0,Not detected,Tidak Terdeteksi (N/A)
Barat_4km_AIRBAND_121Mhz.jpg,barat,4km,AM,Tidak Terdeteksi,,-68.16,0.0,Not detected,Tidak Terdeteksi (N/A)
Barat_4km_AIRBAND_123Mhz.jpg,barat,4km,AM,AM,-47.81,-62.75,15.23,Good,Filter Pasif / Bypass
Barat_4km_AIRBAND_124Mhz.jpg,barat,4km,AM,FM,-58.72,-72.74,14.18,Good,Penguat High-Linearity / Attenuator Pasif
Barat_4km_AIRBAND_127Mhz.jpg,barat,4km,AM,Tidak Terdeteksi,,-67.06,0.0,Not detected,Tidak Terdeteksi (N/A)
Barat_4km_AIRBAND_130.0006Mhz.jpg,barat,4km,AM,Tidak Terdeteksi,,-105.94,0.0,Not detected,Tidak Terdeteksi (N/A)
Barat_4km_AIRBAND_130Mhz.jpg,barat,4km,AM,Tidak Terdeteksi,,-86.5,0.0,Not detected,Tidak Terdeteksi (N/A)
Barat_4km_AIRBAND_131.2731Mhz.jpg,barat,4km,AM,Tidak Terdeteksi,,-75.09,0.0,Not detected,Tidak Terdeteksi (N/A)
Barat_4km_AIRBAND_132Mhz.jpg,barat,4km,AM,Tidak Terdeteksi,,-45.46,0.0,Not detected,Tidak Terdeteksi (N/A)
Barat_4km_AIRBAND_133Mhz.jpg,barat,4km,AM,Tidak Terdeteksi,,-70.41,0.0,Not detected,Tidak Terdeteksi (N/A)
Barat_4km_AIRBAND_136.0006Mhz.jpg,barat,4km,AM,Tidak Terdeteksi,,-75.83,0.0,Not detected,Tidak Terdeteksi (N/A)
Barat_4km_AIRBAND_136Mhz.jpg,barat,4km,AM,Tidak Terdeteksi,,-149.95,0.0,Not detected,Tidak Terdeteksi (N/A)
Barat_4km_AIRBAND_137Mhz.jpg,barat,4km,AM,Tidak Terdeteksi,,-58.44,0.0,Not detected,Tidak Terdeteksi (N/A)
Barat_4km_ETC_137.7034Mhz.jpg,barat,4km,ETC,Tidak Terdeteksi,,-67.53,0.0,Not detected,Tidak Terdeteksi (N/A)
Barat_4km_ETC_138.8257Mhz.jpg,barat,4km,ETC,Tidak Terdeteksi,,-64.67,0.0,Not detected,Tidak Terdeteksi (N/A)
Barat_4km_ETC_138Mhz.jpg,barat,4km,ETC,Tidak Terdeteksi,,-68.88,0.0,Not detected,Tidak Terdeteksi (N/A)
Barat_4km_ETC_141Mhz.jpg,barat,4km,ETC,FM,-39.12,-60.0,21.07,Excellent,Penguat High-Linearity / Attenuator Pasif
Barat_4km_ETC_143Mhz.jpg,barat,4km,ETC,Tidak Terdeteksi,,-68.02,0.0,Not detected,Tidak Terdeteksi (N/A)
Barat_4km_ETC_144Mhz.jpg,barat,4km,ETC,Tidak Terdeteksi,,-68.29,0.0,Not detected,Tidak Terdeteksi (N/A)
Barat_4km_ETC_147.6344Mhz.jpg,barat,4km,ETC,FM,-40.5,-72.0,31.74,Outstanding,Tidak Memerlukan Penguat (Bypass)
Barat_4km_ETC_147.777Mhz.jpg,barat,4km,ETC,AM,-89.92,-105.4,15.61,Good,Low Noise Amplifier (LNA) HF/VHF
Barat_4km_ETC_147.7791Mhz.jpg,barat,4km,ETC,FM,-50.39,-80.44,30.29,Outstanding,Tidak Memerlukan Penguat (Bypass)
Barat_4km_ETC_147Mhz.jpg,barat,4km,ETC,AM,-52.06,-70.94,19.14,Good,Filter Pasif / Bypass
Barat_4km_ETC_148Mhz.jpg,barat,4km,ETC,FM,-59.26,-90.71,31.75,Outstanding,Tidak Memerlukan Penguat (Bypass)
Barat_4km_ETC_150Mhz.jpg,barat,4km,ETC,Tidak Terdeteksi,,-60.64,0.0,Not detected,Tidak Terdeteksi (N/A)
Barat_4km_ETC_79.5131Mhz.jpg,barat,4km,ETC,FM,-44.37,-73.97,30.03,Outstanding,Tidak Memerlukan Penguat (Bypass)
Barat_4km_ETC_80Mhz.jpg,barat,4km,ETC,AM,-55.06,-66.98,12.41,Good,Filter Pasif / Bypass
Barat_4km_ETC_82.84Mhz.jpg,barat,4km,ETC,FM,-22.06,-55.71,33.96,Outstanding,Tidak Memerlukan Penguat (Bypass)
Barat_4km_ETC_82Mhz.jpg,barat,4km,ETC,Tidak Terdeteksi,,-74.13,0.0,Not detected,Tidak Terdeteksi (N/A)
Barat_4km_ETC_83.936Mhz.jpg,barat,4km,ETC,FM,-27.09,-58.95,32.19,Outstanding,Tidak Memerlukan Penguat (Bypass)
Barat_4km_ETC_83.976Mhz.jpg,barat,4km,ETC,FM,-25.89,-61.6,36.34,Outstanding,Tidak Memerlukan Penguat (Bypass)
Barat_4km_ETC_85.031Mhz.jpg,barat,4km,ETC,Tidak Terdeteksi,,-58.79,0.0,Not detected,Tidak Terdeteksi (N/A)
Barat_4km_ETC_85.16Mhz.jpg,barat,4km,ETC,FM,-20.0,-79.61,59.61,Outstanding,Tidak Memerlukan Penguat (Bypass)
Barat_4km_ETC_85.376Mhz.jpg,barat,4km,ETC,Tidak Terdeteksi,,-96.77,0.0,Not detected,Tidak Terdeteksi (N/A)
Barat_4km_ETC_85.5Mhz.jpg,barat,4km,ETC,AM,-54.89,-67.57,13.1,Good,Filter Pasif / Bypass
Barat_4km_ETC_85.66Mhz.jpg,barat,4km,ETC,AM,-39.75,-68.83,29.25,Outstanding,Tidak Memerlukan Penguat (Bypass)
Barat_4km_ETC_85.6906Mhz.jpg,barat,4km,ETC,Tidak Terdeteksi,,-89.7,0.0,Not detected,Tidak Terdeteksi (N/A)
Barat_4km_ETC_85.6Mhz.jpg,barat,4km,ETC,AM,-40.93,-69.4,28.52,Excellent,Filter Pasif / Bypass
Barat_4km_ETC_85.76Mhz.jpg,barat,4km,ETC,FM,-29.75,-117.42,88.07,Outstanding,Tidak Memerlukan Penguat (Bypass)
Barat_4km_ETC_85.8032Mhz.jpg,barat,4km,ETC,AM,-51.49,-69.18,17.97,Good,Filter Pasif / Bypass
Barat_4km_ETC_85.909Mhz.jpg,barat,4km,ETC,Tidak Terdeteksi,,-66.55,0.0,Not detected,Tidak Terdeteksi (N/A)
Barat_4km_ETC_85.96Mhz.jpg,barat,4km,ETC,FM,-20.81,-64.39,44.02,Outstanding,Tidak Memerlukan Penguat (Bypass)
Barat_4km_ETC_85Mhz.jpg,barat,4km,ETC,Tidak Terdeteksi,,-56.33,0.0,Not detected,Tidak Terdeteksi (N/A)
Barat_4km_ETC_86.26Mhz.jpg,barat,4km,ETC,FM,-30.0,-51.94,22.24,Excellent,Penguat High-Linearity / Attenuator Pasif
Barat_4km_ETC_86Mhz.jpg,barat,4km,ETC,Tidak Terdeteksi,,-107.01,0.0,Not detected,Tidak Terdeteksi (N/A)
Barat_4km_ETC_unknown.jpg,barat,4km,ETC,Error,,-50.0,0.0,Error,Error
Barat_4km_FM_100.0006Mhz.jpg,barat,4km,FM,FM,-51.35,-97.7,47.19,Outstanding,Tidak Memerlukan Penguat (Bypass)
Barat_4km_FM_100.0009Mhz.jpg,barat,4km,FM,AM,-50.0,-73.85,24.23,Excellent,Filter Pasif / Bypass
Barat_4km_FM_100.009Mhz.jpg,barat,4km,FM,FM,-27.11,-64.77,38.51,Outstanding,Tidak Memerlukan Penguat (Bypass)
Barat_4km_FM_100.101Mhz.jpg,barat,4km,FM,AM,-37.14,-67.12,30.53,Outstanding,Tidak Memerlukan Penguat (Bypass)
Barat_4km_FM_100.161Mhz.jpg,barat,4km,FM,FM,-20.18,-71.41,51.57,Outstanding,Tidak Memerlukan Penguat (Bypass)
Barat_4km_FM_100.165Mhz.jpg,barat,4km,FM,FM,-58.95,-172.8,114.07,Outstanding,Tidak Memerlukan Penguat (Bypass)
Barat_4km_FM_100.178Mhz.jpg,barat,4km,FM,AM,-44.03,-98.14,56.47,Outstanding,Tidak Memerlukan Penguat (Bypass)
Barat_4km_FM_100.188Mhz.jpg,barat,4km,FM,FM,-49.48,-106.31,56.96,Outstanding,Tidak Memerlukan Penguat (Bypass)
Barat_4km_FM_100.3392Mhz.jpg,barat,4km,FM,FM,-59.02,-99.74,41.0,Outstanding,Tidak Memerlukan Penguat (Bypass)
Barat_4km_FM_100Mhz.jpg,barat,4km,FM,Tidak Terdeteksi,,-60.64,0.0,Not detected,Tidak Terdeteksi (N/A)
Barat_4km_FM_101.593Mhz.jpg,barat,4km,FM,FM,-52.78,-142.35,90.19,Outstanding,Tidak Memerlukan Penguat (Bypass)
Barat_4km_FM_101.658Mhz.jpg,barat,4km,FM,FM,-22.77,-78.51,56.02,Outstanding,Tidak Memerlukan Penguat (Bypass)
Barat_4km_FM_101.937Mhz.jpg,barat,4km,FM,AM,-52.18,-74.78,22.88,Excellent,Filter Pasif / Bypass
Barat_4km_FM_101Mhz.jpg,barat,4km,FM,FM,-25.14,-44.64,20.76,Excellent,Penguat High-Linearity / Attenuator Pasif
Barat_4km_FM_102.357Mhz.jpg,barat,4km,FM,AM,-67.72,-94.61,27.55,Excellent,Low Noise Amplifier (LNA) HF/VHF
Barat_4km_FM_102.385Mhz.jpg,barat,4km,FM,FM,-33.58,-69.91,37.05,Outstanding,Tidak Memerlukan Penguat (Bypass)
Barat_4km_FM_102.388Mhz.jpg,barat,4km,FM,FM,-51.48,-143.96,93.1,Outstanding,Tidak Memerlukan Penguat (Bypass)
Barat_4km_FM_102Mhz.jpg,barat,4km,FM,AM,-53.51,-73.13,19.86,Good,Filter Pasif / Bypass
Barat_4km_FM_103.994Mhz.jpg,barat,4km,FM,FM,-59.94,-100.89,41.43,Outstanding,Tidak Memerlukan Penguat (Bypass)
Barat_4km_FM_103Mhz.jpg,barat,4km,FM,FM,-76.61,-89.32,12.79,Good,Low Noise Amplifier (LNA) Khusus VHF/FM
Barat_4km_FM_104.0006Mhz.jpg,barat,4km,FM,FM,-72.76,-138.41,65.98,Outstanding,Tidak Memerlukan Penguat (Bypass)
Barat_4km_FM_104.276Mhz.jpg,barat,4km,FM,FM,-51.96,-132.84,81.99,Outstanding,Tidak Memerlukan Penguat (Bypass)
Barat_4km_FM_104.506Mhz.jpg,barat,4km,FM,FM,-41.81,-80.11,38.97,Outstanding,Tidak Memerlukan Penguat (Bypass)
Barat_4km_FM_104.794Mhz.jpg,barat,4km,FM,FM,-27.1,-67.29,40.61,Outstanding,Tidak Memerlukan Penguat (Bypass)
Barat_4km_FM_104.798Mhz.jpg,barat,4km,FM,AM,-53.0,-86.27,33.84,Outstanding,Tidak Memerlukan Penguat (Bypass)
Barat_4km_FM_104.803Mhz.jpg,barat,4km,FM,AM,-55.01,-75.03,20.17,Excellent,Filter Pasif / Bypass
Barat_4km_FM_104.806Mhz.jpg,barat,4km,FM,FM,-30.7,-68.44,38.4,Outstanding,Tidak Memerlukan Penguat (Bypass)
Barat_4km_FM_104.812Mhz.jpg,barat,4km,FM,FM,-22.63,-59.91,38.64,Outstanding,Tidak Memerlukan Penguat (Bypass)
Barat_4km_FM_104.8236Mhz.jpg,barat,4km,FM,AM,-94.22,-111.38,17.72,Good,Low Noise Amplifier (LNA) HF/VHF
Barat_4km_FM_104.823Mhz.jpg,barat,4km,FM,FM,-66.81,-122.08,55.55,Outstanding,Tidak Memerlukan Penguat (Bypass)
Barat_4km_FM_104.888Mhz.jpg,barat,4km,FM,FM,-39.05,-89.32,50.28,Outstanding,Tidak Memerlukan Penguat (Bypass)
Barat_4km_FM_104Mhz.jpg,barat,4km,FM,FM,-35.27,-74.51,40.01,Outstanding,Tidak Memerlukan Penguat (Bypass)
Barat_4km_FM_105.4Mhz.jpg,barat,4km,FM,FM,-30.32,-67.59,38.03,Outstanding,Tidak Memerlukan Penguat (Bypass)
Barat_4km_FM_105.5Mhz.jpg,barat,4km,FM,AM,-44.78,-66.2,21.64,Excellent,Filter Pasif / Bypass
Barat_4km_FM_105.692Mhz.jpg,barat,4km,FM,FM,-24.86,-43.29,18.96,Good,Penguat High-Linearity / Attenuator Pasif
Barat_4km_FM_105Mhz.jpg,barat,4km,FM,FM,-27.11,-62.66,36.23,Outstanding,Tidak Memerlukan Penguat (Bypass)
Barat_4km_FM_106Mhz.jpg,barat,4km,FM,AM,-82.71,-103.37,20.99,Excellent,Low Noise Amplifier (LNA) HF/VHF
Barat_4km_FM_108Mhz.jpg,barat,4km,FM,AM,-21.18,-69.81,48.92,Outstanding,Tidak Memerlukan Penguat (Bypass)
Barat_4km_FM_87.375Mhz.jpg,barat,4km,FM,FM,-83.72,-103.04,19.44,Good,Low Noise Amplifier (LNA) Khusus VHF/FM
Barat_4km_FM_87.377Mhz.jpg,barat,4km,FM,FM,-20.0,-61.16,41.68,Outstanding,Tidak Memerlukan Penguat (Bypass)
Barat_4km_FM_87.392Mhz.jpg,barat,4km,FM,FM,-20.0,-65.77,46.05,Outstanding,Tidak Memerlukan Penguat (Bypass)
Barat_4km_FM_87.396Mhz.jpg,barat,4km,FM,FM,-27.04,-65.82,39.11,Outstanding,Tidak Memerlukan Penguat (Bypass)
Barat_4km_FM_87.398Mhz.jpg,barat,4km,FM,AM,-49.75,-93.14,43.67,Outstanding,Tidak Memerlukan Penguat (Bypass)
Barat_4km_FM_87.401Mhz.jpg,barat,4km,FM,FM,-20.0,-66.93,47.18,Outstanding,Tidak Memerlukan Penguat (Bypass)
Barat_4km_FM_87.402Mhz.jpg,barat,4km,FM,FM,-20.06,-65.76,46.02,Outstanding,Tidak Memerlukan Penguat (Bypass)
Barat_4km_FM_87.4Mhz.jpg,barat,4km,FM,AM,-52.91,-67.97,15.15,Good,Filter Pasif / Bypass
Barat_4km_FM_87.561Mhz.jpg,barat,4km,FM,FM,-27.13,-65.34,38.55,Outstanding,Tidak Memerlukan Penguat (Bypass)
Barat_4km_FM_87.6Mhz.jpg,barat,4km,FM,FM,-28.13,-72.67,45.26,Outstanding,Tidak Memerlukan Penguat (Bypass)
Barat_4km_FM_87.7Mhz.jpg,barat,4km,FM,FM,-29.96,-70.44,40.74,Outstanding,Tidak Memerlukan Penguat (Bypass)
Barat_4km_FM_87.86Mhz.jpg,barat,4km,FM,FM,-26.96,-65.96,39.46,Outstanding,Tidak Memerlukan Penguat (Bypass)
Barat_4km_FM_87Mhz.jpg,barat,4km,FM,FM,-20.48,-46.2,27.61,Excellent,Penguat High-Linearity / Attenuator Pasif
Barat_4km_FM_88.06Mhz.jpg,barat,4km,FM,FM,-28.24,-87.65,59.71,Outstanding,Tidak Memerlukan Penguat (Bypass)
Barat_4km_FM_88.2Mhz.jpg,barat,4km,FM,FM,-30.08,-72.47,42.72,Outstanding,Tidak Memerlukan Penguat (Bypass)
Barat_4km_FM_88.36Mhz.jpg,barat,4km,FM,FM,-20.0,-62.3,42.81,Outstanding,Tidak Memerlukan Penguat (Bypass)
Barat_4km_FM_88.498Mhz.jpg,barat,4km,FM,FM,-27.2,-62.03,35.22,Outstanding,Tidak Memerlukan Penguat (Bypass)
Barat_4km_FM_88.4Mhz.jpg,barat,4km,FM,FM,-24.04,-78.82,54.92,Outstanding,Tidak Memerlukan Penguat (Bypass)
Barat_4km_FM_88.6Mhz.jpg,barat,4km,FM,AM,-66.01,-91.18,25.48,Excellent,Low Noise Amplifier (LNA) HF/VHF
Barat_4km_FM_88.76Mhz.jpg,barat,4km,FM,FM,-20.74,-56.27,35.83,Outstanding,Tidak Memerlukan Penguat (Bypass)
Barat_4km_FM_88.988Mhz.jpg,barat,4km,FM,FM,-39.14,-72.67,33.86,Outstanding,Tidak Memerlukan Penguat (Bypass)
Barat_4km_FM_88Mhz.jpg,barat,4km,FM,FM,-20.0,-55.01,35.69,Outstanding,Tidak Memerlukan Penguat (Bypass)
Barat_4km_FM_89.032Mhz.jpg,barat,4km,FM,FM,-57.54,-93.83,36.65,Outstanding,Tidak Memerlukan Penguat (Bypass)
Barat_4km_FM_89.03Mhz.jpg,barat,4km,FM,FM,-32.32,-69.64,37.58,Outstanding,Tidak Memerlukan Penguat (Bypass)
Barat_4km_FM_89.397Mhz.jpg,barat,4km,FM,FM,-34.44,-75.1,41.13,Outstanding,Tidak Memerlukan Penguat (Bypass)
Barat_4km_FM_89.799Mhz.jpg,barat,4km,FM,FM,-23.32,-50.06,27.2,Excellent,Penguat High-Linearity / Attenuator Pasif
Barat_4km_FM_89.79Mhz.jpg,barat,4km,FM,FM,-32.32,-68.44,36.67,Outstanding,Tidak Memerlukan Penguat (Bypass)
Barat_4km_FM_89.803Mhz.jpg,barat,4km,FM,FM,-28.87,-68.26,39.84,Outstanding,Tidak Memerlukan Penguat (Bypass)
Barat_4km_FM_89.86Mhz.jpg,barat,4km,FM,FM,-28.56,-55.45,27.15,Excellent,Penguat High-Linearity / Attenuator Pasif
Barat_4km_FM_89Mhz.jpg,barat,4km,FM,FM,-32.11,-65.2,33.7,Outstanding,Tidak Memerlukan Penguat (Bypass)
Barat_4km_FM_90.062Mhz.jpg,barat,4km,FM,Tidak Terdeteksi,,-75.48,0.0,Not detected,Tidak Terdeteksi (N/A)
Barat_4km_FM_90.06Mhz.jpg,barat,4km,FM,AM,-39.32,-62.63,23.81,Excellent,Filter Pasif / Bypass
Barat_4km_FM_90.277Mhz.jpg,barat,4km,FM,AM,-56.67,-77.9,21.44,Excellent,Filter Pasif / Bypass
Barat_4km_FM_90.347Mhz.jpg,barat,4km,FM,AM,-84.6,-134.49,50.64,Outstanding,Tidak Memerlukan Penguat (Bypass)
Barat_4km_FM_90.3Mhz.jpg,barat,4km,FM,AM,-55.01,-74.33,19.66,Good,Filter Pasif / Bypass
Barat_4km_FM_90.577Mhz.jpg,barat,4km,FM,FM,-24.99,-78.74,53.92,Outstanding,Tidak Memerlukan Penguat (Bypass)
Barat_4km_FM_90.587Mhz.jpg,barat,4km,FM,AM,-42.55,-55.89,13.58,Good,Filter Pasif / Bypass
Barat_4km_FM_90.604Mhz.jpg,barat,4km,FM,FM,-20.58,-64.23,44.07,Outstanding,Tidak Memerlukan Penguat (Bypass)
Barat_4km_FM_90.76Mhz.jpg,barat,4km,FM,FM,-20.97,-65.2,44.59,Outstanding,Tidak Memerlukan Penguat (Bypass)
Barat_4km_FM_90.798Mhz.jpg,barat,4km,FM,FM,-30.08,-68.46,38.62,Outstanding,Tidak Memerlukan Penguat (Bypass)
Barat_4km_FM_90.82Mhz.jpg,barat,4km,FM,AM,-61.91,-76.46,14.79,Good,Low Noise Amplifier (LNA) HF/VHF
Barat_4km_FM_90.86Mhz.jpg,barat,4km,FM,FM,-23.39,-57.93,34.91,Outstanding,Tidak Memerlukan Penguat (Bypass)
Barat_4km_FM_90.8Mhz.jpg,barat,4km,FM,Tidak Terdeteksi,,-75.36,0.0,Not detected,Tidak Terdeteksi (N/A)
Barat_4km_FM_90.91Mhz.jpg,barat,4km,FM,Tidak Terdeteksi,,-75.34,0.0,Not detected,Tidak Terdeteksi (N/A)
Barat_4km_FM_90.92Mhz.jpg,barat,4km,FM,AM,-49.84,-71.5,22.13,Excellent,Filter Pasif / Bypass
Barat_4km_FM_90.9Mhz.jpg,barat,4km,FM,FM,-20.02,-67.83,48.17,Outstanding,Tidak Memerlukan Penguat (Bypass)
Barat_4km_FM_90Mhz.jpg,barat,4km,FM,FM,-27.04,-71.25,44.61,Outstanding,Tidak Memerlukan Penguat (Bypass)
Barat_4km_FM_91.163Mhz.jpg,barat,4km,FM,FM,-20.0,-61.85,42.49,Outstanding,Tidak Memerlukan Penguat (Bypass)
Barat_4km_FM_91.1Mhz.jpg,barat,4km,FM,FM,-33.07,-49.37,16.51,Good,Penguat High-Linearity / Attenuator Pasif
Barat_4km_FM_91.36Mhz.jpg,barat,4km,FM,FM,-20.0,-78.65,58.87,Outstanding,Tidak Memerlukan Penguat (Bypass)
Barat_4km_FM_91.378Mhz.jpg,barat,4km,FM,AM,-54.17,-80.19,26.32,Excellent,Filter Pasif / Bypass
Barat_4km_FM_91.387Mhz.jpg,barat,4km,FM,AM,-58.37,-71.62,14.66,Good,Filter Pasif / Bypass
Barat_4km_FM_91.396Mhz.jpg,barat,4km,FM,FM,-24.89,-77.85,53.39,Outstanding,Tidak Memerlukan Penguat (Bypass)
Barat_4km_FM_91.397Mhz.jpg,barat,4km,FM,FM,-20.21,-57.89,40.56,Outstanding,Tidak Memerlukan Penguat (Bypass)
Barat_4km_FM_91.3Mhz.jpg,barat,4km,FM,AM,-55.23,-78.4,23.36,Excellent,Filter Pasif / Bypass
Barat_4km_FM_91.409Mhz.jpg,barat,4km,FM,FM,-30.06,-54.74,25.52,Excellent,Penguat High-Linearity / Attenuator Pasif
Barat_4km_FM_91.434Mhz.jpg,barat,4km,FM,AM,-53.25,-78.9,25.84,Excellent,Filter Pasif / Bypass
Barat_4km_FM_91.458Mhz.jpg,barat,4km,FM,AM,-55.91,-81.41,25.84,Excellent,Filter Pasif / Bypass
Barat_4km_FM_91.46Mhz.jpg,barat,4km,FM,FM,-21.17,-65.22,44.48,Outstanding,Tidak Memerlukan Penguat (Bypass)
Barat_4km_FM_91.4Mhz.jpg,barat,4km,FM,FM,-23.16,-69.08,46.17,Outstanding,Tidak Memerlukan Penguat (Bypass)
Barat_4km_FM_91.66Mhz.jpg,barat,4km,FM,FM,-27.06,-78.14,51.57,Outstanding,Tidak Memerlukan Penguat (Bypass)
Barat_4km_FM_91.6Mhz.jpg,barat,4km,FM,FM,-24.58,-59.33,34.87,Outstanding,Tidak Memerlukan Penguat (Bypass)
Barat_4km_FM_91.863Mhz.jpg,barat,4km,FM,FM,-27.39,-76.93,50.36,Outstanding,Tidak Memerlukan Penguat (Bypass)
Barat_4km_FM_91.8Mhz.jpg,barat,4km,FM,FM,-24.98,-47.43,22.7,Excellent,Penguat High-Linearity / Attenuator Pasif
Barat_4km_FM_91Mhz.jpg,barat,4km,FM,AM,-50.96,-72.85,22.52,Excellent,Filter Pasif / Bypass
Barat_4km_FM_92.06Mhz.jpg,barat,4km,FM,FM,-26.96,-57.17,30.56,Outstanding,Tidak Memerlukan Penguat (Bypass)
Barat_4km_FM_92.1Mhz.jpg,barat,4km,FM,AM,-57.67,-76.2,18.95,Good,Filter Pasif / Bypass
Barat_4km_FM_92.36Mhz.jpg,barat,4km,FM,Tidak Terdeteksi,,-67.69,0.0,Not detected,Tidak Terdeteksi (N/A)
Barat_4km_FM_92.4Mhz.jpg,barat,4km,FM,Tidak Terdeteksi,,-74.37,0.0,Not detected,Tidak Terdeteksi (N/A)
Barat_4km_FM_92.665Mhz.jpg,barat,4km,FM,FM,-27.98,-99.24,71.3,Outstanding,Tidak Memerlukan Penguat (Bypass)
Barat_4km_FM_92.6Mhz.jpg,barat,4km,FM,AM,-76.58,-118.23,41.9,Outstanding,Tidak Memerlukan Penguat (Bypass)
Barat_4km_FM_92.76Mhz.jpg,barat,4km,FM,AM,-49.41,-78.12,29.1,Outstanding,Tidak Memerlukan Penguat (Bypass)
Barat_4km_FM_92Mhz.jpg,barat,4km,FM,FM,-21.05,-75.03,54.61,Outstanding,Tidak Memerlukan Penguat (Bypass)
Barat_4km_FM_93.2Mhz.jpg,barat,4km,FM,FM,-117.5,-155.53,39.55,Outstanding,Tidak Memerlukan Penguat (Bypass)
Barat_4km_FM_93.312Mhz.jpg,barat,4km,FM,AM,-41.17,-78.15,37.16,Outstanding,Tidak Memerlukan Penguat (Bypass)
Barat_4km_FM_93.36Mhz.jpg,barat,4km,FM,AM,-42.4,-57.98,16.27,Good,Filter Pasif / Bypass
Barat_4km_FM_93.3Mhz.jpg,barat,4km,FM,AM,-57.2,-105.2,48.0,Outstanding,Tidak Memerlukan Penguat (Bypass)
Barat_4km_FM_93.56Mhz.jpg,barat,4km,FM,AM,-37.03,-55.71,19.53,Good,Filter Pasif / Bypass
Barat_4km_FM_93.775Mhz.jpg,barat,4km,FM,Tidak Terdeteksi,,-69.65,0.0,Not detected,Tidak Terdeteksi (N/A)
Barat_4km_FM_93Mhz.jpg,barat,4km,FM,AM,-43.41,-56.51,13.68,Good,Filter Pasif / Bypass
Barat_4km_FM_94.044Mhz.jpg,barat,4km,FM,FM,-22.69,-63.19,41.34,Outstanding,Tidak Memerlukan Penguat (Bypass)
Barat_4km_FM_94.062Mhz.jpg,barat,4km,FM,AM,-59.8,-78.08,18.82,Good,Filter Pasif / Bypass
Barat_4km_FM_94.069Mhz.jpg,barat,4km,FM,FM,-23.88,-54.13,30.96,Outstanding,Tidak Memerlukan Penguat (Bypass)
Barat_4km_FM_94.06Mhz.jpg,barat,4km,FM,AM,-42.09,-54.59,13.03,Good,Filter Pasif / Bypass
Barat_4km_FM_94.086Mhz.jpg,barat,4km,FM,AM,-108.93,-154.87,48.68,Outstanding,Tidak Memerlukan Penguat (Bypass)
Barat_4km_FM_94.09Mhz.jpg,barat,4km,FM,FM,-25.1,-56.2,31.8,Outstanding,Tidak Memerlukan Penguat (Bypass)
Barat_4km_FM_94.105Mhz.jpg,barat,4km,FM,AM,-40.04,-59.32,19.39,Good,Filter Pasif / Bypass
Barat_4km_FM_94.298Mhz.jpg,barat,4km,FM,FM,-27.11,-55.54,29.26,Outstanding,Tidak Memerlukan Penguat (Bypass)
Barat_4km_FM_94.76Mhz.jpg,barat,4km,FM,FM,-25.75,-57.82,32.83,Outstanding,Tidak Memerlukan Penguat (Bypass)
Barat_4km_FM_94.877Mhz.jpg,barat,4km,FM,AM,-54.04,-71.72,18.04,Good,Filter Pasif / Bypass
Barat_4km_FM_94.887Mhz.jpg,barat,4km,FM,FM,-32.02,-69.83,38.4,Outstanding,Tidak Memerlukan Penguat (Bypass)
Barat_4km_FM_94.897Mhz.jpg,barat,4km,FM,FM,-26.7,-53.51,27.27,Excellent,Penguat High-Linearity / Attenuator Pasif
Barat_4km_FM_94.96Mhz.jpg,barat,4km,FM,FM,-20.0,-63.2,44.35,Outstanding,Tidak Memerlukan Penguat (Bypass)
Barat_4km_FM_94Mhz.jpg,barat,4km,FM,FM,-43.62,-83.09,40.24,Outstanding,Tidak Memerlukan Penguat (Bypass)
Barat_4km_FM_95.36Mhz.jpg,barat,4km,FM,FM,-26.96,-54.8,28.08,Excellent,Penguat High-Linearity / Attenuator Pasif
Barat_4km_FM_95.684Mhz.jpg,barat,4km,FM,FM,-20.0,-31.54,12.08,Good,Penguat High-Linearity / Attenuator Pasif
Barat_4km_FM_95.72Mhz.jpg,barat,4km,FM,FM,-24.66,-45.07,21.85,Excellent,Penguat High-Linearity / Attenuator Pasif
Barat_4km_FM_95.76Mhz.jpg,barat,4km,FM,FM,-26.64,-54.22,28.11,Excellent,Penguat High-Linearity / Attenuator Pasif
Barat_4km_FM_95.7Mhz.jpg,barat,4km,FM,FM,-25.65,-55.28,30.22,Outstanding,Tidak Memerlukan Penguat (Bypass)
Barat_4km_FM_95Mhz.jpg,barat,4km,FM,FM,-24.57,-57.48,33.93,Outstanding,Tidak Memerlukan Penguat (Bypass)
Barat_4km_FM_96.492Mhz.jpg,barat,4km,FM,Tidak Terdeteksi,,-92.92,0.0,Not detected,Tidak Terdeteksi (N/A)
Barat_4km_FM_96.4Mhz.jpg,barat,4km,FM,AM,-35.73,-51.61,16.42,Good,Filter Pasif / Bypass
Barat_4km_FM_96.5Mhz.jpg,barat,4km,FM,FM,-33.83,-59.12,26.13,Excellent,Penguat High-Linearity / Attenuator Pasif
Barat_4km_FM_96.701Mhz.jpg,barat,4km,FM,AM,-35.47,-54.23,19.54,Good,Filter Pasif / Bypass
Barat_4km_FM_96.7Mhz.jpg,barat,4km,FM,AM,-42.84,-67.76,25.23,Excellent,Filter Pasif / Bypass
Barat_4km_FM_96.8Mhz.jpg,barat,4km,FM,AM,-33.74,-53.91,20.6,Excellent,Filter Pasif / Bypass
Barat_4km_FM_96.944Mhz.jpg,barat,4km,FM,AM,-115.6,-139.27,24.24,Excellent,Low Noise Amplifier (LNA) HF/VHF
Barat_4km_FM_96Mhz.jpg,barat,4km,FM,FM,-27.97,-77.58,50.56,Outstanding,Tidak Memerlukan Penguat (Bypass)
Barat_4km_FM_97.1398Mhz.jpg,barat,4km,FM,FM,-33.63,-62.23,28.97,Excellent,Penguat High-Linearity / Attenuator Pasif
Barat_4km_FM_97.371Mhz.jpg,barat,4km,FM,Tidak Terdeteksi,,-92.13,0.0,Not detected,Tidak Terdeteksi (N/A)
Barat_4km_FM_97.398Mhz.jpg,barat,4km,FM,FM,-21.43,-63.14,42.01,Outstanding,Tidak Memerlukan Penguat (Bypass)
Barat_4km_FM_97.4Mhz.jpg,barat,4km,FM,Tidak Terdeteksi,,-54.13,0.0,Not detected,Tidak Terdeteksi (N/A)
Barat_4km_FM_97.5Mhz.jpg,barat,4km,FM,Tidak Terdeteksi,,-65.4,0.0,Not detected,Tidak Terdeteksi (N/A)
Barat_4km_FM_97.998Mhz.jpg,barat,4km,FM,FM,-26.95,-74.43,48.23,Outstanding,Tidak Memerlukan Penguat (Bypass)
Barat_4km_FM_97.9Mhz.jpg,barat,4km,FM,AM,-43.0,-57.1,14.99,Good,Filter Pasif / Bypass
Barat_4km_FM_97Mhz.jpg,barat,4km,FM,FM,-34.57,-59.16,25.46,Excellent,Penguat High-Linearity / Attenuator Pasif
Barat_4km_FM_98.3Mhz.jpg,barat,4km,FM,AM,-40.11,-55.28,15.62,Good,Filter Pasif / Bypass
Barat_4km_FM_98.462Mhz.jpg,barat,4km,FM,Tidak Terdeteksi,,-39.62,0.0,Not detected,Tidak Terdeteksi (N/A)
Barat_4km_FM_98.501Mhz.jpg,barat,4km,FM,FM,-22.86,-56.03,33.92,Outstanding,Tidak Memerlukan Penguat (Bypass)
Barat_4km_FM_98.5Mhz.jpg,barat,4km,FM,Tidak Terdeteksi,,-64.57,0.0,Not detected,Tidak Terdeteksi (N/A)
Barat_4km_FM_98.8Mhz.jpg,barat,4km,FM,FM,-32.52,-75.51,43.35,Outstanding,Tidak Memerlukan Penguat (Bypass)
Barat_4km_FM_99.3Mhz.jpg,barat,4km,FM,Tidak Terdeteksi,,-55.88,0.0,Not detected,Tidak Terdeteksi (N/A)
Barat_4km_FM_99.406Mhz.jpg,barat,4km,FM,AM,-46.06,-77.48,31.86,Outstanding,Tidak Memerlukan Penguat (Bypass)
Barat_4km_FM_99.4Mhz.jpg,barat,4km,FM,AM,-40.55,-66.37,26.27,Excellent,Filter Pasif / Bypass
Barat_4km_FM_99.599Mhz.jpg,barat,4km,FM,FM,-35.09,-124.22,89.66,Outstanding,Tidak Memerlukan Penguat (Bypass)
Barat_4km_FM_99.642Mhz.jpg,barat,4km,FM,AM,-53.3,-79.08,26.06,Excellent,Filter Pasif / Bypass
Barat_4km_FM_99.685Mhz.jpg,barat,4km,FM,AM,-64.12,-90.46,26.44,Excellent,Low Noise Amplifier (LNA) HF/VHF
Barat_4km_FM_99.6Mhz.jpg,barat,4km,FM,FM,-20.27,-76.47,56.82,Outstanding,Tidak Memerlukan Penguat (Bypass)
Barat_4km_FM_99.774Mhz.jpg,barat,4km,FM,AM,-47.02,-75.57,30.2,Outstanding,Tidak Memerlukan Penguat (Bypass)
Barat_4km_FM_99.961Mhz.jpg,barat,4km,FM,AM,-37.02,-63.66,27.65,Excellent,Filter Pasif / Bypass
Barat_4km_FM_99.97Mhz.jpg,barat,4km,FM,AM,-47.02,-76.0,29.83,Outstanding,Tidak Memerlukan Penguat (Bypass)
Barat_4km_FM_99.995Mhz.jpg,barat,4km,FM,FM,-54.72,-89.61,34.9,Outstanding,Tidak Memerlukan Penguat (Bypass)
Barat_4km_FM_99.996Mhz.jpg,barat,4km,FM,FM,-28.48,-68.62,40.5,Outstanding,Tidak Memerlukan Penguat (Bypass)
Barat_4km_FM_99.999Mhz.jpg,barat,4km,FM,FM,-54.41,-89.02,34.62,Outstanding,Tidak Memerlukan Penguat (Bypass)
Barat_4km_FM_99Mhz.jpg,barat,4km,FM,FM,-20.0,-73.4,53.9,Outstanding,Tidak Memerlukan Penguat (Bypass)
Barat_6km_AIRBAND_108.493Mhz.jpg,barat,6km,AM,FM,-33.16,-71.49,38.66,Outstanding,Tidak Memerlukan Penguat (Bypass)
Barat_6km_AIRBAND_108.7475Mhz.jpg,barat,6km,AM,Tidak Terdeteksi,,-70.71,0.0,Not detected,Tidak Terdeteksi (N/A)
Barat_6km_AIRBAND_108.9Mhz.jpg,barat,6km,AM,AM,-45.58,-60.23,14.96,Good,Filter Pasif / Bypass
Barat_6km_AIRBAND_109Mhz.jpg,barat,6km,AM,Tidak Terdeteksi,,-68.34,0.0,Not detected,Tidak Terdeteksi (N/A)
Barat_6km_AIRBAND_110.3459Mhz.jpg,barat,6km,AM,AM,-53.56,-71.53,18.15,Good,Filter Pasif / Bypass
Barat_6km_AIRBAND_110Mhz.jpg,barat,6km,AM,AM,-58.91,-75.56,16.83,Good,Filter Pasif / Bypass
Barat_6km_AIRBAND_111.4004Mhz.jpg,barat,6km,AM,AM,-50.26,-72.09,22.06,Excellent,Filter Pasif / Bypass
Barat_6km_AIRBAND_111.7906Mhz.jpg,barat,6km,AM,AM,-63.61,-75.59,12.29,Good,Low Noise Amplifier (LNA) HF/VHF
Barat_6km_AIRBAND_111.9384Mhz.jpg,barat,6km,AM,AM,-63.02,-76.08,13.41,Good,Low Noise Amplifier (LNA) HF/VHF
Barat_6km_AIRBAND_111Mhz.jpg,barat,6km,AM,AM,-47.26,-68.03,21.16,Excellent,Filter Pasif / Bypass
Barat_6km_AIRBAND_112Mhz.jpg,barat,6km,AM,Tidak Terdeteksi,,-72.25,0.0,Not detected,Tidak Terdeteksi (N/A)
Barat_6km_AIRBAND_113Mhz.jpg,barat,6km,AM,Tidak Terdeteksi,,-88.98,0.0,Not detected,Tidak Terdeteksi (N/A)
Barat_6km_AIRBAND_114Mhz.jpg,barat,6km,AM,Tidak Terdeteksi,,-70.08,0.0,Not detected,Tidak Terdeteksi (N/A)
Barat_6km_AIRBAND_118.9695Mhz.jpg,barat,6km,AM,AM,-54.17,-70.33,16.31,Good,Filter Pasif / Bypass
Barat_6km_AIRBAND_118Mhz.jpg,barat,6km,AM,FM,-32.53,-75.51,43.21,Outstanding,Tidak Memerlukan Penguat (Bypass)
Barat_6km_AIRBAND_119.0008Mhz.jpg,barat,6km,AM,AM,-53.26,-69.41,16.4,Good,Filter Pasif / Bypass
Barat_6km_AIRBAND_119.012Mhz.jpg,barat,6km,AM,AM,-54.88,-70.4,15.84,Good,Filter Pasif / Bypass
Barat_6km_AIRBAND_119.8252Mhz.jpg,barat,6km,AM,AM,-59.3,-80.12,21.05,Excellent,Filter Pasif / Bypass
Barat_6km_AIRBAND_119Mhz.jpg,barat,6km,AM,AM,-58.9,-78.02,19.33,Good,Filter Pasif / Bypass
Barat_6km_AIRBAND_120Mhz.jpg,barat,6km,AM,AM,-77.01,-89.02,12.1,Good,Low Noise Amplifier (LNA) HF/VHF
Barat_6km_AIRBAND_122Mhz.jpg,barat,6km,AM,FM,-33.16,-76.32,43.37,Outstanding,Tidak Memerlukan Penguat (Bypass)
Barat_6km_AIRBAND_124.0068Mhz.jpg,barat,6km,AM,FM,-68.07,-87.73,19.94,Good,Low Noise Amplifier (LNA) Khusus VHF/FM
Barat_6km_AIRBAND_124Mhz.jpg,barat,6km,AM,FM,-27.93,-86.67,58.93,Outstanding,Tidak Memerlukan Penguat (Bypass)
Barat_6km_AIRBAND_125Mhz.jpg,barat,6km,AM,FM,-33.19,-77.12,44.08,Outstanding,Tidak Memerlukan Penguat (Bypass)
Barat_6km_AIRBAND_126.1962Mhz.jpg,barat,6km,AM,FM,-20.01,-75.58,55.72,Outstanding,Tidak Memerlukan Penguat (Bypass)
Barat_6km_AIRBAND_126.203Mhz.jpg,barat,6km,AM,AM,-53.61,-74.64,21.2,Excellent,Filter Pasif / Bypass
Barat_6km_AIRBAND_126Mhz.jpg,barat,6km,AM,AM,-36.51,-77.1,40.94,Outstanding,Tidak Memerlukan Penguat (Bypass)
Barat_6km_AIRBAND_128.0183Mhz.jpg,barat,6km,AM,FM,-33.16,-75.42,42.48,Outstanding,Tidak Memerlukan Penguat (Bypass)
Barat_6km_AIRBAND_128Mhz.jpg,barat,6km,AM,FM,-33.16,-74.92,41.9,Outstanding,Tidak Memerlukan Penguat (Bypass)
Barat_6km_AIRBAND_130Mhz.jpg,barat,6km,AM,Tidak Terdeteksi,,-69.44,0.0,Not detected,Tidak Terdeteksi (N/A)
Barat_6km_AIRBAND_135Mhz.jpg,barat,6km,AM,Tidak Terdeteksi,,-82.36,0.0,Not detected,Tidak Terdeteksi (N/A)
Barat_6km_AIRBAND_136Mhz.jpg,barat,6km,AM,Tidak Terdeteksi,,-49.56,0.0,Not detected,Tidak Terdeteksi (N/A)
Barat_6km_AIRBAND_137Mhz.jpg,barat,6km,AM,FM,-36.83,-75.73,39.07,Outstanding,Tidak Memerlukan Penguat (Bypass)
Barat_6km_ETC_137.0698Mhz.jpg,barat,6km,ETC,AM,-75.32,-89.08,13.86,Good,Low Noise Amplifier (LNA) HF/VHF
Barat_6km_ETC_140Mhz.jpg,barat,6km,ETC,Tidak Terdeteksi,,-77.57,0.0,Not detected,Tidak Terdeteksi (N/A)
Barat_6km_ETC_142.3166Mhz.jpg,barat,6km,ETC,FM,-36.48,-65.32,29.06,Outstanding,Tidak Memerlukan Penguat (Bypass)
Barat_6km_ETC_142.329Mhz.jpg,barat,6km,ETC,FM,-28.82,-65.68,37.02,Outstanding,Tidak Memerlukan Penguat (Bypass)
Barat_6km_ETC_143.0057Mhz.jpg,barat,6km,ETC,FM,-28.61,-65.94,37.52,Outstanding,Tidak Memerlukan Penguat (Bypass)
Barat_6km_ETC_143Mhz.jpg,barat,6km,ETC,FM,-31.39,-65.04,33.86,Outstanding,Tidak Memerlukan Penguat (Bypass)
Barat_6km_ETC_64.7955Mhz.jpg,barat,6km,ETC,FM,-33.09,-78.69,45.88,Outstanding,Tidak Memerlukan Penguat (Bypass)
Barat_6km_ETC_69.8001Mhz.jpg,barat,6km,ETC,AM,-76.75,-89.13,12.6,Good,Low Noise Amplifier (LNA) HF/VHF
Barat_6km_ETC_69.9258Mhz.jpg,barat,6km,ETC,Tidak Terdeteksi,,-81.31,0.0,Not detected,Tidak Terdeteksi (N/A)
Barat_6km_ETC_76.0001Mhz.jpg,barat,6km,ETC,Tidak Terdeteksi,,-89.05,0.0,Not detected,Tidak Terdeteksi (N/A)
Barat_6km_ETC_85.588Mhz.jpg,barat,6km,ETC,FM,-32.07,-72.09,40.22,Outstanding,Tidak Memerlukan Penguat (Bypass)
Barat_6km_ETC_85.592Mhz.jpg,barat,6km,ETC,AM,-29.21,-71.13,42.05,Outstanding,Tidak Memerlukan Penguat (Bypass)
Barat_6km_ETC_85.595Mhz.jpg,barat,6km,ETC,FM,-40.01,-73.05,33.33,Outstanding,Tidak Memerlukan Penguat (Bypass)
Barat_6km_ETC_85.8Mhz.jpg,barat,6km,ETC,FM,-36.59,-69.62,33.29,Outstanding,Tidak Memerlukan Penguat (Bypass)
Barat_6km_ETC_85Mhz.jpg,barat,6km,ETC,FM,-33.44,-74.21,41.0,Outstanding,Tidak Memerlukan Penguat (Bypass)
Barat_6km_ETC_86.013Mhz.jpg,barat,6km,ETC,AM,-41.32,-75.0,33.94,Outstanding,Tidak Memerlukan Penguat (Bypass)
Barat_6km_ETC_86Mhz.jpg,barat,6km,ETC,FM,-20.27,-70.12,50.02,Outstanding,Tidak Memerlukan Penguat (Bypass)
Barat_6km_ETC_unknown.jpg,barat,6km,ETC,FM,-30.15,-70.96,41.04,Outstanding,Tidak Memerlukan Penguat (Bypass)
Barat_6km_FM_100.429Mhz.jpg,barat,6km,FM,FM,-32.44,-55.3,23.41,Excellent,Penguat High-Linearity / Attenuator Pasif
Barat_6km_FM_100.4Mhz.jpg,barat,6km,FM,FM,-28.27,-67.34,39.67,Outstanding,Tidak Memerlukan Penguat (Bypass)
Barat_6km_FM_100.6Mhz.jpg,barat,6km,FM,FM,-32.71,-55.12,23.04,Excellent,Penguat High-Linearity / Attenuator Pasif
Barat_6km_FM_100.9Mhz.jpg,barat,6km,FM,FM,-20.01,-67.46,47.82,Outstanding,Tidak Memerlukan Penguat (Bypass)
Barat_6km_FM_100Mhz.jpg,barat,6km,FM,FM,-20.01,-69.68,50.01,Outstanding,Tidak Memerlukan Penguat (Bypass)
Barat_6km_FM_101.184Mhz.jpg,barat,6km,FM,FM,-32.96,-54.6,22.48,Excellent,Penguat High-Linearity / Attenuator Pasif
Barat_6km_FM_101.586Mhz.jpg,barat,6km,FM,FM,-20.67,-68.67,48.6,Outstanding,Tidak Memerlukan Penguat (Bypass)
Barat_6km_FM_101.5Mhz.jpg,barat,6km,FM,FM,-22.82,-64.71,42.31,Outstanding,Tidak Memerlukan Penguat (Bypass)
Barat_6km_FM_101.601Mhz.jpg,barat,6km,FM,FM,-27.56,-77.65,50.72,Outstanding,Tidak Memerlukan Penguat (Bypass)
Barat_6km_FM_101.61Mhz.jpg,barat,6km,FM,FM,-20.18,-73.77,53.82,Outstanding,Tidak Memerlukan Penguat (Bypass)
Barat_6km_FM_101.8Mhz.jpg,barat,6km,FM,FM,-20.27,-59.8,40.21,Outstanding,Tidak Memerlukan Penguat (Bypass)
Barat_6km_FM_101Mhz.jpg,barat,6km,FM,FM,-31.29,-70.82,40.13,Outstanding,Tidak Memerlukan Penguat (Bypass)
Barat_6km_FM_102.209Mhz.jpg,barat,6km,FM,FM,-28.39,-72.06,43.96,Outstanding,Tidak Memerlukan Penguat (Bypass)
Barat_6km_FM_102.402Mhz.jpg,barat,6km,FM,FM,-38.92,-69.42,30.83,Outstanding,Tidak Memerlukan Penguat (Bypass)
Barat_6km_FM_102.406Mhz.jpg,barat,6km,FM,FM,-33.19,-72.6,39.62,Outstanding,Tidak Memerlukan Penguat (Bypass)
Barat_6km_FM_102.6Mhz.jpg,barat,6km,FM,FM,-28.27,-56.78,28.75,Excellent,Penguat High-Linearity / Attenuator Pasif
Barat_6km_FM_102.789Mhz.jpg,barat,6km,FM,AM,-37.75,-68.14,30.82,Outstanding,Tidak Memerlukan Penguat (Bypass)
Barat_6km_FM_102Mhz.jpg,barat,6km,FM,FM,-20.22,-68.58,48.66,Outstanding,Tidak Memerlukan Penguat (Bypass)
Barat_6km_FM_103.393Mhz.jpg,barat,6km,FM,AM,-38.78,-68.76,30.52,Outstanding,Tidak Memerlukan Penguat (Bypass)
Barat_6km_FM_103.3Mhz.jpg,barat,6km,FM,AM,-45.01,-65.48,20.64,Excellent,Filter Pasif / Bypass
Barat_6km_FM_103.4Mhz.jpg,barat,6km,FM,FM,-37.43,-68.67,31.48,Outstanding,Tidak Memerlukan Penguat (Bypass)
Barat_6km_FM_103.5Mhz.jpg,barat,6km,FM,FM,-33.21,-66.78,34.24,Outstanding,Tidak Memerlukan Penguat (Bypass)
Barat_6km_FM_103Mhz.jpg,barat,6km,FM,FM,-33.13,-72.34,39.4,Outstanding,Tidak Memerlukan Penguat (Bypass)
Barat_6km_FM_104.034Mhz.jpg,barat,6km,FM,FM,-33.54,-88.26,55.05,Outstanding,Tidak Memerlukan Penguat (Bypass)
Barat_6km_FM_104.6Mhz.jpg,barat,6km,FM,FM,-24.9,-69.63,44.98,Outstanding,Tidak Memerlukan Penguat (Bypass)
Barat_6km_FM_104.777Mhz.jpg,barat,6km,FM,FM,-28.25,-68.12,40.16,Outstanding,Tidak Memerlukan Penguat (Bypass)
Barat_6km_FM_104.778Mhz.jpg,barat,6km,FM,FM,-38.57,-89.16,50.58,Outstanding,Tidak Memerlukan Penguat (Bypass)
Barat_6km_FM_104.785Mhz.jpg,barat,6km,FM,FM,-33.27,-77.62,45.02,Outstanding,Tidak Memerlukan Penguat (Bypass)
Barat_6km_FM_104.788Mhz.jpg,barat,6km,FM,FM,-23.52,-71.79,48.78,Outstanding,Tidak Memerlukan Penguat (Bypass)
Barat_6km_FM_104.821Mhz.jpg,barat,6km,FM,FM,-20.0,-71.5,51.89,Outstanding,Tidak Memerlukan Penguat (Bypass)
Barat_6km_FM_104.823Mhz.jpg,barat,6km,FM,FM,-20.0,-83.86,64.31,Outstanding,Tidak Memerlukan Penguat (Bypass)
Barat_6km_FM_104.8Mhz.jpg,barat,6km,FM,AM,-40.21,-67.93,27.95,Excellent,Filter Pasif / Bypass
Barat_6km_FM_104.9Mhz.jpg,barat,6km,FM,FM,-20.02,-65.57,45.88,Outstanding,Tidak Memerlukan Penguat (Bypass)
Barat_6km_FM_104Mhz.jpg,barat,6km,FM,FM,-20.0,-67.64,48.14,Outstanding,Tidak Memerlukan Penguat (Bypass)
Barat_6km_FM_105.197Mhz.jpg,barat,6km,FM,FM,-20.0,-66.78,47.09,Outstanding,Tidak Memerlukan Penguat (Bypass)
Barat_6km_FM_105.4Mhz.jpg,barat,6km,FM,FM,-29.83,-67.94,38.32,Outstanding,Tidak Memerlukan Penguat (Bypass)
Barat_6km_FM_105.8Mhz.jpg,barat,6km,FM,FM,-32.49,-65.57,33.52,Outstanding,Tidak Memerlukan Penguat (Bypass)
Barat_6km_FM_106.3Mhz.jpg,barat,6km,FM,FM,-36.5,-68.07,31.85,Outstanding,Tidak Memerlukan Penguat (Bypass)
Barat_6km_FM_106.7Mhz.jpg,barat,6km,FM,AM,-43.74,-68.54,25.05,Excellent,Filter Pasif / Bypass
Barat_6km_FM_106Mhz.jpg,barat,6km,FM,FM,-32.53,-72.86,40.62,Outstanding,Tidak Memerlukan Penguat (Bypass)
Barat_6km_FM_107.5Mhz.jpg,barat,6km,FM,Tidak Terdeteksi,,-69.64,0.0,Not detected,Tidak Terdeteksi (N/A)
Barat_6km_FM_107Mhz.jpg,barat,6km,FM,FM,-32.93,-67.5,34.71,Outstanding,Tidak Memerlukan Penguat (Bypass)
Barat_6km_FM_108Mhz.jpg,barat,6km,FM,FM,-33.06,-72.03,39.18,Outstanding,Tidak Memerlukan Penguat (Bypass)
Barat_6km_FM_87.221Mhz.jpg,barat,6km,FM,FM,-36.5,-67.7,31.79,Outstanding,Tidak Memerlukan Penguat (Bypass)
Barat_6km_FM_87.2738Mhz.jpg,barat,6km,FM,FM,-40.8,-72.43,31.95,Outstanding,Tidak Memerlukan Penguat (Bypass)
Barat_6km_FM_87.3Mhz.jpg,barat,6km,FM,FM,-20.01,-66.11,46.34,Outstanding,Tidak Memerlukan Penguat (Bypass)
Barat_6km_FM_87.403Mhz.jpg,barat,6km,FM,FM,-20.0,-61.68,41.91,Outstanding,Tidak Memerlukan Penguat (Bypass)
Barat_6km_FM_87.409Mhz.jpg,barat,6km,FM,FM,-25.21,-80.08,55.38,Outstanding,Tidak Memerlukan Penguat (Bypass)
Barat_6km_FM_87.41Mhz.jpg,barat,6km,FM,FM,-35.0,-69.97,35.21,Outstanding,Tidak Memerlukan Penguat (Bypass)
Barat_6km_FM_87.425Mhz.jpg,barat,6km,FM,FM,-20.8,-70.77,50.67,Outstanding,Tidak Memerlukan Penguat (Bypass)
Barat_6km_FM_87.426Mhz.jpg,barat,6km,FM,FM,-20.0,-87.45,67.78,Outstanding,Tidak Memerlukan Penguat (Bypass)
Barat_6km_FM_87.7Mhz.jpg,barat,6km,FM,FM,-37.21,-80.03,43.15,Outstanding,Tidak Memerlukan Penguat (Bypass)
Barat_6km_FM_87.8Mhz.jpg,barat,6km,FM,FM,-20.0,-73.62,54.06,Outstanding,Tidak Memerlukan Penguat (Bypass)
Barat_6km_FM_87.971Mhz.jpg,barat,6km,FM,FM,-25.15,-80.91,56.31,Outstanding,Tidak Memerlukan Penguat (Bypass)
Barat_6km_FM_87Mhz.jpg,barat,6km,FM,FM,-20.0,-70.6,50.99,Outstanding,Tidak Memerlukan Penguat (Bypass)
Barat_6km_FM_88.096Mhz.jpg,barat,6km,FM,FM,-24.22,-80.08,56.34,Outstanding,Tidak Memerlukan Penguat (Bypass)
Barat_6km_FM_88.1Mhz.jpg,barat,6km,FM,FM,-27.0,-79.13,52.51,Outstanding,Tidak Memerlukan Penguat (Bypass)
Barat_6km_FM_88.8Mhz.jpg,barat,6km,FM,FM,-28.21,-71.39,43.68,Outstanding,Tidak Memerlukan Penguat (Bypass)
Barat_6km_FM_88.979Mhz.jpg,barat,6km,FM,FM,-20.0,-84.85,65.44,Outstanding,Tidak Memerlukan Penguat (Bypass)
Barat_6km_FM_88.985Mhz.jpg,barat,6km,FM,FM,-55.79,-88.8,33.26,Outstanding,Tidak Memerlukan Penguat (Bypass)
Barat_6km_FM_88.989Mhz.jpg,barat,6km,FM,FM,-31.92,-71.9,40.21,Outstanding,Tidak Memerlukan Penguat (Bypass)
Barat_6km_FM_88.998Mhz.jpg,barat,6km,FM,FM,-36.69,-78.92,42.51,Outstanding,Tidak Memerlukan Penguat (Bypass)
Barat_6km_FM_88Mhz.jpg,barat,6km,FM,FM,-20.0,-65.71,46.13,Outstanding,Tidak Memerlukan Penguat (Bypass)
Barat_6km_FM_89.025Mhz.jpg,barat,6km,FM,FM,-26.03,-76.49,50.83,Outstanding,Tidak Memerlukan Penguat (Bypass)
Barat_6km_FM_89.2Mhz.jpg,barat,6km,FM,AM,-42.25,-72.71,30.69,Outstanding,Tidak Memerlukan Penguat (Bypass)
Barat_6km_FM_89.595Mhz.jpg,barat,6km,FM,FM,-35.01,-70.09,35.46,Outstanding,Tidak Memerlukan Penguat (Bypass)
Barat_6km_FM_89.5Mhz.jpg,barat,6km,FM,FM,-20.63,-88.69,68.27,Outstanding,Tidak Memerlukan Penguat (Bypass)
Barat_6km_FM_89.6Mhz.jpg,barat,6km,FM,FM,-29.47,-88.4,59.18,Outstanding,Tidak Memerlukan Penguat (Bypass)
Barat_6km_FM_89.798Mhz.jpg,barat,6km,FM,FM,-33.16,-76.03,43.1,Outstanding,Tidak Memerlukan Penguat (Bypass)
Barat_6km_FM_89.815Mhz.jpg,barat,6km,FM,FM,-53.92,-88.79,34.96,Outstanding,Tidak Memerlukan Penguat (Bypass)
Barat_6km_FM_89.8Mhz.jpg,barat,6km,FM,FM,-34.67,-73.26,39.06,Outstanding,Tidak Memerlukan Penguat (Bypass)
Barat_6km_FM_89.995Mhz.jpg,barat,6km,FM,AM,-43.68,-71.45,27.97,Excellent,Filter Pasif / Bypass
Barat_6km_FM_89Mhz.jpg,barat,6km,FM,FM,-21.85,-69.0,47.48,Outstanding,Tidak Memerlukan Penguat (Bypass)
Barat_6km_FM_90.499Mhz.jpg,barat,6km,FM,AM,-48.03,-72.49,24.93,Excellent,Filter Pasif / Bypass
Barat_6km_FM_90.4Mhz.jpg,barat,6km,FM,FM,-31.22,-65.57,34.86,Outstanding,Tidak Memerlukan Penguat (Bypass)
Barat_6km_FM_90.578Mhz.jpg,barat,6km,FM,AM,-49.14,-73.15,24.37,Excellent,Filter Pasif / Bypass
Barat_6km_FM_90.588Mhz.jpg,barat,6km,FM,FM,-27.88,-75.75,48.08,Outstanding,Tidak Memerlukan Penguat (Bypass)
Barat_6km_FM_90.592Mhz.jpg,barat,6km,FM,AM,-43.59,-73.11,29.84,Outstanding,Tidak Memerlukan Penguat (Bypass)
Barat_6km_FM_90.594Mhz.jpg,barat,6km,FM,FM,-20.0,-74.29,55.51,Outstanding,Tidak Memerlukan Penguat (Bypass)
Barat_6km_FM_90.611Mhz.jpg,barat,6km,FM,AM,-30.13,-74.9,45.08,Outstanding,Tidak Memerlukan Penguat (Bypass)
Barat_6km_FM_90.618Mhz.jpg,barat,6km,FM,FM,-33.19,-75.0,42.04,Outstanding,Tidak Memerlukan Penguat (Bypass)
Barat_6km_FM_90.629Mhz.jpg,barat,6km,FM,FM,-33.17,-75.79,42.9,Outstanding,Tidak Memerlukan Penguat (Bypass)
Barat_6km_FM_90.63Mhz.jpg,barat,6km,FM,FM,-33.19,-75.21,42.27,Outstanding,Tidak Memerlukan Penguat (Bypass)
Barat_6km_FM_90.6Mhz.jpg,barat,6km,FM,AM,-47.23,-72.99,26.2,Excellent,Filter Pasif / Bypass
Barat_6km_FM_90.7Mhz.jpg,barat,6km,FM,FM,-33.16,-75.17,42.23,Outstanding,Tidak Memerlukan Penguat (Bypass)
Barat_6km_FM_90.8Mhz.jpg,barat,6km,FM,FM,-20.15,-86.59,67.14,Outstanding,Tidak Memerlukan Penguat (Bypass)
Barat_6km_FM_90Mhz.jpg,barat,6km,FM,FM,-34.45,-70.23,36.06,Outstanding,Tidak Memerlukan Penguat (Bypass)
Barat_6km_FM_91.1Mhz.jpg,barat,6km,FM,FM,-33.19,-76.16,43.21,Outstanding,Tidak Memerlukan Penguat (Bypass)
Barat_6km_FM_91.381Mhz.jpg,barat,6km,FM,FM,-42.95,-88.51,45.78,Outstanding,Tidak Memerlukan Penguat (Bypass)
Barat_6km_FM_91.389Mhz.jpg,barat,6km,FM,FM,-25.06,-78.53,53.65,Outstanding,Tidak Memerlukan Penguat (Bypass)
Barat_6km_FM_91.411Mhz.jpg,barat,6km,FM,FM,-25.12,-75.94,50.98,Outstanding,Tidak Memerlukan Penguat (Bypass)
Barat_6km_FM_91.434Mhz.jpg,barat,6km,FM,AM,-42.53,-87.57,45.47,Outstanding,Tidak Memerlukan Penguat (Bypass)
Barat_6km_FM_91.4Mhz.jpg,barat,6km,FM,AM,-20.0,-88.24,68.38,Outstanding,Tidak Memerlukan Penguat (Bypass)
Barat_6km_FM_91.5Mhz.jpg,barat,6km,FM,FM,-20.0,-87.22,67.6,Outstanding,Tidak Memerlukan Penguat (Bypass)
Barat_6km_FM_91Mhz.jpg,barat,6km,FM,FM,-33.59,-75.64,42.24,Outstanding,Tidak Memerlukan Penguat (Bypass)
Barat_6km_FM_92.182Mhz.jpg,barat,6km,FM,FM,-47.11,-88.6,41.72,Outstanding,Tidak Memerlukan Penguat (Bypass)
Barat_6km_FM_92.292Mhz.jpg,barat,6km,FM,FM,-47.1,-88.76,41.87,Outstanding,Tidak Memerlukan Penguat (Bypass)
Barat_6km_FM_92.294Mhz.jpg,barat,6km,FM,FM,-32.26,-74.99,42.95,Outstanding,Tidak Memerlukan Penguat (Bypass)
Barat_6km_FM_92.2Mhz.jpg,barat,6km,FM,FM,-31.97,-75.76,43.96,Outstanding,Tidak Memerlukan Penguat (Bypass)
Barat_6km_FM_92.3Mhz.jpg,barat,6km,FM,FM,-30.45,-73.59,43.65,Outstanding,Tidak Memerlukan Penguat (Bypass)
Barat_6km_FM_92.62Mhz.jpg,barat,6km,FM,FM,-47.47,-89.3,41.94,Outstanding,Tidak Memerlukan Penguat (Bypass)
Barat_6km_FM_92.866Mhz.jpg,barat,6km,FM,FM,-30.52,-64.76,34.79,Outstanding,Tidak Memerlukan Penguat (Bypass)
Barat_6km_FM_92.8Mhz.jpg,barat,6km,FM,FM,-20.25,-63.19,44.03,Outstanding,Tidak Memerlukan Penguat (Bypass)
Barat_6km_FM_92.9Mhz.jpg,barat,6km,FM,AM,-20.0,-82.06,62.46,Outstanding,Tidak Memerlukan Penguat (Bypass)
Barat_6km_FM_92Mhz.jpg,barat,6km,FM,FM,-30.95,-75.79,45.08,Outstanding,Tidak Memerlukan Penguat (Bypass)
Barat_6km_FM_93.297Mhz.jpg,barat,6km,FM,FM,-49.25,-87.76,38.67,Outstanding,Tidak Memerlukan Penguat (Bypass)
Barat_6km_FM_93.298Mhz.jpg,barat,6km,FM,FM,-32.74,-74.37,41.82,Outstanding,Tidak Memerlukan Penguat (Bypass)
Barat_6km_FM_93.299Mhz.jpg,barat,6km,FM,FM,-32.85,-75.01,42.44,Outstanding,Tidak Memerlukan Penguat (Bypass)
Barat_6km_FM_93.2Mhz.jpg,barat,6km,FM,AM,-42.24,-73.41,31.52,Outstanding,Tidak Memerlukan Penguat (Bypass)
Barat_6km_FM_93.3Mhz.jpg,barat,6km,FM,FM,-15.95,-71.29,55.94,Outstanding,Tidak Memerlukan Penguat (Bypass)
Barat_6km_FM_93.4Mhz.jpg,barat,6km,FM,FM,-46.64,-88.23,41.96,Outstanding,Tidak Memerlukan Penguat (Bypass)
Barat_6km_FM_93.8Mhz.jpg,barat,6km,FM,FM,-36.99,-75.27,38.49,Outstanding,Tidak Memerlukan Penguat (Bypass)
Barat_6km_FM_93Mhz.jpg,barat,6km,FM,Tidak Terdeteksi,,-88.08,0.0,Not detected,Tidak Terdeteksi (N/A)
Barat_6km_FM_94.049Mhz.jpg,barat,6km,FM,FM,-30.78,-78.35,47.95,Outstanding,Tidak Memerlukan Penguat (Bypass)
Barat_6km_FM_94.065Mhz.jpg,barat,6km,FM,FM,-34.21,-78.69,44.71,Outstanding,Tidak Memerlukan Penguat (Bypass)
Barat_6km_FM_94.076Mhz.jpg,barat,6km,FM,FM,-28.3,-70.91,43.28,Outstanding,Tidak Memerlukan Penguat (Bypass)
Barat_6km_FM_94.07Mhz.jpg,barat,6km,FM,FM,-33.16,-70.28,37.66,Outstanding,Tidak Memerlukan Penguat (Bypass)
Barat_6km_FM_94.084Mhz.jpg,barat,6km,FM,FM,-39.4,-67.25,28.31,Excellent,Penguat High-Linearity / Attenuator Pasif
Barat_6km_FM_94.19Mhz.jpg,barat,6km,FM,FM,-26.12,-68.49,43.1,Outstanding,Tidak Memerlukan Penguat (Bypass)
Barat_6km_FM_94.1Mhz.jpg,barat,6km,FM,FM,-28.86,-75.64,47.2,Outstanding,Tidak Memerlukan Penguat (Bypass)
Barat_6km_FM_94.2Mhz.jpg,barat,6km,FM,FM,-20.0,-78.97,60.23,Outstanding,Tidak Memerlukan Penguat (Bypass)
Barat_6km_FM_94.6Mhz.jpg,barat,6km,FM,FM,-20.0,-75.12,55.79,Outstanding,Tidak Memerlukan Penguat (Bypass)
Barat_6km_FM_94.876Mhz.jpg,barat,6km,FM,FM,-35.12,-70.21,35.79,Outstanding,Tidak Memerlukan Penguat (Bypass)
Barat_6km_FM_94.883Mhz.jpg,barat,6km,FM,FM,-20.48,-80.46,63.11,Outstanding,Tidak Memerlukan Penguat (Bypass)
Barat_6km_FM_94.898Mhz.jpg,barat,6km,FM,FM,-40.26,-82.24,42.79,Outstanding,Tidak Memerlukan Penguat (Bypass)
Barat_6km_FM_94.905Mhz.jpg,barat,6km,FM,FM,-33.13,-70.62,37.98,Outstanding,Tidak Memerlukan Penguat (Bypass)
Barat_6km_FM_94.907Mhz.jpg,barat,6km,FM,FM,-32.2,-87.51,56.02,Outstanding,Tidak Memerlukan Penguat (Bypass)
Barat_6km_FM_94.914Mhz.jpg,barat,6km,FM,FM,-32.89,-82.12,49.91,Outstanding,Tidak Memerlukan Penguat (Bypass)
Barat_6km_FM_94.929Mhz.jpg,barat,6km,FM,FM,-36.28,-88.64,52.48,Outstanding,Tidak Memerlukan Penguat (Bypass)
Barat_6km_FM_94.9Mhz.jpg,barat,6km,FM,FM,-34.21,-68.97,35.49,Outstanding,Tidak Memerlukan Penguat (Bypass)
Barat_6km_FM_94Mhz.jpg,barat,6km,FM,FM,-22.06,-83.16,61.44,Outstanding,Tidak Memerlukan Penguat (Bypass)
Barat_6km_FM_95.104Mhz.jpg,barat,6km,FM,FM,-45.28,-88.8,43.66,Outstanding,Tidak Memerlukan Penguat (Bypass)
Barat_6km_FM_95.1Mhz.jpg,barat,6km,FM,FM,-20.67,-75.58,55.61,Outstanding,Tidak Memerlukan Penguat (Bypass)
Barat_6km_FM_95.2Mhz.jpg,barat,6km,FM,FM,-32.56,-69.65,37.57,Outstanding,Tidak Memerlukan Penguat (Bypass)
Barat_6km_FM_95.677Mhz.jpg,barat,6km,FM,FM,-31.96,-69.88,38.45,Outstanding,Tidak Memerlukan Penguat (Bypass)
Barat_6km_FM_95.697Mhz.jpg,barat,6km,FM,FM,-30.38,-88.66,58.49,Outstanding,Tidak Memerlukan Penguat (Bypass)
Barat_6km_FM_95.6Mhz.jpg,barat,6km,FM,FM,-32.73,-70.21,37.78,Outstanding,Tidak Memerlukan Penguat (Bypass)
Barat_6km_FM_95.7Mhz.jpg,barat,6km,FM,FM,-30.34,-66.71,36.99,Outstanding,Tidak Memerlukan Penguat (Bypass)
Barat_6km_FM_95.9Mhz.jpg,barat,6km,FM,FM,-32.74,-72.31,39.96,Outstanding,Tidak Memerlukan Penguat (Bypass)
Barat_6km_FM_95Mhz.jpg,barat,6km,FM,FM,-39.62,-88.6,49.16,Outstanding,Tidak Memerlukan Penguat (Bypass)
Barat_6km_FM_96.5Mhz.jpg,barat,6km,FM,FM,-31.11,-69.41,38.92,Outstanding,Tidak Memerlukan Penguat (Bypass)
Barat_6km_FM_96.8Mhz.jpg,barat,6km,FM,FM,-31.26,-69.0,38.0,Outstanding,Tidak Memerlukan Penguat (Bypass)
Barat_6km_FM_96Mhz.jpg,barat,6km,FM,FM,-28.26,-68.7,41.19,Outstanding,Tidak Memerlukan Penguat (Bypass)
Barat_6km_FM_97.28Mhz.jpg,barat,6km,FM,FM,-30.96,-64.05,33.41,Outstanding,Tidak Memerlukan Penguat (Bypass)
Barat_6km_FM_97.2Mhz.jpg,barat,6km,FM,AM,-41.45,-69.63,28.49,Excellent,Filter Pasif / Bypass
Barat_6km_FM_97.318Mhz.jpg,barat,6km,FM,FM,-41.36,-81.9,41.59,Outstanding,Tidak Memerlukan Penguat (Bypass)
Barat_6km_FM_97.3Mhz.jpg,barat,6km,FM,FM,-34.59,-69.24,35.01,Outstanding,Tidak Memerlukan Penguat (Bypass)
Barat_6km_FM_97.4Mhz.jpg,barat,6km,FM,FM,-33.31,-69.01,36.06,Outstanding,Tidak Memerlukan Penguat (Bypass)
Barat_6km_FM_97Mhz.jpg,barat,6km,FM,AM,-65.27,-88.87,23.77,Excellent,Low Noise Amplifier (LNA) HF/VHF
Barat_6km_FM_98.091Mhz.jpg,barat,6km,FM,FM,-24.96,-65.97,41.39,Outstanding,Tidak Memerlukan Penguat (Bypass)
Barat_6km_FM_98.093Mhz.jpg,barat,6km,FM,FM,-40.71,-74.08,34.85,Outstanding,Tidak Memerlukan Penguat (Bypass)
Barat_6km_FM_98.098Mhz.jpg,barat,6km,FM,FM,-32.71,-70.75,38.83,Outstanding,Tidak Memerlukan Penguat (Bypass)
Barat_6km_FM_98.106Mhz.jpg,barat,6km,FM,AM,-44.28,-73.19,30.06,Outstanding,Tidak Memerlukan Penguat (Bypass)
Barat_6km_FM_98.108Mhz.jpg,barat,6km,FM,FM,-39.58,-73.04,34.61,Outstanding,Tidak Memerlukan Penguat (Bypass)
Barat_6km_FM_98.115Mhz.jpg,barat,6km,FM,FM,-38.84,-75.47,37.39,Outstanding,Tidak Memerlukan Penguat (Bypass)
Barat_6km_FM_98.2Mhz.jpg,barat,6km,FM,FM,-20.0,-65.39,45.74,Outstanding,Tidak Memerlukan Penguat (Bypass)
Barat_6km_FM_98.769Mhz.jpg,barat,6km,FM,FM,-39.31,-78.97,40.14,Outstanding,Tidak Memerlukan Penguat (Bypass)
Barat_6km_FM_98.912Mhz.jpg,barat,6km,FM,FM,-31.05,-68.33,37.92,Outstanding,Tidak Memerlukan Penguat (Bypass)
Barat_6km_FM_98.929Mhz.jpg,barat,6km,FM,FM,-29.29,-66.4,37.8,Outstanding,Tidak Memerlukan Penguat (Bypass)
Barat_6km_FM_98.92Mhz.jpg,barat,6km,FM,FM,-30.57,-67.46,37.45,Outstanding,Tidak Memerlukan Penguat (Bypass)
Barat_6km_FM_98.947Mhz.jpg,barat,6km,FM,FM,-31.74,-67.68,36.46,Outstanding,Tidak Memerlukan Penguat (Bypass)
Barat_6km_FM_98.9Mhz.jpg,barat,6km,FM,FM,-25.47,-66.01,40.88,Outstanding,Tidak Memerlukan Penguat (Bypass)
Barat_6km_FM_98Mhz.jpg,barat,6km,FM,AM,-30.32,-66.5,36.38,Outstanding,Tidak Memerlukan Penguat (Bypass)
Barat_6km_FM_99.152Mhz.jpg,barat,6km,FM,FM,-32.13,-67.93,36.37,Outstanding,Tidak Memerlukan Penguat (Bypass)
Barat_6km_FM_99.1Mhz.jpg,barat,6km,FM,FM,-28.39,-64.23,36.13,Outstanding,Tidak Memerlukan Penguat (Bypass)
Barat_6km_FM_99.2Mhz.jpg,barat,6km,FM,FM,-29.98,-68.64,39.07,Outstanding,Tidak Memerlukan Penguat (Bypass)
Barat_6km_FM_99.302Mhz.jpg,barat,6km,FM,AM,-42.38,-73.81,32.3,Outstanding,Tidak Memerlukan Penguat (Bypass)
Barat_6km_FM_99.313Mhz.jpg,barat,6km,FM,AM,-39.38,-64.25,26.07,Excellent,Filter Pasif / Bypass
Barat_6km_FM_99.3Mhz.jpg,barat,6km,FM,FM,-20.28,-71.77,51.72,Outstanding,Tidak Memerlukan Penguat (Bypass)
Barat_6km_FM_99.6Mhz.jpg,barat,6km,FM,FM,-26.65,-63.98,37.93,Outstanding,Tidak Memerlukan Penguat (Bypass)
Barat_6km_FM_99Mhz.jpg,barat,6km,FM,FM,-12.95,-88.42,75.78,Outstanding,Tidak Memerlukan Penguat (Bypass)
Barat_8km_AIRBAND_109Mhz.jpg,barat,8km,AM,Tidak Terdeteksi,,-87.19,0.0,Not detected,Tidak Terdeteksi (N/A)
Barat_8km_AIRBAND_110Mhz.jpg,barat,8km,AM,Tidak Terdeteksi,,-64.26,0.0,Not detected,Tidak Terdeteksi (N/A)
Barat_8km_AIRBAND_112.9967Mhz.jpg,barat,8km,AM,FM,-25.67,-66.86,41.4,Outstanding,Tidak Memerlukan Penguat (Bypass)
Barat_8km_AIRBAND_112Mhz.jpg,barat,8km,AM,FM,-41.93,-70.51,28.89,Excellent,Penguat High-Linearity / Attenuator Pasif
Barat_8km_AIRBAND_113Mhz.jpg,barat,8km,AM,Tidak Terdeteksi,,-66.46,0.0,Not detected,Tidak Terdeteksi (N/A)
Barat_8km_AIRBAND_114.2039Mhz.jpg,barat,8km,AM,Tidak Terdeteksi,,-71.63,0.0,Not detected,Tidak Terdeteksi (N/A)
Barat_8km_AIRBAND_114Mhz.jpg,barat,8km,AM,AM,-28.27,-69.33,41.33,Outstanding,Tidak Memerlukan Penguat (Bypass)
Barat_8km_AIRBAND_117.7882Mhz.jpg,barat,8km,AM,FM,-40.52,-61.28,21.0,Excellent,Penguat High-Linearity / Attenuator Pasif
Barat_8km_AIRBAND_117.7883Mhz.jpg,barat,8km,AM,AM,-48.13,-64.69,16.77,Good,Filter Pasif / Bypass
Barat_8km_AIRBAND_117.7888Mhz.jpg,barat,8km,AM,AM,-21.24,-66.82,45.76,Outstanding,Tidak Memerlukan Penguat (Bypass)
Barat_8km_AIRBAND_117Mhz.jpg,barat,8km,AM,AM,-46.23,-67.75,21.79,Excellent,Filter Pasif / Bypass
Barat_8km_AIRBAND_118.1Mhz.jpg,barat,8km,AM,Tidak Terdeteksi,,-68.97,0.0,Not detected,Tidak Terdeteksi (N/A)
Barat_8km_AIRBAND_118.4162Mhz.jpg,barat,8km,AM,AM,-55.72,-68.12,12.62,Good,Filter Pasif / Bypass
Barat_8km_AIRBAND_118.7532Mhz.jpg,barat,8km,AM,AM,-50.07,-65.36,15.47,Good,Filter Pasif / Bypass
Barat_8km_AIRBAND_118.7Mhz.jpg,barat,8km,AM,Tidak Terdeteksi,,-68.03,0.0,Not detected,Tidak Terdeteksi (N/A)
Barat_8km_AIRBAND_118.9957Mhz.jpg,barat,8km,AM,FM,-24.92,-68.23,43.49,Outstanding,Tidak Memerlukan Penguat (Bypass)
Barat_8km_AIRBAND_118.9967Mhz.jpg,barat,8km,AM,FM,-12.97,-63.89,51.11,Outstanding,Tidak Memerlukan Penguat (Bypass)
Barat_8km_AIRBAND_118Mhz.jpg,barat,8km,AM,Tidak Terdeteksi,,-68.47,0.0,Not detected,Tidak Terdeteksi (N/A)
Barat_8km_AIRBAND_119.0011Mhz.jpg,barat,8km,AM,AM,-37.11,-66.34,29.52,Outstanding,Tidak Memerlukan Penguat (Bypass)
Barat_8km_AIRBAND_119.013Mhz.jpg,barat,8km,AM,AM,-56.99,-69.52,12.68,Good,Filter Pasif / Bypass
Barat_8km_AIRBAND_119.7831Mhz.jpg,barat,8km,AM,AM,-34.7,-65.93,31.45,Outstanding,Tidak Memerlukan Penguat (Bypass)
Barat_8km_AIRBAND_119.8413Mhz.jpg,barat,8km,AM,FM,-41.93,-73.69,32.08,Outstanding,Tidak Memerlukan Penguat (Bypass)
Barat_8km_AIRBAND_119Mhz.jpg,barat,8km,AM,FM,-34.74,-67.53,33.01,Outstanding,Tidak Memerlukan Penguat (Bypass)
Barat_8km_AIRBAND_120Mhz.jpg,barat,8km,AM,FM,-41.93,-74.26,32.58,Outstanding,Tidak Memerlukan Penguat (Bypass)
Barat_8km_AIRBAND_121Mhz.jpg,barat,8km,AM,Tidak Terdeteksi,,-63.28,0.0,Not detected,Tidak Terdeteksi (N/A)
Barat_8km_AIRBAND_123.0036Mhz.jpg,barat,8km,AM,Tidak Terdeteksi,,-69.85,0.0,Not detected,Tidak Terdeteksi (N/A)
Barat_8km_AIRBAND_123.3429Mhz.jpg,barat,8km,AM,AM,-31.98,-70.24,38.42,Outstanding,Tidak Memerlukan Penguat (Bypass)
Barat_8km_AIRBAND_123.3501Mhz.jpg,barat,8km,AM,Tidak Terdeteksi,,-70.78,0.0,Not detected,Tidak Terdeteksi (N/A)
Barat_8km_AIRBAND_123.9233Mhz.jpg,barat,8km,AM,AM,-28.33,-70.81,42.7,Outstanding,Tidak Memerlukan Penguat (Bypass)
Barat_8km_AIRBAND_123Mhz.jpg,barat,8km,AM,AM,-42.31,-69.15,27.03,Excellent,Filter Pasif / Bypass
Barat_8km_AIRBAND_124Mhz.jpg,barat,8km,AM,Tidak Terdeteksi,,-58.33,0.0,Not detected,Tidak Terdeteksi (N/A)
Barat_8km_AIRBAND_125.757Mhz.jpg,barat,8km,AM,Tidak Terdeteksi,,-68.68,0.0,Not detected,Tidak Terdeteksi (N/A)
Barat_8km_AIRBAND_125Mhz.jpg,barat,8km,AM,Tidak Terdeteksi,,-70.39,0.0,Not detected,Tidak Terdeteksi (N/A)
Barat_8km_AIRBAND_126.1963Mhz.jpg,barat,8km,AM,AM,-28.68,-68.04,39.55,Outstanding,Tidak Memerlukan Penguat (Bypass)
Barat_8km_AIRBAND_126.2033Mhz.jpg,barat,8km,AM,AM,-28.3,-68.42,40.3,Outstanding,Tidak Memerlukan Penguat (Bypass)
Barat_8km_AIRBAND_126Mhz.jpg,barat,8km,AM,Tidak Terdeteksi,,-68.46,0.0,Not detected,Tidak Terdeteksi (N/A)
Barat_8km_AIRBAND_127.8711Mhz.jpg,barat,8km,AM,FM,-39.45,-61.54,22.32,Excellent,Penguat High-Linearity / Attenuator Pasif
Barat_8km_AIRBAND_127.9109Mhz.jpg,barat,8km,AM,FM,-55.0,-67.98,13.21,Good,Penguat High-Linearity / Attenuator Pasif
Barat_8km_AIRBAND_127Mhz.jpg,barat,8km,AM,Tidak Terdeteksi,,-68.59,0.0,Not detected,Tidak Terdeteksi (N/A)
Barat_8km_AIRBAND_128.0294Mhz.jpg,barat,8km,AM,AM,-47.34,-63.95,16.81,Good,Filter Pasif / Bypass
Barat_8km_AIRBAND_128.9967Mhz.jpg,barat,8km,AM,FM,-26.26,-67.47,41.34,Outstanding,Tidak Memerlukan Penguat (Bypass)
Barat_8km_AIRBAND_128Mhz.jpg,barat,8km,AM,FM,-41.93,-76.21,34.45,Outstanding,Tidak Memerlukan Penguat (Bypass)
Barat_8km_AIRBAND_129Mhz.jpg,barat,8km,AM,Tidak Terdeteksi,,-64.28,0.0,Not detected,Tidak Terdeteksi (N/A)
Barat_8km_AIRBAND_130Mhz.jpg,barat,8km,AM,FM,-45.13,-74.95,30.0,Outstanding,Tidak Memerlukan Penguat (Bypass)
Barat_8km_AIRBAND_131.3092Mhz.jpg,barat,8km,AM,AM,-49.42,-65.26,16.0,Good,Filter Pasif / Bypass
Barat_8km_AIRBAND_131.7039Mhz.jpg,barat,8km,AM,AM,-49.96,-66.36,16.54,Good,Filter Pasif / Bypass
Barat_8km_AIRBAND_131.8483Mhz.jpg,barat,8km,AM,AM,-51.62,-66.77,15.31,Good,Filter Pasif / Bypass
Barat_8km_AIRBAND_131.8809Mhz.jpg,barat,8km,AM,AM,-23.86,-75.89,52.21,Outstanding,Tidak Memerlukan Penguat (Bypass)
Barat_8km_AIRBAND_131.9756Mhz.jpg,barat,8km,AM,FM,-36.11,-75.54,39.68,Outstanding,Tidak Memerlukan Penguat (Bypass)
Barat_8km_AIRBAND_131Mhz.jpg,barat,8km,AM,FM,-40.22,-72.79,32.77,Outstanding,Tidak Memerlukan Penguat (Bypass)
Barat_8km_AIRBAND_132.1143Mhz.jpg,barat,8km,AM,AM,-25.81,-75.07,49.48,Outstanding,Tidak Memerlukan Penguat (Bypass)
Barat_8km_AIRBAND_132.124Mhz.jpg,barat,8km,AM,FM,-53.22,-66.05,13.03,Good,Penguat High-Linearity / Attenuator Pasif
Barat_8km_AIRBAND_132Mhz.jpg,barat,8km,AM,FM,-45.13,-76.61,31.67,Outstanding,Tidak Memerlukan Penguat (Bypass)
Barat_8km_AIRBAND_134.3914Mhz.jpg,barat,8km,AM,Tidak Terdeteksi,,-65.69,0.0,Not detected,Tidak Terdeteksi (N/A)
Barat_8km_AIRBAND_135Mhz.jpg,barat,8km,AM,FM,-41.93,-74.36,32.58,Outstanding,Tidak Memerlukan Penguat (Bypass)
Barat_8km_AIRBAND_136.2383Mhz.jpg,barat,8km,AM,Tidak Terdeteksi,,-63.66,0.0,Not detected,Tidak Terdeteksi (N/A)
Barat_8km_AIRBAND_136.2797Mhz.jpg,barat,8km,AM,AM,-49.1,-62.52,13.72,Good,Filter Pasif / Bypass
Barat_8km_AIRBAND_136.3655Mhz.jpg,barat,8km,AM,AM,-48.52,-63.29,14.99,Good,Filter Pasif / Bypass
Barat_8km_AIRBAND_136.7918Mhz.jpg,barat,8km,AM,Tidak Terdeteksi,,-67.98,0.0,Not detected,Tidak Terdeteksi (N/A)
Barat_8km_AIRBAND_136.9948Mhz.jpg,barat,8km,AM,AM,-50.98,-67.93,17.14,Good,Filter Pasif / Bypass
Barat_8km_AIRBAND_137Mhz.jpg,barat,8km,AM,FM,-45.13,-75.62,30.76,Outstanding,Tidak Memerlukan Penguat (Bypass)
Barat_8km_ETC_137.0049Mhz.jpg,barat,8km,ETC,Tidak Terdeteksi,,-66.06,0.0,Not detected,Tidak Terdeteksi (N/A)
Barat_8km_ETC_137.0099Mhz.jpg,barat,8km,ETC,Tidak Terdeteksi,,-74.72,0.0,Not detected,Tidak Terdeteksi (N/A)
Barat_8km_ETC_137.009Mhz.jpg,barat,8km,ETC,FM,-45.13,-75.83,30.93,Outstanding,Tidak Memerlukan Penguat (Bypass)
Barat_8km_ETC_137.0128Mhz.jpg,barat,8km,ETC,FM,-53.96,-66.97,13.23,Good,Penguat High-Linearity / Attenuator Pasif
Barat_8km_ETC_137.1087Mhz.jpg,barat,8km,ETC,Tidak Terdeteksi,,-66.76,0.0,Not detected,Tidak Terdeteksi (N/A)
Barat_8km_ETC_137.1245Mhz.jpg,barat,8km,ETC,Tidak Terdeteksi,,-61.29,0.0,Not detected,Tidak Terdeteksi (N/A)
Barat_8km_ETC_137.815Mhz.jpg,barat,8km,ETC,Tidak Terdeteksi,,-75.55,0.0,Not detected,Tidak Terdeteksi (N/A)
Barat_8km_ETC_138.992Mhz.jpg,barat,8km,ETC,FM,-41.93,-74.45,32.82,Outstanding,Tidak Memerlukan Penguat (Bypass)
Barat_8km_ETC_140.4813Mhz.jpg,barat,8km,ETC,Tidak Terdeteksi,,-68.06,0.0,Not detected,Tidak Terdeteksi (N/A)
Barat_8km_ETC_140Mhz.jpg,barat,8km,ETC,Tidak Terdeteksi,,-67.19,0.0,Not detected,Tidak Terdeteksi (N/A)
Barat_8km_ETC_148.9967Mhz.jpg,barat,8km,ETC,FM,-26.39,-68.06,41.84,Outstanding,Tidak Memerlukan Penguat (Bypass)
Barat_8km_ETC_54.0571Mhz.jpg,barat,8km,ETC,FM,-23.43,-69.3,46.14,Outstanding,Tidak Memerlukan Penguat (Bypass)
Barat_8km_ETC_unknown.jpg,barat,8km,ETC,Error,,-50.0,0.0,Error,Error
Barat_8km_FM_100Mhz.jpg,barat,8km,FM,FM,-32.92,-89.24,56.39,Outstanding,Tidak Memerlukan Penguat (Bypass)
Barat_8km_FM_101.633Mhz.jpg,barat,8km,FM,FM,-30.9,-67.05,36.33,Outstanding,Tidak Memerlukan Penguat (Bypass)
Barat_8km_FM_101Mhz.jpg,barat,8km,FM,FM,-29.54,-65.36,35.99,Outstanding,Tidak Memerlukan Penguat (Bypass)
Barat_8km_FM_102.009Mhz.jpg,barat,8km,FM,FM,-30.8,-65.89,35.37,Outstanding,Tidak Memerlukan Penguat (Bypass)
Barat_8km_FM_102.394Mhz.jpg,barat,8km,FM,AM,-48.05,-64.62,16.82,Good,Filter Pasif / Bypass
Barat_8km_FM_102.39Mhz.jpg,barat,8km,FM,FM,-45.13,-76.28,31.42,Outstanding,Tidak Memerlukan Penguat (Bypass)
Barat_8km_FM_102.421Mhz.jpg,barat,8km,FM,FM,-23.65,-70.43,46.97,Outstanding,Tidak Memerlukan Penguat (Bypass)
Barat_8km_FM_103.443Mhz.jpg,barat,8km,FM,FM,-7.06,-59.52,52.85,Outstanding,Tidak Memerlukan Penguat (Bypass)
Barat_8km_FM_103.453Mhz.jpg,barat,8km,FM,FM,-27.79,-63.7,36.32,Outstanding,Tidak Memerlukan Penguat (Bypass)
Barat_8km_FM_103.961Mhz.jpg,barat,8km,FM,FM,-30.48,-70.09,39.96,Outstanding,Tidak Memerlukan Penguat (Bypass)
Barat_8km_FM_103.986Mhz.jpg,barat,8km,FM,FM,-17.65,-61.94,44.7,Outstanding,Tidak Memerlukan Penguat (Bypass)
Barat_8km_FM_103Mhz.jpg,barat,8km,FM,AM,-44.87,-75.65,31.15,Outstanding,Tidak Memerlukan Penguat (Bypass)
Barat_8km_FM_104.796Mhz.jpg,barat,8km,FM,FM,-27.68,-67.53,40.04,Outstanding,Tidak Memerlukan Penguat (Bypass)
Barat_8km_FM_104.798Mhz.jpg,barat,8km,FM,AM,-44.1,-73.91,30.1,Outstanding,Tidak Memerlukan Penguat (Bypass)
Barat_8km_FM_104.84Mhz.jpg,barat,8km,FM,FM,-28.96,-69.72,41.2,Outstanding,Tidak Memerlukan Penguat (Bypass)
Barat_8km_FM_104Mhz.jpg,barat,8km,FM,FM,-39.69,-72.97,33.69,Outstanding,Tidak Memerlukan Penguat (Bypass)
Barat_8km_FM_105.203Mhz.jpg,barat,8km,FM,FM,-29.18,-62.13,33.33,Outstanding,Tidak Memerlukan Penguat (Bypass)
Barat_8km_FM_105.688Mhz.jpg,barat,8km,FM,FM,-30.48,-62.44,32.14,Outstanding,Tidak Memerlukan Penguat (Bypass)
Barat_8km_FM_105.691Mhz.jpg,barat,8km,FM,FM,-31.94,-69.66,38.06,Outstanding,Tidak Memerlukan Penguat (Bypass)
Barat_8km_FM_105.695Mhz.jpg,barat,8km,FM,FM,-31.35,-68.96,37.95,Outstanding,Tidak Memerlukan Penguat (Bypass)
Barat_8km_FM_105.703Mhz.jpg,barat,8km,FM,FM,-28.32,-66.03,37.9,Outstanding,Tidak Memerlukan Penguat (Bypass)
Barat_8km_FM_105.721Mhz.jpg,barat,8km,FM,FM,-28.27,-62.53,34.63,Outstanding,Tidak Memerlukan Penguat (Bypass)
Barat_8km_FM_105Mhz.jpg,barat,8km,FM,FM,-40.71,-72.15,31.76,Outstanding,Tidak Memerlukan Penguat (Bypass)
Barat_8km_FM_106.489Mhz.jpg,barat,8km,FM,FM,-28.28,-66.1,38.03,Outstanding,Tidak Memerlukan Penguat (Bypass)
Barat_8km_FM_106Mhz.jpg,barat,8km,FM,FM,-36.37,-69.74,33.51,Outstanding,Tidak Memerlukan Penguat (Bypass)
Barat_8km_FM_107.2734Mhz.jpg,barat,8km,FM,FM,-28.27,-59.83,31.73,Outstanding,Tidak Memerlukan Penguat (Bypass)
Barat_8km_FM_107Mhz.jpg,barat,8km,FM,FM,-28.25,-62.15,34.08,Outstanding,Tidak Memerlukan Penguat (Bypass)
Barat_8km_FM_108Mhz.jpg,barat,8km,FM,FM,-20.75,-66.05,45.74,Outstanding,Tidak Memerlukan Penguat (Bypass)
Barat_8km_FM_87.355Mhz.jpg,barat,8km,FM,FM,-23.85,-74.47,50.79,Outstanding,Tidak Memerlukan Penguat (Bypass)
Barat_8km_FM_87.404Mhz.jpg,barat,8km,FM,FM,-36.27,-77.08,41.16,Outstanding,Tidak Memerlukan Penguat (Bypass)
Barat_8km_FM_87.408Mhz.jpg,barat,8km,FM,FM,-36.15,-68.08,32.34,Outstanding,Tidak Memerlukan Penguat (Bypass)
Barat_8km_FM_88.005Mhz.jpg,barat,8km,FM,FM,-13.59,-59.78,46.52,Outstanding,Tidak Memerlukan Penguat (Bypass)
Barat_8km_FM_88.7584Mhz.jpg,barat,8km,FM,FM,-29.09,-68.6,39.86,Outstanding,Tidak Memerlukan Penguat (Bypass)
Barat_8km_FM_88.944Mhz.jpg,barat,8km,FM,AM,-49.92,-67.93,18.33,Good,Filter Pasif / Bypass
Barat_8km_FM_88.999Mhz.jpg,barat,8km,FM,AM,-51.32,-66.88,15.84,Good,Filter Pasif / Bypass
Barat_8km_FM_88Mhz.jpg,barat,8km,FM,FM,-35.78,-66.82,31.3,Outstanding,Tidak Memerlukan Penguat (Bypass)
Barat_8km_FM_89.06Mhz.jpg,barat,8km,FM,FM,-36.27,-79.84,43.87,Outstanding,Tidak Memerlukan Penguat (Bypass)
Barat_8km_FM_89.212Mhz.jpg,barat,8km,FM,FM,-28.27,-63.31,35.32,Outstanding,Tidak Memerlukan Penguat (Bypass)
Barat_8km_FM_89.3Mhz.jpg,barat,8km,FM,AM,-45.28,-68.81,23.9,Excellent,Filter Pasif / Bypass
Barat_8km_FM_89.751Mhz.jpg,barat,8km,FM,FM,-25.45,-60.16,35.25,Outstanding,Tidak Memerlukan Penguat (Bypass)
Barat_8km_FM_89.7584Mhz.jpg,barat,8km,FM,FM,-14.4,-58.27,44.33,Outstanding,Tidak Memerlukan Penguat (Bypass)
Barat_8km_FM_89.787Mhz.jpg,barat,8km,FM,FM,-36.28,-83.54,48.2,Outstanding,Tidak Memerlukan Penguat (Bypass)
Barat_8km_FM_89.791Mhz.jpg,barat,8km,FM,AM,-42.95,-68.28,25.77,Excellent,Filter Pasif / Bypass
Barat_8km_FM_89.796Mhz.jpg,barat,8km,FM,FM,-36.38,-69.93,33.88,Outstanding,Tidak Memerlukan Penguat (Bypass)
Barat_8km_FM_89.7Mhz.jpg,barat,8km,FM,AM,-44.45,-68.35,24.19,Excellent,Filter Pasif / Bypass
Barat_8km_FM_89.801Mhz.jpg,barat,8km,FM,AM,-43.36,-67.48,24.4,Excellent,Filter Pasif / Bypass
Barat_8km_FM_89.822Mhz.jpg,barat,8km,FM,FM,-34.21,-67.61,33.69,Outstanding,Tidak Memerlukan Penguat (Bypass)
Barat_8km_FM_89.8Mhz.jpg,barat,8km,FM,AM,-45.69,-69.14,23.73,Excellent,Filter Pasif / Bypass
Barat_8km_FM_89Mhz.jpg,barat,8km,FM,AM,-48.46,-67.81,19.6,Good,Filter Pasif / Bypass
Barat_8km_FM_90.3Mhz.jpg,barat,8km,FM,FM,-36.91,-69.85,33.28,Outstanding,Tidak Memerlukan Penguat (Bypass)
Barat_8km_FM_90.595Mhz.jpg,barat,8km,FM,FM,-28.25,-64.48,36.61,Outstanding,Tidak Memerlukan Penguat (Bypass)
Barat_8km_FM_90.602Mhz.jpg,barat,8km,FM,FM,-28.27,-64.8,37.07,Outstanding,Tidak Memerlukan Penguat (Bypass)
Barat_8km_FM_90.6Mhz.jpg,barat,8km,FM,FM,-36.41,-71.64,35.61,Outstanding,Tidak Memerlukan Penguat (Bypass)
Barat_8km_FM_90.7534Mhz.jpg,barat,8km,FM,FM,-22.61,-58.13,36.05,Outstanding,Tidak Memerlukan Penguat (Bypass)
Barat_8km_FM_90.8Mhz.jpg,barat,8km,FM,FM,-37.3,-71.36,34.31,Outstanding,Tidak Memerlukan Penguat (Bypass)
Barat_8km_FM_90.9524Mhz.jpg,barat,8km,FM,FM,-28.27,-65.05,37.29,Outstanding,Tidak Memerlukan Penguat (Bypass)
Barat_8km_FM_90Mhz.jpg,barat,8km,FM,FM,-36.28,-84.63,49.05,Outstanding,Tidak Memerlukan Penguat (Bypass)
Barat_8km_FM_91.0601Mhz.jpg,barat,8km,FM,FM,-25.64,-65.25,39.9,Outstanding,Tidak Memerlukan Penguat (Bypass)
Barat_8km_FM_91.06Mhz.jpg,barat,8km,FM,FM,-10.86,-87.64,77.36,Outstanding,Tidak Memerlukan Penguat (Bypass)
Barat_8km_FM_91.394Mhz.jpg,barat,8km,FM,FM,-29.81,-64.64,35.27,Outstanding,Tidak Memerlukan Penguat (Bypass)
Barat_8km_FM_91.39Mhz.jpg,barat,8km,FM,AM,-64.55,-89.15,24.75,Excellent,Low Noise Amplifier (LNA) HF/VHF
Barat_8km_FM_91.3Mhz.jpg,barat,8km,FM,FM,-37.75,-71.81,34.33,Outstanding,Tidak Memerlukan Penguat (Bypass)
Barat_8km_FM_91.4Mhz.jpg,barat,8km,FM,AM,-38.52,-72.29,33.97,Outstanding,Tidak Memerlukan Penguat (Bypass)
Barat_8km_FM_91.735Mhz.jpg,barat,8km,FM,FM,-28.27,-64.43,36.41,Outstanding,Tidak Memerlukan Penguat (Bypass)
Barat_8km_FM_91.7Mhz.jpg,barat,8km,FM,FM,-29.51,-67.71,38.56,Outstanding,Tidak Memerlukan Penguat (Bypass)
Barat_8km_FM_91.9714Mhz.jpg,barat,8km,FM,AM,-68.08,-89.03,21.09,Excellent,Low Noise Amplifier (LNA) HF/VHF
Barat_8km_FM_91Mhz.jpg,barat,8km,FM,AM,-41.15,-70.51,29.63,Outstanding,Tidak Memerlukan Penguat (Bypass)
Barat_8km_FM_92.06Mhz.jpg,barat,8km,FM,FM,-31.7,-66.49,35.16,Outstanding,Tidak Memerlukan Penguat (Bypass)
Barat_8km_FM_92.288Mhz.jpg,barat,8km,FM,FM,-28.46,-62.72,34.63,Outstanding,Tidak Memerlukan Penguat (Bypass)
Barat_8km_FM_92.3Mhz.jpg,barat,8km,FM,FM,-42.0,-73.38,31.61,Outstanding,Tidak Memerlukan Penguat (Bypass)
Barat_8km_FM_92.8Mhz.jpg,barat,8km,FM,AM,-40.23,-69.74,30.02,Outstanding,Tidak Memerlukan Penguat (Bypass)
Barat_8km_FM_92Mhz.jpg,barat,8km,FM,FM,-40.46,-71.44,31.26,Outstanding,Tidak Memerlukan Penguat (Bypass)
Barat_8km_FM_93.2Mhz.jpg,barat,8km,FM,FM,-32.54,-69.48,37.78,Outstanding,Tidak Memerlukan Penguat (Bypass)
Barat_8km_FM_93.303Mhz.jpg,barat,8km,FM,AM,-37.64,-68.16,30.94,Outstanding,Tidak Memerlukan Penguat (Bypass)
Barat_8km_FM_93.6Mhz.jpg,barat,8km,FM,FM,-30.85,-66.81,37.06,Outstanding,Tidak Memerlukan Penguat (Bypass)
Barat_8km_FM_94.119Mhz.jpg,barat,8km,FM,FM,-27.43,-60.97,34.48,Outstanding,Tidak Memerlukan Penguat (Bypass)
Barat_8km_FM_94.1Mhz.jpg,barat,8km,FM,FM,-22.8,-63.15,41.36,Outstanding,Tidak Memerlukan Penguat (Bypass)
Barat_8km_FM_94.3Mhz.jpg,barat,8km,FM,FM,-23.8,-62.96,39.76,Outstanding,Tidak Memerlukan Penguat (Bypass)
Barat_8km_FM_94.4674Mhz.jpg,barat,8km,FM,FM,-25.22,-60.79,36.33,Outstanding,Tidak Memerlukan Penguat (Bypass)
Barat_8km_FM_94.5Mhz.jpg,barat,8km,FM,FM,-25.28,-58.06,33.13,Outstanding,Tidak Memerlukan Penguat (Bypass)
Barat_8km_FM_94.9Mhz.jpg,barat,8km,FM,FM,-28.33,-62.63,35.47,Outstanding,Tidak Memerlukan Penguat (Bypass)
Barat_8km_FM_94Mhz.jpg,barat,8km,FM,FM,-29.11,-60.37,32.3,Outstanding,Tidak Memerlukan Penguat (Bypass)
Barat_8km_FM_95.06Mhz.jpg,barat,8km,FM,FM,-28.25,-66.36,38.46,Outstanding,Tidak Memerlukan Penguat (Bypass)
Barat_8km_FM_95.694Mhz.jpg,barat,8km,FM,FM,-20.51,-68.86,48.73,Outstanding,Tidak Memerlukan Penguat (Bypass)
Barat_8km_FM_95Mhz.jpg,barat,8km,FM,FM,-28.25,-66.2,38.24,Outstanding,Tidak Memerlukan Penguat (Bypass)
Barat_8km_FM_96.06Mhz.jpg,barat,8km,FM,AM,-40.64,-64.58,24.37,Excellent,Filter Pasif / Bypass
Barat_8km_FM_97.7554Mhz.jpg,barat,8km,FM,FM,-15.03,-59.15,44.44,Outstanding,Tidak Memerlukan Penguat (Bypass)
Barat_8km_FM_97Mhz.jpg,barat,8km,FM,FM,-20.0,-60.0,40.39,Outstanding,Tidak Memerlukan Penguat (Bypass)
Barat_8km_FM_98.06Mhz.jpg,barat,8km,FM,FM,-7.21,-60.81,53.97,Outstanding,Tidak Memerlukan Penguat (Bypass)
Barat_8km_FM_98.089Mhz.jpg,barat,8km,FM,FM,-24.6,-62.3,38.04,Outstanding,Tidak Memerlukan Penguat (Bypass)
Barat_8km_FM_98.128Mhz.jpg,barat,8km,FM,FM,-28.27,-64.01,35.98,Outstanding,Tidak Memerlukan Penguat (Bypass)
Barat_8km_FM_98.129Mhz.jpg,barat,8km,FM,FM,-23.03,-66.66,43.93,Outstanding,Tidak Memerlukan Penguat (Bypass)
Barat_8km_FM_99.06Mhz.jpg,barat,8km,FM,FM,-30.05,-63.14,33.42,Outstanding,Tidak Memerlukan Penguat (Bypass)
Barat_8km_FM_99.5654Mhz.jpg,barat,8km,FM,FM,-15.04,-59.41,44.75,Outstanding,Tidak Memerlukan Penguat (Bypass)
Barat_8km_FM_99.997Mhz.jpg,barat,8km,FM,FM,-33.0,-64.61,32.19,Outstanding,Tidak Memerlukan Penguat (Bypass)
Selatan_10km_AIRBAND_108.2Mhz.jpg,selatan,10km,AM,Tidak Terdeteksi,,-65.56,0.0,Not detected,Tidak Terdeteksi (N/A)
Selatan_10km_AIRBAND_108.4Mhz.jpg,selatan,10km,AM,Tidak Terdeteksi,,-50.77,0.0,Not detected,Tidak Terdeteksi (N/A)
Selatan_10km_AIRBAND_108.6Mhz.jpg,selatan,10km,AM,FM,-36.25,-86.37,50.26,Outstanding,Tidak Memerlukan Penguat (Bypass)
Selatan_10km_AIRBAND_108.8Mhz.jpg,selatan,10km,AM,Tidak Terdeteksi,,-44.02,0.0,Not detected,Tidak Terdeteksi (N/A)
Selatan_10km_AIRBAND_108.9Mhz.jpg,selatan,10km,AM,Error,,-50.0,0.0,Error,Error
Selatan_10km_AIRBAND_109.1327Mhz.jpg,selatan,10km,AM,Tidak Terdeteksi,,-88.2,0.0,Not detected,Tidak Terdeteksi (N/A)
Selatan_10km_AIRBAND_109.3Mhz.jpg,selatan,10km,AM,Tidak Terdeteksi,,-84.51,0.0,Not detected,Tidak Terdeteksi (N/A)
Selatan_10km_AIRBAND_109.6Mhz.jpg,selatan,10km,AM,Tidak Terdeteksi,,-62.75,0.0,Not detected,Tidak Terdeteksi (N/A)
Selatan_10km_AIRBAND_109.8Mhz.jpg,selatan,10km,AM,FM,-11.78,-49.44,37.66,Outstanding,Tidak Memerlukan Penguat (Bypass)
Selatan_10km_AIRBAND_109Mhz.jpg,selatan,10km,AM,Tidak Terdeteksi,,-62.41,0.0,Not detected,Tidak Terdeteksi (N/A)
Selatan_10km_AIRBAND_110.1022Mhz.jpg,selatan,10km,AM,FM,-36.25,-85.14,49.04,Outstanding,Tidak Memerlukan Penguat (Bypass)
Selatan_10km_AIRBAND_110.1Mhz.jpg,selatan,10km,AM,Tidak Terdeteksi,,-61.18,0.0,Not detected,Tidak Terdeteksi (N/A)
Selatan_10km_AIRBAND_110.3Mhz.jpg,selatan,10km,AM,Tidak Terdeteksi,,-62.86,0.0,Not detected,Tidak Terdeteksi (N/A)
Selatan_10km_AIRBAND_110.7Mhz.jpg,selatan,10km,AM,Tidak Terdeteksi,,-62.62,0.0,Not detected,Tidak Terdeteksi (N/A)
Selatan_10km_AIRBAND_110Mhz.jpg,selatan,10km,AM,Error,,-50.0,0.0,Error,Error
Selatan_10km_AIRBAND_111.2Mhz.jpg,selatan,10km,AM,Tidak Terdeteksi,,-62.9,0.0,Not detected,Tidak Terdeteksi (N/A)
Selatan_10km_AIRBAND_111.6334Mhz.jpg,selatan,10km,AM,Tidak Terdeteksi,,-57.54,0.0,Not detected,Tidak Terdeteksi (N/A)
Selatan_10km_AIRBAND_111.6442Mhz.jpg,selatan,10km,AM,FM,-36.25,-86.34,50.23,Outstanding,Tidak Memerlukan Penguat (Bypass)
Selatan_10km_AIRBAND_111.7Mhz.jpg,selatan,10km,AM,Tidak Terdeteksi,,-61.59,0.0,Not detected,Tidak Terdeteksi (N/A)
Selatan_10km_AIRBAND_111.9618Mhz.jpg,selatan,10km,AM,Tidak Terdeteksi,,-63.69,0.0,Not detected,Tidak Terdeteksi (N/A)
Selatan_10km_AIRBAND_111Mhz.jpg,selatan,10km,AM,FM,-36.25,-86.16,50.04,Outstanding,Tidak Memerlukan Penguat (Bypass)
Selatan_10km_AIRBAND_112.4Mhz.jpg,selatan,10km,AM,FM,-36.25,-86.58,50.47,Outstanding,Tidak Memerlukan Penguat (Bypass)
Selatan_10km_AIRBAND_112.5Mhz.jpg,selatan,10km,AM,Tidak Terdeteksi,,-56.31,0.0,Not detected,Tidak Terdeteksi (N/A)
Selatan_10km_AIRBAND_112Mhz.jpg,selatan,10km,AM,Tidak Terdeteksi,,-60.22,0.0,Not detected,Tidak Terdeteksi (N/A)
Selatan_10km_AIRBAND_113.1Mhz.jpg,selatan,10km,AM,Tidak Terdeteksi,,-54.15,0.0,Not detected,Tidak Terdeteksi (N/A)
Selatan_10km_AIRBAND_113.5Mhz.jpg,selatan,10km,AM,Tidak Terdeteksi,,-64.36,0.0,Not detected,Tidak Terdeteksi (N/A)
Selatan_10km_AIRBAND_113.8Mhz.jpg,selatan,10km,AM,FM,-36.25,-85.21,49.1,Outstanding,Tidak Memerlukan Penguat (Bypass)
Selatan_10km_AIRBAND_113.9Mhz.jpg,selatan,10km,AM,FM,-36.25,-85.81,49.74,Outstanding,Tidak Memerlukan Penguat (Bypass)
Selatan_10km_AIRBAND_114.1934Mhz.jpg,selatan,10km,AM,Tidak Terdeteksi,,-58.34,0.0,Not detected,Tidak Terdeteksi (N/A)
Selatan_10km_AIRBAND_114.1985Mhz.jpg,selatan,10km,AM,Tidak Terdeteksi,,-67.76,0.0,Not detected,Tidak Terdeteksi (N/A)
Selatan_10km_AIRBAND_114.2034Mhz.jpg,selatan,10km,AM,Tidak Terdeteksi,,-55.62,0.0,Not detected,Tidak Terdeteksi (N/A)
Selatan_10km_AIRBAND_114.2043Mhz.jpg,selatan,10km,AM,Tidak Terdeteksi,,-60.91,0.0,Not detected,Tidak Terdeteksi (N/A)
Selatan_10km_AIRBAND_114.2Mhz.jpg,selatan,10km,AM,FM,-36.25,-85.9,49.81,Outstanding,Tidak Memerlukan Penguat (Bypass)
Selatan_10km_AIRBAND_114.4Mhz.jpg,selatan,10km,AM,Tidak Terdeteksi,,-60.87,0.0,Not detected,Tidak Terdeteksi (N/A)
Selatan_10km_AIRBAND_114.5113Mhz.jpg,selatan,10km,AM,Tidak Terdeteksi,,-63.11,0.0,Not detected,Tidak Terdeteksi (N/A)
Selatan_10km_AIRBAND_114.7Mhz.jpg,selatan,10km,AM,Tidak Terdeteksi,,-62.02,0.0,Not detected,Tidak Terdeteksi (N/A)
Selatan_10km_AIRBAND_114.8Mhz.jpg,selatan,10km,AM,FM,-36.06,-82.5,46.65,Outstanding,Tidak Memerlukan Penguat (Bypass)
Selatan_10km_AIRBAND_114.9Mhz.jpg,selatan,10km,AM,Tidak Terdeteksi,,-62.09,0.0,Not detected,Tidak Terdeteksi (N/A)
Selatan_10km_AIRBAND_114Mhz.jpg,selatan,10km,AM,Tidak Terdeteksi,,-85.88,0.0,Not detected,Tidak Terdeteksi (N/A)
Selatan_10km_AIRBAND_115.3415Mhz.jpg,selatan,10km,AM,Tidak Terdeteksi,,-65.43,0.0,Not detected,Tidak Terdeteksi (N/A)
Selatan_10km_AIRBAND_115.3598Mhz.jpg,selatan,10km,AM,Tidak Terdeteksi,,-61.19,0.0,Not detected,Tidak Terdeteksi (N/A)
Selatan_10km_AIRBAND_115.362Mhz.jpg,selatan,10km,AM,Tidak Terdeteksi,,-68.53,0.0,Not detected,Tidak Terdeteksi (N/A)
Selatan_10km_AIRBAND_115.7424Mhz.jpg,selatan,10km,AM,Tidak Terdeteksi,,-61.84,0.0,Not detected,Tidak Terdeteksi (N/A)
Selatan_10km_AIRBAND_115.7Mhz.jpg,selatan,10km,AM,FM,-36.25,-85.79,49.68,Outstanding,Tidak Memerlukan Penguat (Bypass)
Selatan_10km_AIRBAND_115Mhz.jpg,selatan,10km,AM,AM,-45.02,-60.55,15.88,Good,Filter Pasif / Bypass
Selatan_10km_AIRBAND_116.8Mhz.jpg,selatan,10km,AM,FM,-36.25,-85.76,49.66,Outstanding,Tidak Memerlukan Penguat (Bypass)
Selatan_10km_AIRBAND_116Mhz.jpg,selatan,10km,AM,FM,-61.02,-83.32,22.56,Excellent,Low Noise Amplifier (LNA) Khusus VHF/FM
Selatan_10km_AIRBAND_117Mhz.jpg,selatan,10km,AM,Tidak Terdeteksi,,-64.75,0.0,Not detected,Tidak Terdeteksi (N/A)
Selatan_10km_AIRBAND_118.9904Mhz.jpg,selatan,10km,AM,AM,-43.93,-60.78,16.96,Good,Filter Pasif / Bypass
Selatan_10km_AIRBAND_118.9954Mhz.jpg,selatan,10km,AM,FM,-30.04,-47.66,17.76,Good,Penguat High-Linearity / Attenuator Pasif
Selatan_10km_AIRBAND_118.9977Mhz.jpg,selatan,10km,AM,FM,-36.97,-60.68,23.89,Excellent,Penguat High-Linearity / Attenuator Pasif
Selatan_10km_AIRBAND_118.9Mhz.jpg,selatan,10km,AM,FM,-36.25,-85.82,49.74,Outstanding,Tidak Memerlukan Penguat (Bypass)
Selatan_10km_AIRBAND_118Mhz.jpg,selatan,10km,AM,Tidak Terdeteksi,,-64.17,0.0,Not detected,Tidak Terdeteksi (N/A)
Selatan_10km_AIRBAND_119.0024Mhz.jpg,selatan,10km,AM,AM,-41.75,-60.1,18.49,Good,Filter Pasif / Bypass
Selatan_10km_AIRBAND_119.0115Mhz.jpg,selatan,10km,AM,FM,-36.39,-89.84,53.65,Outstanding,Tidak Memerlukan Penguat (Bypass)
Selatan_10km_AIRBAND_119.8266Mhz.jpg,selatan,10km,AM,AM,-48.95,-65.72,16.98,Good,Filter Pasif / Bypass
Selatan_10km_AIRBAND_119.8278Mhz.jpg,selatan,10km,AM,AM,-44.17,-60.26,16.25,Good,Filter Pasif / Bypass
Selatan_10km_AIRBAND_119.8381Mhz.jpg,selatan,10km,AM,FM,-36.53,-89.79,53.39,Outstanding,Tidak Memerlukan Penguat (Bypass)
Selatan_10km_AIRBAND_119.9Mhz.jpg,selatan,10km,AM,FM,-36.56,-89.79,53.36,Outstanding,Tidak Memerlukan Penguat (Bypass)
Selatan_10km_AIRBAND_119Mhz.jpg,selatan,10km,AM,FM,-30.93,-48.26,17.5,Good,Penguat High-Linearity / Attenuator Pasif
Selatan_10km_AIRBAND_120.3657Mhz.jpg,selatan,10km,AM,FM,-75.01,-106.27,31.55,Outstanding,Tidak Memerlukan Penguat (Bypass)
Selatan_10km_AIRBAND_120.5Mhz.jpg,selatan,10km,AM,FM,-36.57,-89.88,53.45,Outstanding,Tidak Memerlukan Penguat (Bypass)
Selatan_10km_AIRBAND_120Mhz.jpg,selatan,10km,AM,AM,-71.4,-87.62,16.35,Good,Low Noise Amplifier (LNA) HF/VHF
Selatan_10km_AIRBAND_121.1Mhz.jpg,selatan,10km,AM,Tidak Terdeteksi,,-64.6,0.0,Not detected,Tidak Terdeteksi (N/A)
Selatan_10km_AIRBAND_121.8Mhz.jpg,selatan,10km,AM,Tidak Terdeteksi,,-60.57,0.0,Not detected,Tidak Terdeteksi (N/A)
Selatan_10km_AIRBAND_121Mhz.jpg,selatan,10km,AM,Tidak Terdeteksi,,-65.21,0.0,Not detected,Tidak Terdeteksi (N/A)
Selatan_10km_AIRBAND_122.2Mhz.jpg,selatan,10km,AM,Tidak Terdeteksi,,-59.57,0.0,Not detected,Tidak Terdeteksi (N/A)
Selatan_10km_AIRBAND_122.8Mhz.jpg,selatan,10km,AM,Tidak Terdeteksi,,-44.79,0.0,Not detected,Tidak Terdeteksi (N/A)
Selatan_10km_AIRBAND_122Mhz.jpg,selatan,10km,AM,Tidak Terdeteksi,,-59.3,0.0,Not detected,Tidak Terdeteksi (N/A)
Selatan_10km_AIRBAND_123.1926Mhz.jpg,selatan,10km,AM,Tidak Terdeteksi,,-60.44,0.0,Not detected,Tidak Terdeteksi (N/A)
Selatan_10km_AIRBAND_123.195Mhz.jpg,selatan,10km,AM,Tidak Terdeteksi,,-45.43,0.0,Not detected,Tidak Terdeteksi (N/A)
Selatan_10km_AIRBAND_123.9338Mhz.jpg,selatan,10km,AM,Tidak Terdeteksi,,-59.76,0.0,Not detected,Tidak Terdeteksi (N/A)
Selatan_10km_AIRBAND_123.9903Mhz.jpg,selatan,10km,AM,Tidak Terdeteksi,,-59.93,0.0,Not detected,Tidak Terdeteksi (N/A)
Selatan_10km_AIRBAND_123Mhz.jpg,selatan,10km,AM,Tidak Terdeteksi,,-61.56,0.0,Not detected,Tidak Terdeteksi (N/A)
Selatan_10km_AIRBAND_124.0107Mhz.jpg,selatan,10km,AM,AM,-55.51,-67.9,12.62,Good,Filter Pasif / Bypass
Selatan_10km_AIRBAND_124Mhz.jpg,selatan,10km,AM,Tidak Terdeteksi,,-61.76,0.0,Not detected,Tidak Terdeteksi (N/A)
Selatan_10km_AIRBAND_126Mhz.jpg,selatan,10km,AM,Tidak Terdeteksi,,-46.02,0.0,Not detected,Tidak Terdeteksi (N/A)
Selatan_10km_AIRBAND_127.8Mhz.jpg,selatan,10km,AM,Tidak Terdeteksi,,-58.54,0.0,Not detected,Tidak Terdeteksi (N/A)
Selatan_10km_AIRBAND_127Mhz.jpg,selatan,10km,AM,FM,-36.62,-87.68,51.26,Outstanding,Tidak Memerlukan Penguat (Bypass)
Selatan_10km_AIRBAND_128.6Mhz.jpg,selatan,10km,AM,Tidak Terdeteksi,,-56.93,0.0,Not detected,Tidak Terdeteksi (N/A)
Selatan_10km_AIRBAND_128Mhz.jpg,selatan,10km,AM,Tidak Terdeteksi,,-58.46,0.0,Not detected,Tidak Terdeteksi (N/A)
Selatan_10km_AIRBAND_129.5Mhz.jpg,selatan,10km,AM,Tidak Terdeteksi,,-63.54,0.0,Not detected,Tidak Terdeteksi (N/A)
Selatan_10km_AIRBAND_129Mhz.jpg,selatan,10km,AM,Tidak Terdeteksi,,-65.56,0.0,Not detected,Tidak Terdeteksi (N/A)
Selatan_10km_AIRBAND_130.1Mhz.jpg,selatan,10km,AM,Tidak Terdeteksi,,-43.84,0.0,Not detected,Tidak Terdeteksi (N/A)
Selatan_10km_AIRBAND_130.8Mhz.jpg,selatan,10km,AM,Tidak Terdeteksi,,-58.27,0.0,Not detected,Tidak Terdeteksi (N/A)
Selatan_10km_AIRBAND_130Mhz.jpg,selatan,10km,AM,AM,-39.85,-90.79,51.05,Outstanding,Tidak Memerlukan Penguat (Bypass)
Selatan_10km_AIRBAND_131Mhz.jpg,selatan,10km,AM,FM,-46.36,-100.02,53.79,Outstanding,Tidak Memerlukan Penguat (Bypass)
Selatan_10km_AIRBAND_132Mhz.jpg,selatan,10km,AM,Tidak Terdeteksi,,-59.84,0.0,Not detected,Tidak Terdeteksi (N/A)
Selatan_10km_AIRBAND_134.497Mhz.jpg,selatan,10km,AM,FM,-46.17,-58.62,12.58,Good,Penguat High-Linearity / Attenuator Pasif
Selatan_10km_AIRBAND_134Mhz.jpg,selatan,10km,AM,Tidak Terdeteksi,,-87.1,0.0,Not detected,Tidak Terdeteksi (N/A)
Selatan_10km_AIRBAND_135Mhz.jpg,selatan,10km,AM,Tidak Terdeteksi,,-43.37,0.0,Not detected,Tidak Terdeteksi (N/A)
Selatan_10km_AIRBAND_136Mhz.jpg,selatan,10km,AM,Tidak Terdeteksi,,-57.77,0.0,Not detected,Tidak Terdeteksi (N/A)
Selatan_10km_AIRBAND_137Mhz.jpg,selatan,10km,AM,FM,-28.53,-59.31,30.96,Outstanding,Tidak Memerlukan Penguat (Bypass)
Selatan_10km_ETC_137.0095Mhz.jpg,selatan,10km,ETC,Tidak Terdeteksi,,-63.21,0.0,Not detected,Tidak Terdeteksi (N/A)
Selatan_10km_ETC_141Mhz.jpg,selatan,10km,ETC,Tidak Terdeteksi,,-85.9,0.0,Not detected,Tidak Terdeteksi (N/A)
Selatan_10km_ETC_52.1307Mhz.jpg,selatan,10km,ETC,Tidak Terdeteksi,,-85.97,0.0,Not detected,Tidak Terdeteksi (N/A)
Selatan_10km_ETC_unknown.jpg,selatan,10km,ETC,FM,-36.06,-79.73,43.99,Outstanding,Tidak Memerlukan Penguat (Bypass)
Selatan_10km_FM_100.1122Mhz.jpg,selatan,10km,FM,FM,-36.25,-86.29,50.2,Outstanding,Tidak Memerlukan Penguat (Bypass)
Selatan_10km_FM_100.2Mhz.jpg,selatan,10km,FM,Tidak Terdeteksi,,-56.17,0.0,Not detected,Tidak Terdeteksi (N/A)
Selatan_10km_FM_100.4Mhz.jpg,selatan,10km,FM,AM,-87.58,-107.83,20.72,Excellent,Low Noise Amplifier (LNA) HF/VHF
Selatan_10km_FM_100.9Mhz.jpg,selatan,10km,FM,Tidak Terdeteksi,,-60.82,0.0,Not detected,Tidak Terdeteksi (N/A)
Selatan_10km_FM_100Mhz.jpg,selatan,10km,FM,FM,-36.06,-85.87,49.97,Outstanding,Tidak Memerlukan Penguat (Bypass)
Selatan_10km_FM_101.2Mhz.jpg,selatan,10km,FM,AM,-46.74,-63.72,17.19,Good,Filter Pasif / Bypass
Selatan_10km_FM_101.586Mhz.jpg,selatan,10km,FM,AM,-36.46,-61.79,25.43,Excellent,Filter Pasif / Bypass
Selatan_10km_FM_101.58Mhz.jpg,selatan,10km,FM,AM,-42.19,-62.82,20.76,Excellent,Filter Pasif / Bypass
Selatan_10km_FM_101.5Mhz.jpg,selatan,10km,FM,AM,-47.64,-63.15,15.73,Good,Filter Pasif / Bypass
Selatan_10km_FM_101.608Mhz.jpg,selatan,10km,FM,FM,-36.25,-86.52,50.43,Outstanding,Tidak Memerlukan Penguat (Bypass)
Selatan_10km_FM_101.6Mhz.jpg,selatan,10km,FM,FM,-32.89,-48.07,15.36,Good,Penguat High-Linearity / Attenuator Pasif
Selatan_10km_FM_101.8Mhz.jpg,selatan,10km,FM,FM,-36.06,-86.51,50.61,Outstanding,Tidak Memerlukan Penguat (Bypass)
Selatan_10km_FM_101.9Mhz.jpg,selatan,10km,FM,AM,-46.16,-60.3,14.32,Good,Filter Pasif / Bypass
Selatan_10km_FM_101Mhz.jpg,selatan,10km,FM,Tidak Terdeteksi,,-61.76,0.0,Not detected,Tidak Terdeteksi (N/A)
Selatan_10km_FM_102.1083Mhz.jpg,selatan,10km,FM,FM,-36.25,-85.82,49.74,Outstanding,Tidak Memerlukan Penguat (Bypass)
Selatan_10km_FM_102.3Mhz.jpg,selatan,10km,FM,Tidak Terdeteksi,,-61.47,0.0,Not detected,Tidak Terdeteksi (N/A)
Selatan_10km_FM_102.5Mhz.jpg,selatan,10km,FM,Error,,-50.0,0.0,Error,Error
Selatan_10km_FM_102.8Mhz.jpg,selatan,10km,FM,AM,-52.92,-69.95,17.4,Good,Filter Pasif / Bypass
Selatan_10km_FM_102.9Mhz.jpg,selatan,10km,FM,Tidak Terdeteksi,,-68.74,0.0,Not detected,Tidak Terdeteksi (N/A)
Selatan_10km_FM_102Mhz.jpg,selatan,10km,FM,AM,-44.02,-60.36,16.5,Good,Filter Pasif / Bypass
Selatan_10km_FM_103.2Mhz.jpg,selatan,10km,FM,Tidak Terdeteksi,,-60.33,0.0,Not detected,Tidak Terdeteksi (N/A)
Selatan_10km_FM_103.4Mhz.jpg,selatan,10km,FM,FM,-36.25,-87.55,51.42,Outstanding,Tidak Memerlukan Penguat (Bypass)
Selatan_10km_FM_103.6Mhz.jpg,selatan,10km,FM,Tidak Terdeteksi,,-64.91,0.0,Not detected,Tidak Terdeteksi (N/A)
Selatan_10km_FM_103.8Mhz.jpg,selatan,10km,FM,Tidak Terdeteksi,,-45.0,0.0,Not detected,Tidak Terdeteksi (N/A)
Selatan_10km_FM_103Mhz.jpg,selatan,10km,FM,Tidak Terdeteksi,,-60.64,0.0,Not detected,Tidak Terdeteksi (N/A)
Selatan_10km_FM_104.1Mhz.jpg,selatan,10km,FM,FM,-12.59,-74.03,61.61,Outstanding,Tidak Memerlukan Penguat (Bypass)
Selatan_10km_FM_104.5Mhz.jpg,selatan,10km,FM,Tidak Terdeteksi,,-44.19,0.0,Not detected,Tidak Terdeteksi (N/A)
Selatan_10km_FM_104.803Mhz.jpg,selatan,10km,FM,FM,-36.06,-85.01,49.08,Outstanding,Tidak Memerlukan Penguat (Bypass)
Selatan_10km_FM_104.8Mhz.jpg,selatan,10km,FM,FM,-36.06,-86.08,50.19,Outstanding,Tidak Memerlukan Penguat (Bypass)
Selatan_10km_FM_104.9Mhz.jpg,selatan,10km,FM,FM,-36.25,-85.81,49.75,Outstanding,Tidak Memerlukan Penguat (Bypass)
Selatan_10km_FM_105.1Mhz.jpg,selatan,10km,FM,FM,-36.25,-81.72,45.71,Outstanding,Tidak Memerlukan Penguat (Bypass)
Selatan_10km_FM_105.2Mhz.jpg,selatan,10km,FM,Tidak Terdeteksi,,-44.69,0.0,Not detected,Tidak Terdeteksi (N/A)
Selatan_10km_FM_105.3Mhz.jpg,selatan,10km,FM,Tidak Terdeteksi,,-58.54,0.0,Not detected,Tidak Terdeteksi (N/A)
Selatan_10km_FM_105.4Mhz.jpg,selatan,10km,FM,Tidak Terdeteksi,,-59.68,0.0,Not detected,Tidak Terdeteksi (N/A)
Selatan_10km_FM_105.5Mhz.jpg,selatan,10km,FM,FM,-36.06,-85.03,49.11,Outstanding,Tidak Memerlukan Penguat (Bypass)
Selatan_10km_FM_105Mhz.jpg,selatan,10km,FM,Tidak Terdeteksi,,-64.62,0.0,Not detected,Tidak Terdeteksi (N/A)
Selatan_10km_FM_106.1Mhz.jpg,selatan,10km,FM,Error,,-50.0,0.0,Error,Error
Selatan_10km_FM_106.2Mhz.jpg,selatan,10km,FM,Error,,-50.0,0.0,Error,Error
Selatan_10km_FM_106.3Mhz.jpg,selatan,10km,FM,Tidak Terdeteksi,,-60.59,0.0,Not detected,Tidak Terdeteksi (N/A)
Selatan_10km_FM_106.5Mhz.jpg,selatan,10km,FM,Tidak Terdeteksi,,-60.78,0.0,Not detected,Tidak Terdeteksi (N/A)
Selatan_10km_FM_107.2Mhz.jpg,selatan,10km,FM,FM,-81.51,-112.55,31.49,Outstanding,Tidak Memerlukan Penguat (Bypass)
Selatan_10km_FM_107.7Mhz.jpg,selatan,10km,FM,Tidak Terdeteksi,,-57.98,0.0,Not detected,Tidak Terdeteksi (N/A)
Selatan_10km_FM_107.9Mhz.jpg,selatan,10km,FM,Tidak Terdeteksi,,-61.95,0.0,Not detected,Tidak Terdeteksi (N/A)
Selatan_10km_FM_107Mhz.jpg,selatan,10km,FM,AM,-49.24,-61.4,12.41,Good,Filter Pasif / Bypass
Selatan_10km_FM_108Mhz.jpg,selatan,10km,FM,FM,-36.25,-85.8,49.76,Outstanding,Tidak Memerlukan Penguat (Bypass)
Selatan_10km_FM_87.389Mhz.jpg,selatan,10km,FM,AM,-45.33,-60.96,15.82,Good,Filter Pasif / Bypass
Selatan_10km_FM_87.39Mhz.jpg,selatan,10km,FM,FM,-44.93,-81.21,36.52,Outstanding,Tidak Memerlukan Penguat (Bypass)
Selatan_10km_FM_87.402Mhz.jpg,selatan,10km,FM,FM,-40.76,-79.48,38.88,Outstanding,Tidak Memerlukan Penguat (Bypass)
Selatan_10km_FM_87.4Mhz.jpg,selatan,10km,FM,FM,-28.6,-43.29,14.87,Good,Penguat High-Linearity / Attenuator Pasif
Selatan_10km_FM_87.8Mhz.jpg,selatan,10km,FM,AM,-42.88,-57.72,15.03,Good,Filter Pasif / Bypass
Selatan_10km_FM_87Mhz.jpg,selatan,10km,FM,Tidak Terdeteksi,,-79.83,0.0,Not detected,Tidak Terdeteksi (N/A)
Selatan_10km_FM_88.1Mhz.jpg,selatan,10km,FM,FM,-36.49,-54.45,18.1,Good,Penguat High-Linearity / Attenuator Pasif
Selatan_10km_FM_88.2Mhz.jpg,selatan,10km,FM,AM,-72.77,-87.4,15.08,Good,Low Noise Amplifier (LNA) HF/VHF
Selatan_10km_FM_88.5Mhz.jpg,selatan,10km,FM,AM,-49.14,-63.56,14.71,Good,Filter Pasif / Bypass
Selatan_10km_FM_88.6Mhz.jpg,selatan,10km,FM,Tidak Terdeteksi,,-52.71,0.0,Not detected,Tidak Terdeteksi (N/A)
Selatan_10km_FM_88.9Mhz.jpg,selatan,10km,FM,Tidak Terdeteksi,,-57.38,0.0,Not detected,Tidak Terdeteksi (N/A)
Selatan_10km_FM_88Mhz.jpg,selatan,10km,FM,FM,-36.06,-79.38,43.58,Outstanding,Tidak Memerlukan Penguat (Bypass)
Selatan_10km_FM_89.3Mhz.jpg,selatan,10km,FM,AM,-69.25,-84.35,15.6,Good,Low Noise Amplifier (LNA) HF/VHF
Selatan_10km_FM_89.45Mhz.jpg,selatan,10km,FM,FM,-36.25,-77.44,41.56,Outstanding,Tidak Memerlukan Penguat (Bypass)
Selatan_10km_FM_89.8Mhz.jpg,selatan,10km,FM,Tidak Terdeteksi,,-52.81,0.0,Not detected,Tidak Terdeteksi (N/A)
Selatan_10km_FM_89Mhz.jpg,selatan,10km,FM,FM,-36.25,-79.95,44.0,Outstanding,Tidak Memerlukan Penguat (Bypass)
Selatan_10km_FM_90.1224Mhz.jpg,selatan,10km,FM,FM,-36.54,-89.85,53.45,Outstanding,Tidak Memerlukan Penguat (Bypass)
Selatan_10km_FM_90.1Mhz.jpg,selatan,10km,FM,Tidak Terdeteksi,,-49.98,0.0,Not detected,Tidak Terdeteksi (N/A)
Selatan_10km_FM_90.4Mhz.jpg,selatan,10km,FM,Tidak Terdeteksi,,-53.58,0.0,Not detected,Tidak Terdeteksi (N/A)
Selatan_10km_FM_90.6Mhz.jpg,selatan,10km,FM,Tidak Terdeteksi,,-61.22,0.0,Not detected,Tidak Terdeteksi (N/A)
Selatan_10km_FM_90.8Mhz.jpg,selatan,10km,FM,Tidak Terdeteksi,,-54.68,0.0,Not detected,Tidak Terdeteksi (N/A)
Selatan_10km_FM_90Mhz.jpg,selatan,10km,FM,FM,-36.25,-77.61,41.55,Outstanding,Tidak Memerlukan Penguat (Bypass)
Selatan_10km_FM_91.09Mhz.jpg,selatan,10km,FM,FM,-36.25,-78.12,42.34,Outstanding,Tidak Memerlukan Penguat (Bypass)
Selatan_10km_FM_91.1042Mhz.jpg,selatan,10km,FM,FM,-36.25,-86.93,50.88,Outstanding,Tidak Memerlukan Penguat (Bypass)
Selatan_10km_FM_91.1214Mhz.jpg,selatan,10km,FM,FM,-36.25,-86.63,50.56,Outstanding,Tidak Memerlukan Penguat (Bypass)
Selatan_10km_FM_91.2Mhz.jpg,selatan,10km,FM,FM,-36.25,-76.28,40.38,Outstanding,Tidak Memerlukan Penguat (Bypass)
Selatan_10km_FM_91.399Mhz.jpg,selatan,10km,FM,AM,-62.49,-83.31,21.01,Excellent,Low Noise Amplifier (LNA) HF/VHF
Selatan_10km_FM_91.3Mhz.jpg,selatan,10km,FM,Tidak Terdeteksi,,-57.32,0.0,Not detected,Tidak Terdeteksi (N/A)
Selatan_10km_FM_91.4Mhz.jpg,selatan,10km,FM,FM,-36.06,-76.96,41.27,Outstanding,Tidak Memerlukan Penguat (Bypass)
Selatan_10km_FM_91.5Mhz.jpg,selatan,10km,FM,Tidak Terdeteksi,,-50.72,0.0,Not detected,Tidak Terdeteksi (N/A)
Selatan_10km_FM_91Mhz.jpg,selatan,10km,FM,Tidak Terdeteksi,,-54.93,0.0,Not detected,Tidak Terdeteksi (N/A)
Selatan_10km_FM_92.1Mhz.jpg,selatan,10km,FM,FM,-36.25,-78.3,42.25,Outstanding,Tidak Memerlukan Penguat (Bypass)
Selatan_10km_FM_92.5Mhz.jpg,selatan,10km,FM,Tidak Terdeteksi,,-40.67,0.0,Not detected,Tidak Terdeteksi (N/A)
Selatan_10km_FM_92.7Mhz.jpg,selatan,10km,FM,AM,-45.67,-60.02,14.66,Good,Filter Pasif / Bypass
Selatan_10km_FM_92Mhz.jpg,selatan,10km,FM,FM,-36.25,-77.0,41.19,Outstanding,Tidak Memerlukan Penguat (Bypass)
Selatan_10km_FM_93.1Mhz.jpg,selatan,10km,FM,Tidak Terdeteksi,,-49.56,0.0,Not detected,Tidak Terdeteksi (N/A)
Selatan_10km_FM_93.3Mhz.jpg,selatan,10km,FM,Tidak Terdeteksi,,-57.14,0.0,Not detected,Tidak Terdeteksi (N/A)
Selatan_10km_FM_93.4Mhz.jpg,selatan,10km,FM,FM,-36.25,-77.1,41.27,Outstanding,Tidak Memerlukan Penguat (Bypass)
Selatan_10km_FM_93.5Mhz.jpg,selatan,10km,FM,Tidak Terdeteksi,,-57.46,0.0,Not detected,Tidak Terdeteksi (N/A)
Selatan_10km_FM_93.8Mhz.jpg,selatan,10km,FM,Tidak Terdeteksi,,-60.68,0.0,Not detected,Tidak Terdeteksi (N/A)
Selatan_10km_FM_93Mhz.jpg,selatan,10km,FM,FM,-36.25,-75.3,39.38,Outstanding,Tidak Memerlukan Penguat (Bypass)
Selatan_10km_FM_94.15Mhz.jpg,selatan,10km,FM,Tidak Terdeteksi,,-96.38,0.0,Not detected,Tidak Terdeteksi (N/A)
Selatan_10km_FM_94.1Mhz.jpg,selatan,10km,FM,Tidak Terdeteksi,,-57.98,0.0,Not detected,Tidak Terdeteksi (N/A)
Selatan_10km_FM_94.3Mhz.jpg,selatan,10km,FM,FM,-12.36,-64.99,53.02,Outstanding,Tidak Memerlukan Penguat (Bypass)
Selatan_10km_FM_94.4Mhz.jpg,selatan,10km,FM,Tidak Terdeteksi,,-57.97,0.0,Not detected,Tidak Terdeteksi (N/A)
Selatan_10km_FM_94.5Mhz.jpg,selatan,10km,FM,Tidak Terdeteksi,,-49.32,0.0,Not detected,Tidak Terdeteksi (N/A)
Selatan_10km_FM_94.6Mhz.jpg,selatan,10km,FM,FM,-36.25,-81.24,45.24,Outstanding,Tidak Memerlukan Penguat (Bypass)
Selatan_10km_FM_94.7Mhz.jpg,selatan,10km,FM,Tidak Terdeteksi,,-54.26,0.0,Not detected,Tidak Terdeteksi (N/A)
Selatan_10km_FM_94.9Mhz.jpg,selatan,10km,FM,FM,-36.06,-82.02,46.17,Outstanding,Tidak Memerlukan Penguat (Bypass)
Selatan_10km_FM_94Mhz.jpg,selatan,10km,FM,FM,-36.25,-79.29,43.41,Outstanding,Tidak Memerlukan Penguat (Bypass)
Selatan_10km_FM_95.1Mhz.jpg,selatan,10km,FM,Tidak Terdeteksi,,-63.71,0.0,Not detected,Tidak Terdeteksi (N/A)
Selatan_10km_FM_95.2Mhz.jpg,selatan,10km,FM,Tidak Terdeteksi,,-62.5,0.0,Not detected,Tidak Terdeteksi (N/A)
Selatan_10km_FM_95.6Mhz.jpg,selatan,10km,FM,FM,-46.25,-92.15,46.09,Outstanding,Tidak Memerlukan Penguat (Bypass)
Selatan_10km_FM_95.8Mhz.jpg,selatan,10km,FM,Tidak Terdeteksi,,-59.08,0.0,Not detected,Tidak Terdeteksi (N/A)
Selatan_10km_FM_95.9Mhz.jpg,selatan,10km,FM,Tidak Terdeteksi,,-58.37,0.0,Not detected,Tidak Terdeteksi (N/A)
Selatan_10km_FM_95Mhz.jpg,selatan,10km,FM,FM,-36.06,-81.18,45.32,Outstanding,Tidak Memerlukan Penguat (Bypass)
Selatan_10km_FM_96.3Mhz.jpg,selatan,10km,FM,Tidak Terdeteksi,,-59.52,0.0,Not detected,Tidak Terdeteksi (N/A)
Selatan_10km_FM_96.4Mhz.jpg,selatan,10km,FM,Tidak Terdeteksi,,-57.68,0.0,Not detected,Tidak Terdeteksi (N/A)
Selatan_10km_FM_96.6Mhz.jpg,selatan,10km,FM,FM,-36.06,-82.16,46.32,Outstanding,Tidak Memerlukan Penguat (Bypass)
Selatan_10km_FM_96.8Mhz.jpg,selatan,10km,FM,Tidak Terdeteksi,,-49.7,0.0,Not detected,Tidak Terdeteksi (N/A)
Selatan_10km_FM_96.9Mhz.jpg,selatan,10km,FM,FM,-36.06,-84.18,48.26,Outstanding,Tidak Memerlukan Penguat (Bypass)
Selatan_10km_FM_96Mhz.jpg,selatan,10km,FM,Tidak Terdeteksi,,-78.66,0.0,Not detected,Tidak Terdeteksi (N/A)
Selatan_10km_FM_97.1Mhz.jpg,selatan,10km,FM,Tidak Terdeteksi,,-45.07,0.0,Not detected,Tidak Terdeteksi (N/A)
Selatan_10km_FM_97.3Mhz.jpg,selatan,10km,FM,FM,-36.06,-84.78,48.79,Outstanding,Tidak Memerlukan Penguat (Bypass)
Selatan_10km_FM_97.4Mhz.jpg,selatan,10km,FM,FM,-36.25,-84.33,48.24,Outstanding,Tidak Memerlukan Penguat (Bypass)
Selatan_10km_FM_97.6Mhz.jpg,selatan,10km,FM,Tidak Terdeteksi,,-57.63,0.0,Not detected,Tidak Terdeteksi (N/A)
Selatan_10km_FM_97.9Mhz.jpg,selatan,10km,FM,FM,-36.25,-83.68,47.59,Outstanding,Tidak Memerlukan Penguat (Bypass)
Selatan_10km_FM_97Mhz.jpg,selatan,10km,FM,Tidak Terdeteksi,,-59.72,0.0,Not detected,Tidak Terdeteksi (N/A)
Selatan_10km_FM_98.167Mhz.jpg,selatan,10km,FM,FM,-36.06,-85.75,49.86,Outstanding,Tidak Memerlukan Penguat (Bypass)
Selatan_10km_FM_98.175Mhz.jpg,selatan,10km,FM,FM,-40.16,-86.59,46.58,Outstanding,Tidak Memerlukan Penguat (Bypass)
Selatan_10km_FM_98.1Mhz.jpg,selatan,10km,FM,Tidak Terdeteksi,,-45.95,0.0,Not detected,Tidak Terdeteksi (N/A)
Selatan_10km_FM_98.2Mhz.jpg,selatan,10km,FM,Tidak Terdeteksi,,-59.88,0.0,Not detected,Tidak Terdeteksi (N/A)
Selatan_10km_FM_98.6Mhz.jpg,selatan,10km,FM,Tidak Terdeteksi,,-46.87,0.0,Not detected,Tidak Terdeteksi (N/A)
Selatan_10km_FM_98.7Mhz.jpg,selatan,10km,FM,FM,-36.25,-85.14,49.08,Outstanding,Tidak Memerlukan Penguat (Bypass)
Selatan_10km_FM_98.8Mhz.jpg,selatan,10km,FM,Tidak Terdeteksi,,-63.08,0.0,Not detected,Tidak Terdeteksi (N/A)
Selatan_10km_FM_98.9Mhz.jpg,selatan,10km,FM,FM,-36.25,-85.17,49.08,Outstanding,Tidak Memerlukan Penguat (Bypass)
Selatan_10km_FM_98Mhz.jpg,selatan,10km,FM,Tidak Terdeteksi,,-60.82,0.0,Not detected,Tidak Terdeteksi (N/A)
Selatan_10km_FM_99.024Mhz.jpg,selatan,10km,FM,AM,-55.46,-67.95,12.68,Good,Filter Pasif / Bypass
Selatan_10km_FM_99.1Mhz.jpg,selatan,10km,FM,Error,,-50.0,0.0,Error,Error
Selatan_10km_FM_99.2Mhz.jpg,selatan,10km,FM,FM,-36.25,-85.38,49.26,Outstanding,Tidak Memerlukan Penguat (Bypass)
Selatan_10km_FM_99.6Mhz.jpg,selatan,10km,FM,Tidak Terdeteksi,,-63.05,0.0,Not detected,Tidak Terdeteksi (N/A)
Selatan_10km_FM_99.7Mhz.jpg,selatan,10km,FM,Tidak Terdeteksi,,-59.13,0.0,Not detected,Tidak Terdeteksi (N/A)
Selatan_10km_FM_99.985Mhz.jpg,selatan,10km,FM,Tidak Terdeteksi,,-47.23,0.0,Not detected,Tidak Terdeteksi (N/A)
Selatan_10km_FM_99.9Mhz.jpg,selatan,10km,FM,FM,-63.39,-88.28,25.32,Excellent,Low Noise Amplifier (LNA) Khusus VHF/FM
Selatan_10km_FM_99Mhz.jpg,selatan,10km,FM,Tidak Terdeteksi,,-86.59,0.0,Not detected,Tidak Terdeteksi (N/A)
Selatan_2km_AIRBAND_108.6074Mhz.jpg,selatan,2km,AM,FM,-13.82,-60.54,47.67,Outstanding,Tidak Memerlukan Penguat (Bypass)
Selatan_2km_AIRBAND_110.3443Mhz.jpg,selatan,2km,AM,Tidak Terdeteksi,,-67.62,0.0,Not detected,Tidak Terdeteksi (N/A)
Selatan_2km_AIRBAND_110.8154Mhz.jpg,selatan,2km,AM,AM,-28.33,-65.1,36.97,Outstanding,Tidak Memerlukan Penguat (Bypass)
Selatan_2km_AIRBAND_110Mhz.jpg,selatan,2km,AM,Tidak Terdeteksi,,-81.53,0.0,Not detected,Tidak Terdeteksi (N/A)
Selatan_2km_AIRBAND_111.0614Mhz.jpg,selatan,2km,AM,AM,-51.95,-64.89,13.24,Good,Filter Pasif / Bypass
Selatan_2km_AIRBAND_111.2Mhz.jpg,selatan,2km,AM,Tidak Terdeteksi,,-66.43,0.0,Not detected,Tidak Terdeteksi (N/A)
Selatan_2km_AIRBAND_112Mhz.jpg,selatan,2km,AM,Error,,-50.0,0.0,Error,Error
Selatan_2km_AIRBAND_114.9Mhz.jpg,selatan,2km,AM,Tidak Terdeteksi,,-73.31,0.0,Not detected,Tidak Terdeteksi (N/A)
Selatan_2km_AIRBAND_114Mhz.jpg,selatan,2km,AM,Tidak Terdeteksi,,-65.59,0.0,Not detected,Tidak Terdeteksi (N/A)
Selatan_2km_AIRBAND_115.7171Mhz.jpg,selatan,2km,AM,Tidak Terdeteksi,,-70.13,0.0,Not detected,Tidak Terdeteksi (N/A)
Selatan_2km_AIRBAND_115.7294Mhz.jpg,selatan,2km,AM,AM,-28.27,-70.95,42.88,Outstanding,Tidak Memerlukan Penguat (Bypass)
Selatan_2km_AIRBAND_115.7399Mhz.jpg,selatan,2km,AM,Tidak Terdeteksi,,-68.04,0.0,Not detected,Tidak Terdeteksi (N/A)
Selatan_2km_AIRBAND_115Mhz.jpg,selatan,2km,AM,Tidak Terdeteksi,,-63.35,0.0,Not detected,Tidak Terdeteksi (N/A)
Selatan_2km_AIRBAND_116.9Mhz.jpg,selatan,2km,AM,Tidak Terdeteksi,,-73.4,0.0,Not detected,Tidak Terdeteksi (N/A)
Selatan_2km_AIRBAND_116Mhz.jpg,selatan,2km,AM,Tidak Terdeteksi,,-77.28,0.0,Not detected,Tidak Terdeteksi (N/A)
Selatan_2km_AIRBAND_117Mhz.jpg,selatan,2km,AM,FM,-20.0,-89.5,69.59,Outstanding,Tidak Memerlukan Penguat (Bypass)
Selatan_2km_AIRBAND_118.993Mhz.jpg,selatan,2km,AM,AM,-53.03,-65.49,12.63,Good,Filter Pasif / Bypass
Selatan_2km_AIRBAND_118Mhz.jpg,selatan,2km,AM,FM,-10.0,-89.02,79.17,Outstanding,Tidak Memerlukan Penguat (Bypass)
Selatan_2km_AIRBAND_119.0047Mhz.jpg,selatan,2km,AM,FM,-43.33,-68.31,25.16,Excellent,Penguat High-Linearity / Attenuator Pasif
Selatan_2km_AIRBAND_119Mhz.jpg,selatan,2km,AM,AM,-52.7,-75.89,23.4,Excellent,Filter Pasif / Bypass
Selatan_2km_AIRBAND_120.9Mhz.jpg,selatan,2km,AM,Tidak Terdeteksi,,-66.35,0.0,Not detected,Tidak Terdeteksi (N/A)
Selatan_2km_AIRBAND_120Mhz.jpg,selatan,2km,AM,AM,-28.25,-69.04,41.0,Outstanding,Tidak Memerlukan Penguat (Bypass)
Selatan_2km_AIRBAND_122.571Mhz.jpg,selatan,2km,AM,AM,-55.14,-70.68,15.72,Good,Filter Pasif / Bypass
Selatan_2km_AIRBAND_122.8571Mhz.jpg,selatan,2km,AM,AM,-56.05,-70.37,14.57,Good,Filter Pasif / Bypass
Selatan_2km_AIRBAND_122Mhz.jpg,selatan,2km,AM,Tidak Terdeteksi,,-81.41,0.0,Not detected,Tidak Terdeteksi (N/A)
Selatan_2km_AIRBAND_123.9292Mhz.jpg,selatan,2km,AM,FM,-57.3,-73.08,15.96,Good,Penguat High-Linearity / Attenuator Pasif
Selatan_2km_AIRBAND_123Mhz.jpg,selatan,2km,AM,Tidak Terdeteksi,,-67.06,0.0,Not detected,Tidak Terdeteksi (N/A)
Selatan_2km_AIRBAND_124.0001Mhz.jpg,selatan,2km,AM,FM,-55.42,-74.38,19.2,Good,Penguat High-Linearity / Attenuator Pasif
Selatan_2km_AIRBAND_124Mhz.jpg,selatan,2km,AM,FM,-53.47,-66.68,13.45,Good,Penguat High-Linearity / Attenuator Pasif
Selatan_2km_AIRBAND_125Mhz.jpg,selatan,2km,AM,Tidak Terdeteksi,,-68.91,0.0,Not detected,Tidak Terdeteksi (N/A)
Selatan_2km_AIRBAND_126Mhz.jpg,selatan,2km,AM,Tidak Terdeteksi,,-61.34,0.0,Not detected,Tidak Terdeteksi (N/A)
Selatan_2km_AIRBAND_127Mhz.jpg,selatan,2km,AM,Tidak Terdeteksi,,-73.45,0.0,Not detected,Tidak Terdeteksi (N/A)
Selatan_2km_AIRBAND_128.0182Mhz.jpg,selatan,2km,AM,Tidak Terdeteksi,,-73.07,0.0,Not detected,Tidak Terdeteksi (N/A)
Selatan_2km_AIRBAND_128.0185Mhz.jpg,selatan,2km,AM,Tidak Terdeteksi,,-72.82,0.0,Not detected,Tidak Terdeteksi (N/A)
Selatan_2km_AIRBAND_128Mhz.jpg,selatan,2km,AM,Tidak Terdeteksi,,-65.61,0.0,Not detected,Tidak Terdeteksi (N/A)
Selatan_2km_AIRBAND_129.9Mhz.jpg,selatan,2km,AM,Tidak Terdeteksi,,-78.27,0.0,Not detected,Tidak Terdeteksi (N/A)
Selatan_2km_AIRBAND_132.8571Mhz.jpg,selatan,2km,AM,FM,-56.33,-71.24,15.11,Good,Penguat High-Linearity / Attenuator Pasif
Selatan_2km_AIRBAND_132.8572Mhz.jpg,selatan,2km,AM,FM,-55.25,-70.43,15.39,Good,Penguat High-Linearity / Attenuator Pasif
Selatan_2km_AIRBAND_132Mhz.jpg,selatan,2km,AM,Tidak Terdeteksi,,-62.28,0.0,Not detected,Tidak Terdeteksi (N/A)
Selatan_2km_AIRBAND_133Mhz.jpg,selatan,2km,AM,Tidak Terdeteksi,,-69.36,0.0,Not detected,Tidak Terdeteksi (N/A)
Selatan_2km_AIRBAND_137Mhz.jpg,selatan,2km,AM,FM,-56.08,-71.41,15.52,Good,Penguat High-Linearity / Attenuator Pasif
Selatan_2km_ETC_137.599Mhz.jpg,selatan,2km,ETC,AM,-45.28,-65.07,20.01,Excellent,Filter Pasif / Bypass
Selatan_2km_ETC_137.829Mhz.jpg,selatan,2km,ETC,AM,-48.19,-67.61,19.64,Good,Filter Pasif / Bypass
Selatan_2km_ETC_137.9Mhz.jpg,selatan,2km,ETC,FM,-53.96,-72.09,18.32,Good,Penguat High-Linearity / Attenuator Pasif
Selatan_2km_ETC_138.811Mhz.jpg,selatan,2km,ETC,FM,-54.8,-71.62,17.04,Good,Penguat High-Linearity / Attenuator Pasif
Selatan_2km_ETC_139Mhz.jpg,selatan,2km,ETC,Error,,-50.0,0.0,Error,Error
Selatan_2km_ETC_80Mhz.jpg,selatan,2km,ETC,Tidak Terdeteksi,,-69.96,0.0,Not detected,Tidak Terdeteksi (N/A)
Selatan_2km_ETC_86.457Mhz.jpg,selatan,2km,ETC,FM,-23.69,-70.22,47.37,Outstanding,Tidak Memerlukan Penguat (Bypass)
Selatan_2km_ETC_unknown.jpg,selatan,2km,ETC,FM,-28.31,-66.37,38.31,Outstanding,Tidak Memerlukan Penguat (Bypass)
Selatan_2km_FM_100.532Mhz.jpg,selatan,2km,FM,FM,-32.37,-56.72,25.06,Excellent,Penguat High-Linearity / Attenuator Pasif
Selatan_2km_FM_100.9Mhz.jpg,selatan,2km,FM,FM,-22.29,-76.47,54.47,Outstanding,Tidak Memerlukan Penguat (Bypass)
Selatan_2km_FM_100Mhz.jpg,selatan,2km,FM,FM,-23.11,-77.43,54.6,Outstanding,Tidak Memerlukan Penguat (Bypass)
Selatan_2km_FM_101.0277Mhz.jpg,selatan,2km,FM,FM,-29.93,-62.53,32.74,Outstanding,Tidak Memerlukan Penguat (Bypass)
Selatan_2km_FM_101.041Mhz.jpg,selatan,2km,FM,FM,-32.54,-56.85,25.21,Excellent,Penguat High-Linearity / Attenuator Pasif
Selatan_2km_FM_101.596Mhz.jpg,selatan,2km,FM,FM,-28.25,-69.78,42.02,Outstanding,Tidak Memerlukan Penguat (Bypass)
Selatan_2km_FM_101.602Mhz.jpg,selatan,2km,FM,FM,-28.27,-63.83,36.05,Outstanding,Tidak Memerlukan Penguat (Bypass)
Selatan_2km_FM_101.603Mhz.jpg,selatan,2km,FM,FM,-20.97,-66.13,45.75,Outstanding,Tidak Memerlukan Penguat (Bypass)
Selatan_2km_FM_101.61Mhz.jpg,selatan,2km,FM,FM,-19.49,-70.84,52.49,Outstanding,Tidak Memerlukan Penguat (Bypass)
Selatan_2km_FM_101.625Mhz.jpg,selatan,2km,FM,FM,-28.33,-65.01,37.24,Outstanding,Tidak Memerlukan Penguat (Bypass)
Selatan_2km_FM_101.97Mhz.jpg,selatan,2km,FM,FM,-28.27,-62.9,35.07,Outstanding,Tidak Memerlukan Penguat (Bypass)
Selatan_2km_FM_102.727Mhz.jpg,selatan,2km,FM,FM,-20.0,-66.71,47.13,Outstanding,Tidak Memerlukan Penguat (Bypass)
Selatan_2km_FM_102Mhz.jpg,selatan,2km,FM,FM,-22.54,-71.45,49.94,Outstanding,Tidak Memerlukan Penguat (Bypass)
Selatan_2km_FM_103.994Mhz.jpg,selatan,2km,FM,FM,-26.58,-61.39,35.13,Outstanding,Tidak Memerlukan Penguat (Bypass)
Selatan_2km_FM_103Mhz.jpg,selatan,2km,FM,FM,-20.0,-64.1,46.05,Outstanding,Tidak Memerlukan Penguat (Bypass)
Selatan_2km_FM_104.787Mhz.jpg,selatan,2km,FM,FM,-35.0,-77.23,42.44,Outstanding,Tidak Memerlukan Penguat (Bypass)
Selatan_2km_FM_104.792Mhz.jpg,selatan,2km,FM,FM,-34.51,-65.85,31.49,Outstanding,Tidak Memerlukan Penguat (Bypass)
Selatan_2km_FM_104.794Mhz.jpg,selatan,2km,FM,FM,-39.0,-79.76,40.98,Outstanding,Tidak Memerlukan Penguat (Bypass)
Selatan_2km_FM_104.802Mhz.jpg,selatan,2km,FM,FM,-35.55,-66.25,30.89,Outstanding,Tidak Memerlukan Penguat (Bypass)
Selatan_2km_FM_104.8074Mhz.jpg,selatan,2km,FM,FM,-21.53,-66.74,45.54,Outstanding,Tidak Memerlukan Penguat (Bypass)
Selatan_2km_FM_104.825Mhz.jpg,selatan,2km,FM,FM,-25.73,-64.99,39.87,Outstanding,Tidak Memerlukan Penguat (Bypass)
Selatan_2km_FM_104.9Mhz.jpg,selatan,2km,FM,FM,-42.42,-79.48,37.33,Outstanding,Tidak Memerlukan Penguat (Bypass)
Selatan_2km_FM_104Mhz.jpg,selatan,2km,FM,FM,-32.54,-65.18,32.92,Outstanding,Tidak Memerlukan Penguat (Bypass)
Selatan_2km_FM_105.204Mhz.jpg,selatan,2km,FM,FM,-35.54,-66.99,31.71,Outstanding,Tidak Memerlukan Penguat (Bypass)
Selatan_2km_FM_105.691Mhz.jpg,selatan,2km,FM,AM,-45.38,-67.82,22.69,Excellent,Filter Pasif / Bypass
Selatan_2km_FM_105Mhz.jpg,selatan,2km,FM,FM,-42.23,-78.66,36.58,Outstanding,Tidak Memerlukan Penguat (Bypass)
Selatan_2km_FM_106.612Mhz.jpg,selatan,2km,FM,AM,-28.27,-67.68,39.57,Outstanding,Tidak Memerlukan Penguat (Bypass)
Selatan_2km_FM_106.9Mhz.jpg,selatan,2km,FM,AM,-61.16,-77.7,16.79,Good,Low Noise Amplifier (LNA) HF/VHF
Selatan_2km_FM_106Mhz.jpg,selatan,2km,FM,FM,-37.32,-67.16,30.11,Outstanding,Tidak Memerlukan Penguat (Bypass)
Selatan_2km_FM_107.537Mhz.jpg,selatan,2km,FM,FM,-51.1,-79.36,28.41,Excellent,Penguat High-Linearity / Attenuator Pasif
Selatan_2km_FM_107.9Mhz.jpg,selatan,2km,FM,AM,-43.07,-66.73,23.84,Excellent,Filter Pasif / Bypass
Selatan_2km_FM_107Mhz.jpg,selatan,2km,FM,Tidak Terdeteksi,,-65.63,0.0,Not detected,Tidak Terdeteksi (N/A)
Selatan_2km_FM_108Mhz.jpg,selatan,2km,FM,FM,-62.56,-79.32,17.03,Good,Low Noise Amplifier (LNA) Khusus VHF/FM
Selatan_2km_FM_87.388Mhz.jpg,selatan,2km,FM,FM,-28.68,-63.36,34.86,Outstanding,Tidak Memerlukan Penguat (Bypass)
Selatan_2km_FM_87.397Mhz.jpg,selatan,2km,FM,AM,-12.99,-80.46,67.77,Outstanding,Tidak Memerlukan Penguat (Bypass)
Selatan_2km_FM_87.399Mhz.jpg,selatan,2km,FM,FM,-21.3,-72.64,51.68,Outstanding,Tidak Memerlukan Penguat (Bypass)
Selatan_2km_FM_87.39Mhz.jpg,selatan,2km,FM,FM,-24.44,-68.96,45.3,Outstanding,Tidak Memerlukan Penguat (Bypass)
Selatan_2km_FM_87.42Mhz.jpg,selatan,2km,FM,FM,-5.0,-68.93,64.46,Outstanding,Tidak Memerlukan Penguat (Bypass)
Selatan_2km_FM_87Mhz.jpg,selatan,2km,FM,FM,-28.33,-66.13,38.03,Outstanding,Tidak Memerlukan Penguat (Bypass)
Selatan_2km_FM_88.1627Mhz.jpg,selatan,2km,FM,FM,-21.35,-86.61,65.77,Outstanding,Tidak Memerlukan Penguat (Bypass)
Selatan_2km_FM_88Mhz.jpg,selatan,2km,FM,FM,-26.68,-79.0,52.56,Outstanding,Tidak Memerlukan Penguat (Bypass)
Selatan_2km_FM_89.7634Mhz.jpg,selatan,2km,FM,FM,-33.0,-72.64,40.02,Outstanding,Tidak Memerlukan Penguat (Bypass)
Selatan_2km_FM_89Mhz.jpg,selatan,2km,FM,AM,-55.27,-80.09,25.0,Excellent,Filter Pasif / Bypass
Selatan_2km_FM_90.596Mhz.jpg,selatan,2km,FM,FM,-24.02,-72.28,48.57,Outstanding,Tidak Memerlukan Penguat (Bypass)
Selatan_2km_FM_90.612Mhz.jpg,selatan,2km,FM,FM,-29.5,-60.78,31.63,Outstanding,Tidak Memerlukan Penguat (Bypass)
Selatan_2km_FM_90.618Mhz.jpg,selatan,2km,FM,FM,-32.07,-60.12,28.22,Excellent,Penguat High-Linearity / Attenuator Pasif
Selatan_2km_FM_90Mhz.jpg,selatan,2km,FM,Tidak Terdeteksi,,-60.51,0.0,Not detected,Tidak Terdeteksi (N/A)
Selatan_2km_FM_91.393Mhz.jpg,selatan,2km,FM,FM,-27.3,-59.58,32.56,Outstanding,Tidak Memerlukan Penguat (Bypass)
Selatan_2km_FM_91.407Mhz.jpg,selatan,2km,FM,FM,-37.88,-80.91,43.17,Outstanding,Tidak Memerlukan Penguat (Bypass)
Selatan_2km_FM_91.408Mhz.jpg,selatan,2km,FM,FM,-6.99,-68.81,62.1,Outstanding,Tidak Memerlukan Penguat (Bypass)
Selatan_2km_FM_91.5Mhz.jpg,selatan,2km,FM,FM,-42.63,-80.07,37.72,Outstanding,Tidak Memerlukan Penguat (Bypass)
Selatan_2km_FM_91.6Mhz.jpg,selatan,2km,FM,FM,-33.89,-79.55,45.85,Outstanding,Tidak Memerlukan Penguat (Bypass)
Selatan_2km_FM_91Mhz.jpg,selatan,2km,FM,FM,-28.48,-78.87,50.72,Outstanding,Tidak Memerlukan Penguat (Bypass)
Selatan_2km_FM_92.308Mhz.jpg,selatan,2km,FM,FM,-35.64,-73.7,38.26,Outstanding,Tidak Memerlukan Penguat (Bypass)
Selatan_2km_FM_92.9Mhz.jpg,selatan,2km,FM,FM,-35.47,-79.1,43.86,Outstanding,Tidak Memerlukan Penguat (Bypass)
Selatan_2km_FM_92Mhz.jpg,selatan,2km,FM,FM,-30.36,-60.0,29.85,Outstanding,Tidak Memerlukan Penguat (Bypass)
Selatan_2km_FM_93.0024Mhz.jpg,selatan,2km,FM,FM,-28.3,-63.29,35.19,Outstanding,Tidak Memerlukan Penguat (Bypass)
Selatan_2km_FM_93.296Mhz.jpg,selatan,2km,FM,AM,-50.03,-62.95,13.07,Good,Filter Pasif / Bypass
Selatan_2km_FM_93.314Mhz.jpg,selatan,2km,FM,AM,-48.07,-65.17,17.29,Good,Filter Pasif / Bypass
Selatan_2km_FM_93Mhz.jpg,selatan,2km,FM,FM,-39.22,-67.71,28.78,Excellent,Penguat High-Linearity / Attenuator Pasif
Selatan_2km_FM_94.119Mhz.jpg,selatan,2km,FM,AM,-46.81,-64.28,17.62,Good,Filter Pasif / Bypass
Selatan_2km_FM_94.85Mhz.jpg,selatan,2km,FM,FM,-29.83,-68.38,38.7,Outstanding,Tidak Memerlukan Penguat (Bypass)
Selatan_2km_FM_94.964Mhz.jpg,selatan,2km,FM,AM,-44.47,-73.51,29.17,Outstanding,Tidak Memerlukan Penguat (Bypass)
Selatan_2km_FM_94.9Mhz.jpg,selatan,2km,FM,AM,-46.96,-64.79,17.99,Good,Filter Pasif / Bypass
Selatan_2km_FM_94Mhz.jpg,selatan,2km,FM,FM,-51.5,-77.66,26.44,Excellent,Penguat High-Linearity / Attenuator Pasif
Selatan_2km_FM_95.381Mhz.jpg,selatan,2km,FM,AM,-41.1,-71.86,30.98,Outstanding,Tidak Memerlukan Penguat (Bypass)
Selatan_2km_FM_95.397Mhz.jpg,selatan,2km,FM,AM,-41.13,-73.65,32.66,Outstanding,Tidak Memerlukan Penguat (Bypass)
Selatan_2km_FM_95.704Mhz.jpg,selatan,2km,FM,AM,-41.42,-71.84,30.64,Outstanding,Tidak Memerlukan Penguat (Bypass)
Selatan_2km_FM_95Mhz.jpg,selatan,2km,FM,FM,-39.54,-72.95,33.54,Outstanding,Tidak Memerlukan Penguat (Bypass)
Selatan_2km_FM_96.503Mhz.jpg,selatan,2km,FM,AM,-29.15,-61.2,32.44,Outstanding,Tidak Memerlukan Penguat (Bypass)
Selatan_2km_FM_96.507Mhz.jpg,selatan,2km,FM,AM,-45.98,-71.95,26.23,Excellent,Filter Pasif / Bypass
Selatan_2km_FM_96.524Mhz.jpg,selatan,2km,FM,AM,-42.53,-62.61,20.36,Excellent,Filter Pasif / Bypass
Selatan_2km_FM_96.526Mhz.jpg,selatan,2km,FM,AM,-52.24,-72.44,20.37,Excellent,Filter Pasif / Bypass
Selatan_2km_FM_96.5Mhz.jpg,selatan,2km,FM,AM,-19.45,-75.54,56.24,Outstanding,Tidak Memerlukan Penguat (Bypass)
Selatan_2km_FM_97.9Mhz.jpg,selatan,2km,FM,AM,-45.54,-71.96,26.66,Excellent,Filter Pasif / Bypass
Selatan_2km_FM_97Mhz.jpg,selatan,2km,FM,AM,-19.45,-75.77,56.54,Outstanding,Tidak Memerlukan Penguat (Bypass)
Selatan_2km_FM_98.9Mhz.jpg,selatan,2km,FM,AM,-41.14,-60.85,20.01,Excellent,Filter Pasif / Bypass
Selatan_2km_FM_98Mhz.jpg,selatan,2km,FM,FM,-13.62,-89.27,75.69,Outstanding,Tidak Memerlukan Penguat (Bypass)
Selatan_4km_AIRBAND_109Mhz.jpg,selatan,4km,AM,Tidak Terdeteksi,,-60.08,0.0,Not detected,Tidak Terdeteksi (N/A)
Selatan_4km_AIRBAND_110Mhz.jpg,selatan,4km,AM,Tidak Terdeteksi,,-57.83,0.0,Not detected,Tidak Terdeteksi (N/A)
Selatan_4km_AIRBAND_117Mhz.jpg,selatan,4km,AM,Tidak Terdeteksi,,-58.9,0.0,Not detected,Tidak Terdeteksi (N/A)
Selatan_4km_AIRBAND_127Mhz.jpg,selatan,4km,AM,Tidak Terdeteksi,,-71.03,0.0,Not detected,Tidak Terdeteksi (N/A)
Selatan_4km_AIRBAND_135Mhz.jpg,selatan,4km,AM,Tidak Terdeteksi,,-66.1,0.0,Not detected,Tidak Terdeteksi (N/A)
Selatan_4km_ETC_138Mhz.jpg,selatan,4km,ETC,Tidak Terdeteksi,,-67.78,0.0,Not detected,Tidak Terdeteksi (N/A)
Selatan_4km_ETC_82.8Mhz.jpg,selatan,4km,ETC,FM,-24.31,-81.42,57.24,Outstanding,Tidak Memerlukan Penguat (Bypass)
Selatan_4km_ETC_83.104Mhz.jpg,selatan,4km,ETC,FM,-35.07,-62.89,28.19,Excellent,Penguat High-Linearity / Attenuator Pasif
Selatan_4km_ETC_85.06Mhz.jpg,selatan,4km,ETC,Tidak Terdeteksi,,-64.38,0.0,Not detected,Tidak Terdeteksi (N/A)
Selatan_4km_ETC_85.199Mhz.jpg,selatan,4km,ETC,AM,-48.87,-60.9,12.24,Good,Filter Pasif / Bypass
Selatan_4km_ETC_85.674Mhz.jpg,selatan,4km,ETC,Tidak Terdeteksi,,-65.81,0.0,Not detected,Tidak Terdeteksi (N/A)
Selatan_4km_ETC_85Mhz.jpg,selatan,4km,ETC,Tidak Terdeteksi,,-62.65,0.0,Not detected,Tidak Terdeteksi (N/A)
Selatan_4km_ETC_86.06Mhz.jpg,selatan,4km,ETC,Tidak Terdeteksi,,-64.93,0.0,Not detected,Tidak Terdeteksi (N/A)
Selatan_4km_ETC_unknown.jpg,selatan,4km,ETC,FM,-24.16,-78.36,54.4,Outstanding,Tidak Memerlukan Penguat (Bypass)
Selatan_4km_FM_100.002Mhz.jpg,selatan,4km,FM,AM,-64.73,-86.03,21.48,Excellent,Low Noise Amplifier (LNA) HF/VHF
Selatan_4km_FM_100.014Mhz.jpg,selatan,4km,FM,FM,-28.26,-65.82,37.79,Outstanding,Tidak Memerlukan Penguat (Bypass)
Selatan_4km_FM_101.58Mhz.jpg,selatan,4km,FM,FM,-24.16,-60.52,36.92,Outstanding,Tidak Memerlukan Penguat (Bypass)
Selatan_4km_FM_101Mhz.jpg,selatan,4km,FM,FM,-37.15,-68.31,31.43,Outstanding,Tidak Memerlukan Penguat (Bypass)
Selatan_4km_FM_102.408Mhz.jpg,selatan,4km,FM,FM,-25.86,-62.55,37.26,Outstanding,Tidak Memerlukan Penguat (Bypass)
Selatan_4km_FM_102Mhz.jpg,selatan,4km,FM,FM,-25.76,-62.32,37.04,Outstanding,Tidak Memerlukan Penguat (Bypass)
Selatan_4km_FM_104Mhz.jpg,selatan,4km,FM,FM,-32.1,-55.31,24.24,Excellent,Penguat High-Linearity / Attenuator Pasif
Selatan_4km_FM_105.709Mhz.jpg,selatan,4km,FM,AM,-37.41,-66.47,29.56,Outstanding,Tidak Memerlukan Penguat (Bypass)
Selatan_4km_FM_105Mhz.jpg,selatan,4km,FM,FM,-22.53,-56.72,35.05,Outstanding,Tidak Memerlukan Penguat (Bypass)
Selatan_4km_FM_106.296Mhz.jpg,selatan,4km,FM,AM,-44.08,-69.51,25.78,Excellent,Filter Pasif / Bypass
Selatan_4km_FM_106Mhz.jpg,selatan,4km,FM,AM,-42.98,-69.47,26.72,Excellent,Filter Pasif / Bypass
Selatan_4km_FM_107Mhz.jpg,selatan,4km,FM,FM,-29.11,-65.65,37.01,Outstanding,Tidak Memerlukan Penguat (Bypass)
Selatan_4km_FM_87.06Mhz.jpg,selatan,4km,FM,FM,-17.44,-58.28,41.07,Outstanding,Tidak Memerlukan Penguat (Bypass)
Selatan_4km_FM_87.389Mhz.jpg,selatan,4km,FM,FM,-31.05,-63.54,32.72,Outstanding,Tidak Memerlukan Penguat (Bypass)
Selatan_4km_FM_87.398Mhz.jpg,selatan,4km,FM,AM,-40.81,-60.1,19.65,Good,Filter Pasif / Bypass
Selatan_4km_FM_87.39Mhz.jpg,selatan,4km,FM,FM,-32.12,-62.86,31.02,Outstanding,Tidak Memerlukan Penguat (Bypass)
Selatan_4km_FM_87.404Mhz.jpg,selatan,4km,FM,AM,-34.25,-56.67,22.79,Excellent,Filter Pasif / Bypass
Selatan_4km_FM_87.416Mhz.jpg,selatan,4km,FM,FM,-35.74,-57.26,21.8,Excellent,Penguat High-Linearity / Attenuator Pasif
Selatan_4km_FM_87.5Mhz.jpg,selatan,4km,FM,AM,-38.97,-59.52,21.05,Excellent,Filter Pasif / Bypass
Selatan_4km_FM_87.765Mhz.jpg,selatan,4km,FM,AM,-33.02,-55.81,23.26,Excellent,Filter Pasif / Bypass
Selatan_4km_FM_87.768Mhz.jpg,selatan,4km,FM,AM,-40.85,-61.93,21.33,Excellent,Filter Pasif / Bypass
Selatan_4km_FM_87.7Mhz.jpg,selatan,4km,FM,FM,-39.83,-59.97,20.52,Excellent,Penguat High-Linearity / Attenuator Pasif
Selatan_4km_FM_87.824Mhz.jpg,selatan,4km,FM,FM,-31.23,-62.9,32.0,Outstanding,Tidak Memerlukan Penguat (Bypass)
Selatan_4km_FM_87.8Mhz.jpg,selatan,4km,FM,AM,-33.41,-55.35,22.2,Excellent,Filter Pasif / Bypass
Selatan_4km_FM_87.9Mhz.jpg,selatan,4km,FM,AM,-45.23,-62.26,17.17,Good,Filter Pasif / Bypass
Selatan_4km_FM_88.104Mhz.jpg,selatan,4km,FM,FM,-34.91,-62.82,28.29,Excellent,Penguat High-Linearity / Attenuator Pasif
Selatan_4km_FM_88.3Mhz.jpg,selatan,4km,FM,FM,-27.88,-56.94,29.25,Outstanding,Tidak Memerlukan Penguat (Bypass)
Selatan_4km_FM_88.42Mhz.jpg,selatan,4km,FM,FM,-30.52,-62.71,32.47,Outstanding,Tidak Memerlukan Penguat (Bypass)
Selatan_4km_FM_88.615Mhz.jpg,selatan,4km,FM,FM,-22.55,-48.54,26.32,Excellent,Penguat High-Linearity / Attenuator Pasif
Selatan_4km_FM_88.974Mhz.jpg,selatan,4km,FM,FM,-21.08,-56.6,35.7,Outstanding,Tidak Memerlukan Penguat (Bypass)
Selatan_4km_FM_88Mhz.jpg,selatan,4km,FM,FM,-17.32,-56.86,39.83,Outstanding,Tidak Memerlukan Penguat (Bypass)
Selatan_4km_FM_89.004Mhz.jpg,selatan,4km,FM,FM,-37.13,-64.58,27.68,Excellent,Penguat High-Linearity / Attenuator Pasif
Selatan_4km_FM_89.06Mhz.jpg,selatan,4km,FM,FM,-24.84,-59.59,35.37,Outstanding,Tidak Memerlukan Penguat (Bypass)
Selatan_4km_FM_89Mhz.jpg,selatan,4km,FM,FM,-24.16,-80.88,56.92,Outstanding,Tidak Memerlukan Penguat (Bypass)
Selatan_4km_FM_90.06Mhz.jpg,selatan,4km,FM,FM,-28.27,-61.74,33.91,Outstanding,Tidak Memerlukan Penguat (Bypass)
Selatan_4km_FM_90.621Mhz.jpg,selatan,4km,FM,FM,-34.9,-62.37,27.75,Excellent,Penguat High-Linearity / Attenuator Pasif
Selatan_4km_FM_90Mhz.jpg,selatan,4km,FM,FM,-24.31,-81.3,57.12,Outstanding,Tidak Memerlukan Penguat (Bypass)
Selatan_4km_FM_91.06Mhz.jpg,selatan,4km,FM,FM,-36.04,-61.63,25.77,Excellent,Penguat High-Linearity / Attenuator Pasif
Selatan_4km_FM_91Mhz.jpg,selatan,4km,FM,AM,-45.07,-61.28,16.51,Good,Filter Pasif / Bypass
Selatan_4km_FM_92.06Mhz.jpg,selatan,4km,FM,FM,-28.27,-58.6,30.75,Outstanding,Tidak Memerlukan Penguat (Bypass)
Selatan_4km_FM_92.309Mhz.jpg,selatan,4km,FM,FM,-28.46,-61.68,33.48,Outstanding,Tidak Memerlukan Penguat (Bypass)
Selatan_4km_FM_92.369Mhz.jpg,selatan,4km,FM,FM,-28.57,-61.12,33.02,Outstanding,Tidak Memerlukan Penguat (Bypass)
Selatan_4km_FM_92Mhz.jpg,selatan,4km,FM,AM,-37.11,-64.09,27.22,Excellent,Filter Pasif / Bypass
Selatan_4km_FM_94.06Mhz.jpg,selatan,4km,FM,FM,-20.22,-58.76,38.8,Outstanding,Tidak Memerlukan Penguat (Bypass)
Selatan_4km_FM_94.113Mhz.jpg,selatan,4km,FM,FM,-20.62,-54.0,34.13,Outstanding,Tidak Memerlukan Penguat (Bypass)
Selatan_4km_FM_94.446Mhz.jpg,selatan,4km,FM,FM,-20.62,-54.02,34.14,Outstanding,Tidak Memerlukan Penguat (Bypass)
Selatan_4km_FM_94.904Mhz.jpg,selatan,4km,FM,FM,-24.46,-61.85,37.98,Outstanding,Tidak Memerlukan Penguat (Bypass)
Selatan_4km_FM_94Mhz.jpg,selatan,4km,FM,FM,-28.27,-58.93,31.08,Outstanding,Tidak Memerlukan Penguat (Bypass)
Selatan_4km_FM_95.343Mhz.jpg,selatan,4km,FM,FM,-24.31,-77.84,53.68,Outstanding,Tidak Memerlukan Penguat (Bypass)
Selatan_4km_FM_95.702Mhz.jpg,selatan,4km,FM,FM,-24.16,-62.64,39.3,Outstanding,Tidak Memerlukan Penguat (Bypass)
Selatan_4km_FM_96.492Mhz.jpg,selatan,4km,FM,FM,-33.01,-62.62,29.9,Outstanding,Tidak Memerlukan Penguat (Bypass)
Selatan_4km_FM_96Mhz.jpg,selatan,4km,FM,AM,-60.61,-76.93,16.55,Good,Low Noise Amplifier (LNA) HF/VHF
Selatan_4km_FM_97.286Mhz.jpg,selatan,4km,FM,FM,-37.14,-67.82,30.85,Outstanding,Tidak Memerlukan Penguat (Bypass)
Selatan_4km_FM_97.52Mhz.jpg,selatan,4km,FM,FM,-37.11,-65.61,28.74,Excellent,Penguat High-Linearity / Attenuator Pasif
Selatan_4km_FM_97Mhz.jpg,selatan,4km,FM,FM,-28.46,-63.13,34.91,Outstanding,Tidak Memerlukan Penguat (Bypass)
Selatan_4km_FM_99Mhz.jpg,selatan,4km,FM,FM,-20.17,-65.55,45.78,Outstanding,Tidak Memerlukan Penguat (Bypass)
Selatan_6km_AIRBAND_109Mhz.jpg,selatan,6km,AM,AM,-27.6,-50.9,23.46,Excellent,Filter Pasif / Bypass
Selatan_6km_AIRBAND_110Mhz.jpg,selatan,6km,AM,Tidak Terdeteksi,,-52.82,0.0,Not detected,Tidak Terdeteksi (N/A)
Selatan_6km_AIRBAND_112Mhz.jpg,selatan,6km,AM,Tidak Terdeteksi,,-49.6,0.0,Not detected,Tidak Terdeteksi (N/A)
Selatan_6km_AIRBAND_114Mhz.jpg,selatan,6km,AM,Tidak Terdeteksi,,-49.89,0.0,Not detected,Tidak Terdeteksi (N/A)
Selatan_6km_AIRBAND_115Mhz.jpg,selatan,6km,AM,Tidak Terdeteksi,,-49.39,0.0,Not detected,Tidak Terdeteksi (N/A)
Selatan_6km_AIRBAND_117Mhz.jpg,selatan,6km,AM,Tidak Terdeteksi,,-49.02,0.0,Not detected,Tidak Terdeteksi (N/A)
Selatan_6km_AIRBAND_119Mhz.jpg,selatan,6km,AM,Tidak Terdeteksi,,-51.43,0.0,Not detected,Tidak Terdeteksi (N/A)
Selatan_6km_AIRBAND_122Mhz.jpg,selatan,6km,AM,Tidak Terdeteksi,,-54.63,0.0,Not detected,Tidak Terdeteksi (N/A)
Selatan_6km_AIRBAND_123Mhz.jpg,selatan,6km,AM,Tidak Terdeteksi,,-52.72,0.0,Not detected,Tidak Terdeteksi (N/A)
Selatan_6km_AIRBAND_124.2448Mhz.jpg,selatan,6km,AM,Tidak Terdeteksi,,-52.96,0.0,Not detected,Tidak Terdeteksi (N/A)
Selatan_6km_AIRBAND_124Mhz.jpg,selatan,6km,AM,Tidak Terdeteksi,,-56.36,0.0,Not detected,Tidak Terdeteksi (N/A)
Selatan_6km_AIRBAND_125.1798Mhz.jpg,selatan,6km,AM,Tidak Terdeteksi,,-52.79,0.0,Not detected,Tidak Terdeteksi (N/A)
Selatan_6km_AIRBAND_125.2662Mhz.jpg,selatan,6km,AM,Tidak Terdeteksi,,-56.42,0.0,Not detected,Tidak Terdeteksi (N/A)
Selatan_6km_AIRBAND_126Mhz.jpg,selatan,6km,AM,Tidak Terdeteksi,,-53.62,0.0,Not detected,Tidak Terdeteksi (N/A)
Selatan_6km_AIRBAND_127Mhz.jpg,selatan,6km,AM,Tidak Terdeteksi,,-52.37,0.0,Not detected,Tidak Terdeteksi (N/A)
Selatan_6km_AIRBAND_129Mhz.jpg,selatan,6km,AM,Tidak Terdeteksi,,-51.61,0.0,Not detected,Tidak Terdeteksi (N/A)
Selatan_6km_AIRBAND_131Mhz.jpg,selatan,6km,AM,Tidak Terdeteksi,,-51.78,0.0,Not detected,Tidak Terdeteksi (N/A)
Selatan_6km_AIRBAND_133Mhz.jpg,selatan,6km,AM,Tidak Terdeteksi,,-52.72,0.0,Not detected,Tidak Terdeteksi (N/A)
Selatan_6km_AIRBAND_136Mhz.jpg,selatan,6km,AM,Tidak Terdeteksi,,-51.76,0.0,Not detected,Tidak Terdeteksi (N/A)
Selatan_6km_AIRBAND_137Mhz.jpg,selatan,6km,AM,Tidak Terdeteksi,,-51.67,0.0,Not detected,Tidak Terdeteksi (N/A)
Selatan_6km_ETC_80Mhz.jpg,selatan,6km,ETC,Tidak Terdeteksi,,-56.82,0.0,Not detected,Tidak Terdeteksi (N/A)
Selatan_6km_FM_100Mhz.jpg,selatan,6km,FM,FM,-20.0,-53.8,34.12,Outstanding,Tidak Memerlukan Penguat (Bypass)
Selatan_6km_FM_101.605Mhz.jpg,selatan,6km,FM,FM,-24.12,-54.14,30.62,Outstanding,Tidak Memerlukan Penguat (Bypass)
Selatan_6km_FM_101.612Mhz.jpg,selatan,6km,FM,FM,-24.49,-54.92,30.77,Outstanding,Tidak Memerlukan Penguat (Bypass)
Selatan_6km_FM_101.613Mhz.jpg,selatan,6km,FM,FM,-23.09,-54.68,32.1,Outstanding,Tidak Memerlukan Penguat (Bypass)
Selatan_6km_FM_101Mhz.jpg,selatan,6km,FM,FM,-19.57,-51.83,32.66,Outstanding,Tidak Memerlukan Penguat (Bypass)
Selatan_6km_FM_102Mhz.jpg,selatan,6km,FM,FM,-22.4,-53.62,31.58,Outstanding,Tidak Memerlukan Penguat (Bypass)
Selatan_6km_FM_103Mhz.jpg,selatan,6km,FM,FM,-21.75,-56.09,34.58,Outstanding,Tidak Memerlukan Penguat (Bypass)
Selatan_6km_FM_104.775Mhz.jpg,selatan,6km,FM,FM,-22.54,-53.3,30.97,Outstanding,Tidak Memerlukan Penguat (Bypass)
Selatan_6km_FM_104.793Mhz.jpg,selatan,6km,FM,FM,-19.58,-52.57,33.28,Outstanding,Tidak Memerlukan Penguat (Bypass)
Selatan_6km_FM_104.799Mhz.jpg,selatan,6km,FM,FM,-27.01,-53.79,27.07,Excellent,Penguat High-Linearity / Attenuator Pasif
Selatan_6km_FM_104.812Mhz.jpg,selatan,6km,FM,FM,-28.99,-52.48,23.75,Excellent,Penguat High-Linearity / Attenuator Pasif
Selatan_6km_FM_104Mhz.jpg,selatan,6km,FM,AM,-29.62,-52.65,23.27,Excellent,Filter Pasif / Bypass
Selatan_6km_FM_105Mhz.jpg,selatan,6km,FM,FM,-21.3,-50.67,29.65,Outstanding,Tidak Memerlukan Penguat (Bypass)
Selatan_6km_FM_106Mhz.jpg,selatan,6km,FM,FM,-25.09,-53.71,28.88,Excellent,Penguat High-Linearity / Attenuator Pasif
Selatan_6km_FM_107Mhz.jpg,selatan,6km,FM,Tidak Terdeteksi,,-54.08,0.0,Not detected,Tidak Terdeteksi (N/A)
Selatan_6km_FM_108Mhz.jpg,selatan,6km,FM,FM,-25.53,-51.32,25.94,Excellent,Penguat High-Linearity / Attenuator Pasif
Selatan_6km_FM_87.392Mhz.jpg,selatan,6km,FM,FM,-22.99,-54.45,31.68,Outstanding,Tidak Memerlukan Penguat (Bypass)
Selatan_6km_FM_87.39Mhz.jpg,selatan,6km,FM,FM,-29.59,-54.88,25.59,Excellent,Penguat High-Linearity / Attenuator Pasif
Selatan_6km_FM_87.402Mhz.jpg,selatan,6km,FM,FM,-23.25,-54.46,31.67,Outstanding,Tidak Memerlukan Penguat (Bypass)
Selatan_6km_FM_87.433Mhz.jpg,selatan,6km,FM,FM,-29.91,-55.46,25.86,Excellent,Penguat High-Linearity / Attenuator Pasif
Selatan_6km_FM_87.6Mhz.jpg,selatan,6km,FM,FM,-24.5,-55.95,31.87,Outstanding,Tidak Memerlukan Penguat (Bypass)
Selatan_6km_FM_87.7Mhz.jpg,selatan,6km,FM,FM,-25.42,-53.19,28.03,Excellent,Penguat High-Linearity / Attenuator Pasif
Selatan_6km_FM_87.9Mhz.jpg,selatan,6km,FM,FM,-26.49,-54.9,28.63,Excellent,Penguat High-Linearity / Attenuator Pasif
Selatan_6km_FM_87Mhz.jpg,selatan,6km,FM,FM,-29.18,-56.86,28.27,Excellent,Penguat High-Linearity / Attenuator Pasif
Selatan_6km_FM_88.03Mhz.jpg,selatan,6km,FM,AM,-35.19,-52.72,17.77,Good,Filter Pasif / Bypass
Selatan_6km_FM_88.12Mhz.jpg,selatan,6km,FM,AM,-37.71,-55.87,18.6,Good,Filter Pasif / Bypass
Selatan_6km_FM_89.3Mhz.jpg,selatan,6km,FM,AM,-35.37,-53.48,18.32,Good,Filter Pasif / Bypass
Selatan_6km_FM_89Mhz.jpg,selatan,6km,FM,AM,-32.75,-54.45,22.05,Excellent,Filter Pasif / Bypass
Selatan_6km_FM_90.2Mhz.jpg,selatan,6km,FM,Tidak Terdeteksi,,-55.08,0.0,Not detected,Tidak Terdeteksi (N/A)
Selatan_6km_FM_91.2Mhz.jpg,selatan,6km,FM,AM,-34.39,-53.53,19.52,Good,Filter Pasif / Bypass
Selatan_6km_FM_91.404Mhz.jpg,selatan,6km,FM,FM,-26.93,-53.1,26.64,Excellent,Penguat High-Linearity / Attenuator Pasif
Selatan_6km_FM_91.4Mhz.jpg,selatan,6km,FM,FM,-22.58,-53.18,30.91,Outstanding,Tidak Memerlukan Penguat (Bypass)
Selatan_6km_FM_91Mhz.jpg,selatan,6km,FM,FM,-27.72,-53.54,26.1,Excellent,Penguat High-Linearity / Attenuator Pasif
Selatan_6km_FM_92Mhz.jpg,selatan,6km,FM,FM,-25.56,-53.71,28.38,Excellent,Penguat High-Linearity / Attenuator Pasif
Selatan_6km_FM_93.301Mhz.jpg,selatan,6km,FM,AM,-38.16,-52.8,14.83,Good,Filter Pasif / Bypass
Selatan_6km_FM_93Mhz.jpg,selatan,6km,FM,AM,-39.47,-52.85,13.59,Good,Filter Pasif / Bypass
Selatan_6km_FM_94.883Mhz.jpg,selatan,6km,FM,AM,-32.72,-53.39,21.03,Excellent,Filter Pasif / Bypass
Selatan_6km_FM_94Mhz.jpg,selatan,6km,FM,Tidak Terdeteksi,,-54.42,0.0,Not detected,Tidak Terdeteksi (N/A)
Selatan_6km_FM_95Mhz.jpg,selatan,6km,FM,AM,-37.69,-52.57,15.16,Good,Filter Pasif / Bypass
Selatan_6km_FM_96.442Mhz.jpg,selatan,6km,FM,AM,-37.44,-53.32,16.14,Good,Filter Pasif / Bypass
Selatan_6km_FM_96.501Mhz.jpg,selatan,6km,FM,AM,-39.36,-53.59,14.5,Good,Filter Pasif / Bypass
Selatan_6km_FM_98.099Mhz.jpg,selatan,6km,FM,AM,-38.07,-51.38,13.59,Good,Filter Pasif / Bypass
Selatan_6km_FM_98.131Mhz.jpg,selatan,6km,FM,AM,-38.48,-51.42,13.2,Good,Filter Pasif / Bypass
Selatan_6km_FM_98Mhz.jpg,selatan,6km,FM,AM,-36.28,-51.85,15.79,Good,Filter Pasif / Bypass
Selatan_8km_AIRBAND_109.5847Mhz.jpg,selatan,8km,AM,AM,-46.23,-61.11,15.17,Good,Filter Pasif / Bypass
Selatan_8km_AIRBAND_109.5992Mhz.jpg,selatan,8km,AM,AM,-44.82,-60.02,15.5,Good,Filter Pasif / Bypass
Selatan_8km_AIRBAND_109Mhz.jpg,selatan,8km,AM,FM,-23.92,-66.74,42.98,Outstanding,Tidak Memerlukan Penguat (Bypass)
Selatan_8km_AIRBAND_110.6026Mhz.jpg,selatan,8km,AM,AM,-46.92,-59.26,12.58,Good,Filter Pasif / Bypass
Selatan_8km_AIRBAND_110Mhz.jpg,selatan,8km,AM,Tidak Terdeteksi,,-56.07,0.0,Not detected,Tidak Terdeteksi (N/A)
Selatan_8km_AIRBAND_111.1882Mhz.jpg,selatan,8km,AM,AM,-40.48,-59.45,19.21,Good,Filter Pasif / Bypass
Selatan_8km_AIRBAND_111.252Mhz.jpg,selatan,8km,AM,AM,-37.75,-59.06,21.55,Excellent,Filter Pasif / Bypass
Selatan_8km_AIRBAND_111.4974Mhz.jpg,selatan,8km,AM,AM,-39.75,-59.45,19.91,Good,Filter Pasif / Bypass
Selatan_8km_AIRBAND_111.497Mhz.jpg,selatan,8km,AM,FM,-23.47,-66.04,42.76,Outstanding,Tidak Memerlukan Penguat (Bypass)
Selatan_8km_AIRBAND_111.6201Mhz.jpg,selatan,8km,AM,AM,-37.62,-57.33,19.93,Good,Filter Pasif / Bypass
Selatan_8km_AIRBAND_111.6437Mhz.jpg,selatan,8km,AM,AM,-39.94,-60.41,20.6,Excellent,Filter Pasif / Bypass
Selatan_8km_AIRBAND_111.6466Mhz.jpg,selatan,8km,AM,AM,-43.52,-60.14,16.81,Good,Filter Pasif / Bypass
Selatan_8km_AIRBAND_111.6611Mhz.jpg,selatan,8km,AM,AM,-37.55,-56.96,19.7,Good,Filter Pasif / Bypass
Selatan_8km_AIRBAND_111.7525Mhz.jpg,selatan,8km,AM,FM,-36.24,-59.15,23.21,Excellent,Penguat High-Linearity / Attenuator Pasif
Selatan_8km_AIRBAND_111.7994Mhz.jpg,selatan,8km,AM,AM,-36.45,-58.82,22.59,Excellent,Filter Pasif / Bypass
Selatan_8km_AIRBAND_111.862Mhz.jpg,selatan,8km,AM,AM,-33.59,-56.68,23.41,Excellent,Filter Pasif / Bypass
Selatan_8km_AIRBAND_111.9234Mhz.jpg,selatan,8km,AM,AM,-40.89,-59.88,19.22,Good,Filter Pasif / Bypass
Selatan_8km_AIRBAND_111Mhz.jpg,selatan,8km,AM,Tidak Terdeteksi,,-64.01,0.0,Not detected,Tidak Terdeteksi (N/A)
Selatan_8km_AIRBAND_112.0485Mhz.jpg,selatan,8km,AM,AM,-40.24,-59.21,19.23,Good,Filter Pasif / Bypass
Selatan_8km_AIRBAND_112.1086Mhz.jpg,selatan,8km,AM,AM,-38.26,-59.79,21.8,Excellent,Filter Pasif / Bypass
Selatan_8km_AIRBAND_112Mhz.jpg,selatan,8km,AM,Tidak Terdeteksi,,-55.58,0.0,Not detected,Tidak Terdeteksi (N/A)
Selatan_8km_AIRBAND_113.6896Mhz.jpg,selatan,8km,AM,AM,-41.94,-58.15,16.55,Good,Filter Pasif / Bypass
Selatan_8km_AIRBAND_113.6932Mhz.jpg,selatan,8km,AM,AM,-48.31,-61.12,13.45,Good,Filter Pasif / Bypass
Selatan_8km_AIRBAND_113Mhz.jpg,selatan,8km,AM,Tidak Terdeteksi,,-58.48,0.0,Not detected,Tidak Terdeteksi (N/A)
Selatan_8km_AIRBAND_114Mhz.jpg,selatan,8km,AM,AM,-38.98,-54.53,16.04,Good,Filter Pasif / Bypass
Selatan_8km_AIRBAND_115.7339Mhz.jpg,selatan,8km,AM,AM,-19.57,-62.23,42.91,Outstanding,Tidak Memerlukan Penguat (Bypass)
Selatan_8km_AIRBAND_115.7401Mhz.jpg,selatan,8km,AM,AM,-41.04,-59.71,18.9,Good,Filter Pasif / Bypass
Selatan_8km_AIRBAND_115.7425Mhz.jpg,selatan,8km,AM,AM,-23.2,-62.62,39.61,Outstanding,Tidak Memerlukan Penguat (Bypass)
Selatan_8km_AIRBAND_115Mhz.jpg,selatan,8km,AM,FM,-27.35,-61.23,34.11,Outstanding,Tidak Memerlukan Penguat (Bypass)
Selatan_8km_AIRBAND_116Mhz.jpg,selatan,8km,AM,AM,-41.91,-61.09,19.45,Good,Filter Pasif / Bypass
Selatan_8km_AIRBAND_117Mhz.jpg,selatan,8km,AM,AM,-46.7,-59.22,12.8,Good,Filter Pasif / Bypass
Selatan_8km_AIRBAND_118Mhz.jpg,selatan,8km,AM,FM,-23.95,-62.01,38.31,Outstanding,Tidak Memerlukan Penguat (Bypass)
Selatan_8km_AIRBAND_119Mhz.jpg,selatan,8km,AM,AM,-47.04,-62.76,16.36,Good,Filter Pasif / Bypass
Selatan_8km_AIRBAND_120Mhz.jpg,selatan,8km,AM,FM,-24.14,-61.84,37.93,Outstanding,Tidak Memerlukan Penguat (Bypass)
Selatan_8km_AIRBAND_121Mhz.jpg,selatan,8km,AM,Tidak Terdeteksi,,-58.45,0.0,Not detected,Tidak Terdeteksi (N/A)
Selatan_8km_AIRBAND_123.9988Mhz.jpg,selatan,8km,AM,FM,-24.15,-71.19,47.24,Outstanding,Tidak Memerlukan Penguat (Bypass)
Selatan_8km_AIRBAND_123Mhz.jpg,selatan,8km,AM,FM,-24.11,-71.44,47.69,Outstanding,Tidak Memerlukan Penguat (Bypass)
Selatan_8km_AIRBAND_124.5583Mhz.jpg,selatan,8km,AM,FM,-28.09,-71.87,43.94,Outstanding,Tidak Memerlukan Penguat (Bypass)
Selatan_8km_AIRBAND_124Mhz.jpg,selatan,8km,AM,FM,-28.12,-73.13,45.24,Outstanding,Tidak Memerlukan Penguat (Bypass)
Selatan_8km_AIRBAND_125Mhz.jpg,selatan,8km,AM,Tidak Terdeteksi,,-66.31,0.0,Not detected,Tidak Terdeteksi (N/A)
Selatan_8km_AIRBAND_126Mhz.jpg,selatan,8km,AM,Tidak Terdeteksi,,-69.13,0.0,Not detected,Tidak Terdeteksi (N/A)
Selatan_8km_AIRBAND_127Mhz.jpg,selatan,8km,AM,Tidak Terdeteksi,,-63.44,0.0,Not detected,Tidak Terdeteksi (N/A)
Selatan_8km_AIRBAND_128Mhz.jpg,selatan,8km,AM,Tidak Terdeteksi,,-66.12,0.0,Not detected,Tidak Terdeteksi (N/A)
Selatan_8km_AIRBAND_129Mhz.jpg,selatan,8km,AM,FM,-24.11,-62.24,38.25,Outstanding,Tidak Memerlukan Penguat (Bypass)
Selatan_8km_AIRBAND_130Mhz.jpg,selatan,8km,AM,Tidak Terdeteksi,,-61.47,0.0,Not detected,Tidak Terdeteksi (N/A)
Selatan_8km_AIRBAND_131Mhz.jpg,selatan,8km,AM,Tidak Terdeteksi,,-64.24,0.0,Not detected,Tidak Terdeteksi (N/A)
Selatan_8km_AIRBAND_132Mhz.jpg,selatan,8km,AM,Tidak Terdeteksi,,-63.91,0.0,Not detected,Tidak Terdeteksi (N/A)
Selatan_8km_AIRBAND_133Mhz.jpg,selatan,8km,AM,Tidak Terdeteksi,,-60.56,0.0,Not detected,Tidak Terdeteksi (N/A)
Selatan_8km_AIRBAND_134Mhz.jpg,selatan,8km,AM,FM,-23.26,-58.81,35.76,Outstanding,Tidak Memerlukan Penguat (Bypass)
Selatan_8km_AIRBAND_136Mhz.jpg,selatan,8km,AM,Tidak Terdeteksi,,-62.17,0.0,Not detected,Tidak Terdeteksi (N/A)
Selatan_8km_AIRBAND_137Mhz.jpg,selatan,8km,AM,AM,-47.08,-60.4,13.71,Good,Filter Pasif / Bypass
Selatan_8km_ETC_137.0061Mhz.jpg,selatan,8km,ETC,AM,-42.97,-60.95,18.18,Good,Filter Pasif / Bypass
Selatan_8km_ETC_137.0121Mhz.jpg,selatan,8km,ETC,AM,-43.46,-60.48,17.43,Good,Filter Pasif / Bypass
Selatan_8km_ETC_82Mhz.jpg,selatan,8km,ETC,Tidak Terdeteksi,,-68.01,0.0,Not detected,Tidak Terdeteksi (N/A)
Selatan_8km_ETC_83Mhz.jpg,selatan,8km,ETC,AM,-41.26,-64.02,23.3,Excellent,Filter Pasif / Bypass
Selatan_8km_ETC_84Mhz.jpg,selatan,8km,ETC,Tidak Terdeteksi,,-58.09,0.0,Not detected,Tidak Terdeteksi (N/A)
Selatan_8km_ETC_86Mhz.jpg,selatan,8km,ETC,FM,-25.03,-54.01,29.15,Outstanding,Tidak Memerlukan Penguat (Bypass)
Selatan_8km_FM_100.001Mhz.jpg,selatan,8km,FM,FM,-25.03,-57.8,33.04,Outstanding,Tidak Memerlukan Penguat (Bypass)
Selatan_8km_FM_100Mhz.jpg,selatan,8km,FM,AM,-44.79,-57.99,13.53,Good,Filter Pasif / Bypass
Selatan_8km_FM_101.588Mhz.jpg,selatan,8km,FM,FM,-25.04,-66.04,41.56,Outstanding,Tidak Memerlukan Penguat (Bypass)
Selatan_8km_FM_101.601Mhz.jpg,selatan,8km,FM,FM,-22.78,-63.1,40.71,Outstanding,Tidak Memerlukan Penguat (Bypass)
Selatan_8km_FM_101.606Mhz.jpg,selatan,8km,FM,FM,-25.04,-66.72,42.36,Outstanding,Tidak Memerlukan Penguat (Bypass)
Selatan_8km_FM_101.609Mhz.jpg,selatan,8km,FM,FM,-27.13,-69.86,43.63,Outstanding,Tidak Memerlukan Penguat (Bypass)
Selatan_8km_FM_102Mhz.jpg,selatan,8km,FM,FM,-20.98,-62.63,42.25,Outstanding,Tidak Memerlukan Penguat (Bypass)
Selatan_8km_FM_103Mhz.jpg,selatan,8km,FM,AM,-52.7,-71.48,19.15,Good,Filter Pasif / Bypass
Selatan_8km_FM_104.29Mhz.jpg,selatan,8km,FM,AM,-43.69,-67.08,24.59,Excellent,Filter Pasif / Bypass
Selatan_8km_FM_104.795Mhz.jpg,selatan,8km,FM,FM,-25.02,-70.22,45.55,Outstanding,Tidak Memerlukan Penguat (Bypass)
Selatan_8km_FM_104.802Mhz.jpg,selatan,8km,FM,AM,-19.76,-72.74,53.39,Outstanding,Tidak Memerlukan Penguat (Bypass)
Selatan_8km_FM_104Mhz.jpg,selatan,8km,FM,AM,-46.13,-66.59,21.58,Excellent,Filter Pasif / Bypass
Selatan_8km_FM_105Mhz.jpg,selatan,8km,FM,AM,-46.43,-65.77,20.26,Excellent,Filter Pasif / Bypass
Selatan_8km_FM_106.4978Mhz.jpg,selatan,8km,FM,FM,-25.04,-70.06,45.35,Outstanding,Tidak Memerlukan Penguat (Bypass)
Selatan_8km_FM_106.9984Mhz.jpg,selatan,8km,FM,FM,-25.04,-69.73,44.95,Outstanding,Tidak Memerlukan Penguat (Bypass)
Selatan_8km_FM_106Mhz.jpg,selatan,8km,FM,AM,-51.12,-64.89,14.02,Good,Filter Pasif / Bypass
Selatan_8km_FM_107Mhz.jpg,selatan,8km,FM,AM,-45.94,-64.51,18.95,Good,Filter Pasif / Bypass
Selatan_8km_FM_108Mhz.jpg,selatan,8km,FM,AM,-49.35,-69.84,20.69,Excellent,Filter Pasif / Bypass
Selatan_8km_FM_87.385Mhz.jpg,selatan,8km,FM,FM,-19.73,-70.61,51.2,Outstanding,Tidak Memerlukan Penguat (Bypass)
Selatan_8km_FM_87.396Mhz.jpg,selatan,8km,FM,FM,-23.53,-72.77,49.67,Outstanding,Tidak Memerlukan Penguat (Bypass)
Selatan_8km_FM_87.408Mhz.jpg,selatan,8km,FM,FM,-23.75,-57.3,33.83,Outstanding,Tidak Memerlukan Penguat (Bypass)
Selatan_8km_FM_87.429Mhz.jpg,selatan,8km,FM,FM,-22.43,-62.42,40.22,Outstanding,Tidak Memerlukan Penguat (Bypass)
Selatan_8km_FM_87Mhz.jpg,selatan,8km,FM,FM,-21.79,-57.71,36.2,Outstanding,Tidak Memerlukan Penguat (Bypass)
Selatan_8km_FM_88.099Mhz.jpg,selatan,8km,FM,FM,-25.04,-57.47,32.66,Outstanding,Tidak Memerlukan Penguat (Bypass)
Selatan_8km_FM_88.103Mhz.jpg,selatan,8km,FM,FM,-55.57,-76.47,21.12,Excellent,Penguat High-Linearity / Attenuator Pasif
Selatan_8km_FM_88.1083Mhz.jpg,selatan,8km,FM,AM,-49.71,-69.47,19.98,Good,Filter Pasif / Bypass
Selatan_8km_FM_88Mhz.jpg,selatan,8km,FM,FM,-25.07,-56.73,31.94,Outstanding,Tidak Memerlukan Penguat (Bypass)
Selatan_8km_FM_89.021Mhz.jpg,selatan,8km,FM,AM,-43.92,-62.93,19.25,Good,Filter Pasif / Bypass
Selatan_8km_FM_89Mhz.jpg,selatan,8km,FM,FM,-25.0,-51.17,26.56,Excellent,Penguat High-Linearity / Attenuator Pasif
Selatan_8km_FM_90.597Mhz.jpg,selatan,8km,FM,AM,-43.48,-62.17,18.96,Good,Filter Pasif / Bypass
Selatan_8km_FM_90Mhz.jpg,selatan,8km,FM,Tidak Terdeteksi,,-49.87,0.0,Not detected,Tidak Terdeteksi (N/A)
Selatan_8km_FM_91.402Mhz.jpg,selatan,8km,FM,FM,-22.67,-52.94,30.74,Outstanding,Tidak Memerlukan Penguat (Bypass)
Selatan_8km_FM_91.403Mhz.jpg,selatan,8km,FM,FM,-25.0,-51.18,26.45,Excellent,Penguat High-Linearity / Attenuator Pasif
Selatan_8km_FM_91.417Mhz.jpg,selatan,8km,FM,FM,-31.93,-59.98,28.44,Excellent,Penguat High-Linearity / Attenuator Pasif
Selatan_8km_FM_91.418Mhz.jpg,selatan,8km,FM,FM,-28.18,-50.85,23.26,Excellent,Penguat High-Linearity / Attenuator Pasif
Selatan_8km_FM_91Mhz.jpg,selatan,8km,FM,FM,-25.02,-50.73,25.91,Excellent,Penguat High-Linearity / Attenuator Pasif
Selatan_8km_FM_92Mhz.jpg,selatan,8km,FM,FM,-27.51,-52.23,25.17,Excellent,Penguat High-Linearity / Attenuator Pasif
Selatan_8km_FM_93Mhz.jpg,selatan,8km,FM,Tidak Terdeteksi,,-51.85,0.0,Not detected,Tidak Terdeteksi (N/A)
Selatan_8km_FM_94.904Mhz.jpg,selatan,8km,FM,AM,-41.1,-54.28,13.8,Good,Filter Pasif / Bypass
Selatan_8km_FM_95.695Mhz.jpg,selatan,8km,FM,FM,-24.85,-47.89,23.28,Excellent,Penguat High-Linearity / Attenuator Pasif
Selatan_8km_FM_95Mhz.jpg,selatan,8km,FM,FM,-24.99,-47.69,22.97,Excellent,Penguat High-Linearity / Attenuator Pasif
Selatan_8km_FM_96.496Mhz.jpg,selatan,8km,FM,FM,-24.85,-48.8,24.2,Excellent,Penguat High-Linearity / Attenuator Pasif
Selatan_8km_FM_96.655Mhz.jpg,selatan,8km,FM,Tidak Terdeteksi,,-55.03,0.0,Not detected,Tidak Terdeteksi (N/A)
Selatan_8km_FM_96.836Mhz.jpg,selatan,8km,FM,FM,-40.22,-55.18,15.29,Good,Penguat High-Linearity / Attenuator Pasif
Selatan_8km_FM_96.842Mhz.jpg,selatan,8km,FM,Tidak Terdeteksi,,-55.6,0.0,Not detected,Tidak Terdeteksi (N/A)
Selatan_8km_FM_96Mhz.jpg,selatan,8km,FM,FM,-24.85,-48.07,23.44,Excellent,Penguat High-Linearity / Attenuator Pasif
Selatan_8km_FM_97Mhz.jpg,selatan,8km,FM,AM,-34.84,-56.58,22.24,Excellent,Filter Pasif / Bypass
Selatan_8km_FM_98.024Mhz.jpg,selatan,8km,FM,FM,-25.03,-53.71,28.92,Excellent,Penguat High-Linearity / Attenuator Pasif
Selatan_8km_FM_98Mhz.jpg,selatan,8km,FM,AM,-43.09,-54.32,12.05,Good,Filter Pasif / Bypass
Selatan_8km_FM_99Mhz.jpg,selatan,8km,FM,FM,-25.03,-54.4,29.75,Outstanding,Tidak Memerlukan Penguat (Bypass)
Timur_10km_AIRBAND_108.02Mhz.jpg,timur,10km,AM,AM,-55.49,-73.91,19.85,Good,Filter Pasif / Bypass
Timur_10km_AIRBAND_108.2Mhz.jpg,timur,10km,AM,Tidak Terdeteksi,,-65.56,0.0,Not detected,Tidak Terdeteksi (N/A)
Timur_10km_AIRBAND_108.4Mhz.jpg,timur,10km,AM,Tidak Terdeteksi,,-50.77,0.0,Not detected,Tidak Terdeteksi (N/A)
Timur_10km_AIRBAND_108.58Mhz.jpg,timur,10km,AM,AM,-58.32,-77.94,20.11,Excellent,Filter Pasif / Bypass
Timur_10km_AIRBAND_108.6Mhz.jpg,timur,10km,AM,FM,-36.25,-86.37,50.26,Outstanding,Tidak Memerlukan Penguat (Bypass)
Timur_10km_AIRBAND_108.81Mhz.jpg,timur,10km,AM,AM,-46.26,-63.63,17.78,Good,Filter Pasif / Bypass
Timur_10km_AIRBAND_108.8Mhz.jpg,timur,10km,AM,Tidak Terdeteksi,,-44.02,0.0,Not detected,Tidak Terdeteksi (N/A)
Timur_10km_AIRBAND_108.9Mhz.jpg,timur,10km,AM,Error,,-50.0,0.0,Error,Error
Timur_10km_AIRBAND_109.092Mhz.jpg,timur,10km,AM,FM,-35.7,-78.51,43.58,Outstanding,Tidak Memerlukan Penguat (Bypass)
Timur_10km_AIRBAND_109.1327Mhz.jpg,timur,10km,AM,Tidak Terdeteksi,,-88.2,0.0,Not detected,Tidak Terdeteksi (N/A)
Timur_10km_AIRBAND_109.3Mhz.jpg,timur,10km,AM,Tidak Terdeteksi,,-81.12,0.0,Not detected,Tidak Terdeteksi (N/A)
Timur_10km_AIRBAND_109.6Mhz.jpg,timur,10km,AM,Tidak Terdeteksi,,-62.75,0.0,Not detected,Tidak Terdeteksi (N/A)
Timur_10km_AIRBAND_109.8Mhz.jpg,timur,10km,AM,FM,-11.78,-49.44,37.66,Outstanding,Tidak Memerlukan Penguat (Bypass)
Timur_10km_AIRBAND_109Mhz.jpg,timur,10km,AM,AM,-58.23,-76.39,18.78,Good,Filter Pasif / Bypass
Timur_10km_AIRBAND_110.1022Mhz.jpg,timur,10km,AM,FM,-36.25,-85.14,49.04,Outstanding,Tidak Memerlukan Penguat (Bypass)
Timur_10km_AIRBAND_110.1Mhz.jpg,timur,10km,AM,Tidak Terdeteksi,,-61.18,0.0,Not detected,Tidak Terdeteksi (N/A)
Timur_10km_AIRBAND_110.207Mhz.jpg,timur,10km,AM,FM,-61.06,-80.69,20.43,Excellent,Low Noise Amplifier (LNA) Khusus VHF/FM
Timur_10km_AIRBAND_110.3Mhz.jpg,timur,10km,AM,Tidak Terdeteksi,,-62.86,0.0,Not detected,Tidak Terdeteksi (N/A)
Timur_10km_AIRBAND_110.405Mhz.jpg,timur,10km,AM,FM,-61.06,-80.56,20.3,Excellent,Low Noise Amplifier (LNA) Khusus VHF/FM
Timur_10km_AIRBAND_110.7Mhz.jpg,timur,10km,AM,Tidak Terdeteksi,,-62.62,0.0,Not detected,Tidak Terdeteksi (N/A)
Timur_10km_AIRBAND_110.985Mhz.jpg,timur,10km,AM,FM,-59.19,-79.38,21.23,Excellent,Penguat High-Linearity / Attenuator Pasif
Timur_10km_AIRBAND_110Mhz.jpg,timur,10km,AM,AM,-44.13,-62.17,18.62,Good,Filter Pasif / Bypass
Timur_10km_AIRBAND_111.2Mhz.jpg,timur,10km,AM,Tidak Terdeteksi,,-62.9,0.0,Not detected,Tidak Terdeteksi (N/A)
Timur_10km_AIRBAND_111.3915Mhz.jpg,timur,10km,AM,AM,-55.89,-73.16,17.59,Good,Filter Pasif / Bypass
Timur_10km_AIRBAND_111.6334Mhz.jpg,timur,10km,AM,Tidak Terdeteksi,,-57.54,0.0,Not detected,Tidak Terdeteksi (N/A)
Timur_10km_AIRBAND_111.6442Mhz.jpg,timur,10km,AM,FM,-36.25,-86.34,50.23,Outstanding,Tidak Memerlukan Penguat (Bypass)
Timur_10km_AIRBAND_111.704Mhz.jpg,timur,10km,AM,AM,-56.89,-80.3,23.96,Excellent,Filter Pasif / Bypass
Timur_10km_AIRBAND_111.761Mhz.jpg,timur,10km,AM,AM,-43.96,-66.21,23.02,Excellent,Filter Pasif / Bypass
Timur_10km_AIRBAND_111.7Mhz.jpg,timur,10km,AM,Tidak Terdeteksi,,-61.59,0.0,Not detected,Tidak Terdeteksi (N/A)
Timur_10km_AIRBAND_111.9618Mhz.jpg,timur,10km,AM,Tidak Terdeteksi,,-63.69,0.0,Not detected,Tidak Terdeteksi (N/A)
Timur_10km_AIRBAND_111Mhz.jpg,timur,10km,AM,FM,-36.25,-86.16,50.04,Outstanding,Tidak Memerlukan Penguat (Bypass)
Timur_10km_AIRBAND_112.0063Mhz.jpg,timur,10km,AM,AM,-41.97,-64.01,22.4,Excellent,Filter Pasif / Bypass
Timur_10km_AIRBAND_112.4Mhz.jpg,timur,10km,AM,FM,-36.25,-86.58,50.47,Outstanding,Tidak Memerlukan Penguat (Bypass)
Timur_10km_AIRBAND_112.5Mhz.jpg,timur,10km,AM,Tidak Terdeteksi,,-56.31,0.0,Not detected,Tidak Terdeteksi (N/A)
Timur_10km_AIRBAND_112Mhz.jpg,timur,10km,AM,Tidak Terdeteksi,,-60.22,0.0,Not detected,Tidak Terdeteksi (N/A)
Timur_10km_AIRBAND_113.184Mhz.jpg,timur,10km,AM,Tidak Terdeteksi,,-66.34,0.0,Not detected,Tidak Terdeteksi (N/A)
Timur_10km_AIRBAND_113.1Mhz.jpg,timur,10km,AM,Tidak Terdeteksi,,-54.15,0.0,Not detected,Tidak Terdeteksi (N/A)
Timur_10km_AIRBAND_113.5Mhz.jpg,timur,10km,AM,Tidak Terdeteksi,,-64.36,0.0,Not detected,Tidak Terdeteksi (N/A)
Timur_10km_AIRBAND_113.8Mhz.jpg,timur,10km,AM,FM,-36.25,-85.21,49.1,Outstanding,Tidak Memerlukan Penguat (Bypass)
Timur_10km_AIRBAND_113.9Mhz.jpg,timur,10km,AM,FM,-36.25,-85.81,49.74,Outstanding,Tidak Memerlukan Penguat (Bypass)
Timur_10km_AIRBAND_113Mhz.jpg,timur,10km,AM,AM,-56.65,-78.88,23.21,Excellent,Filter Pasif / Bypass
Timur_10km_AIRBAND_114.184Mhz.jpg,timur,10km,AM,AM,-41.33,-70.36,29.3,Outstanding,Tidak Memerlukan Penguat (Bypass)
Timur_10km_AIRBAND_114.1934Mhz.jpg,timur,10km,AM,Tidak Terdeteksi,,-58.34,0.0,Not detected,Tidak Terdeteksi (N/A)
Timur_10km_AIRBAND_114.1985Mhz.jpg,timur,10km,AM,Tidak Terdeteksi,,-67.76,0.0,Not detected,Tidak Terdeteksi (N/A)
Timur_10km_AIRBAND_114.2034Mhz.jpg,timur,10km,AM,Tidak Terdeteksi,,-55.62,0.0,Not detected,Tidak Terdeteksi (N/A)
Timur_10km_AIRBAND_114.2043Mhz.jpg,timur,10km,AM,Tidak Terdeteksi,,-60.91,0.0,Not detected,Tidak Terdeteksi (N/A)
Timur_10km_AIRBAND_114.2Mhz.jpg,timur,10km,AM,FM,-36.25,-85.9,49.81,Outstanding,Tidak Memerlukan Penguat (Bypass)
Timur_10km_AIRBAND_114.4979Mhz.jpg,timur,10km,AM,AM,-52.71,-81.25,30.24,Outstanding,Tidak Memerlukan Penguat (Bypass)
Timur_10km_AIRBAND_114.4Mhz.jpg,timur,10km,AM,Tidak Terdeteksi,,-60.87,0.0,Not detected,Tidak Terdeteksi (N/A)
Timur_10km_AIRBAND_114.5113Mhz.jpg,timur,10km,AM,Tidak Terdeteksi,,-63.11,0.0,Not detected,Tidak Terdeteksi (N/A)
Timur_10km_AIRBAND_114.7Mhz.jpg,timur,10km,AM,Tidak Terdeteksi,,-62.02,0.0,Not detected,Tidak Terdeteksi (N/A)
Timur_10km_AIRBAND_114.8Mhz.jpg,timur,10km,AM,FM,-36.06,-82.5,46.65,Outstanding,Tidak Memerlukan Penguat (Bypass)
Timur_10km_AIRBAND_114.9Mhz.jpg,timur,10km,AM,Tidak Terdeteksi,,-62.09,0.0,Not detected,Tidak Terdeteksi (N/A)
Timur_10km_AIRBAND_114Mhz.jpg,timur,10km,AM,Tidak Terdeteksi,,-85.88,0.0,Not detected,Tidak Terdeteksi (N/A)
Timur_10km_AIRBAND_115.3415Mhz.jpg,timur,10km,AM,Tidak Terdeteksi,,-65.43,0.0,Not detected,Tidak Terdeteksi (N/A)
Timur_10km_AIRBAND_115.3598Mhz.jpg,timur,10km,AM,Tidak Terdeteksi,,-61.19,0.0,Not detected,Tidak Terdeteksi (N/A)
Timur_10km_AIRBAND_115.362Mhz.jpg,timur,10km,AM,Tidak Terdeteksi,,-68.53,0.0,Not detected,Tidak Terdeteksi (N/A)
Timur_10km_AIRBAND_115.7424Mhz.jpg,timur,10km,AM,Tidak Terdeteksi,,-61.84,0.0,Not detected,Tidak Terdeteksi (N/A)
Timur_10km_AIRBAND_115.7846Mhz.jpg,timur,10km,AM,AM,-45.14,-66.45,21.68,Excellent,Filter Pasif / Bypass
Timur_10km_AIRBAND_115.7Mhz.jpg,timur,10km,AM,FM,-36.25,-85.79,49.68,Outstanding,Tidak Memerlukan Penguat (Bypass)
Timur_10km_AIRBAND_115.9577Mhz.jpg,timur,10km,AM,AM,-57.64,-70.08,12.64,Good,Filter Pasif / Bypass
Timur_10km_AIRBAND_115Mhz.jpg,timur,10km,AM,AM,-45.02,-60.55,15.88,Good,Filter Pasif / Bypass
Timur_10km_AIRBAND_116.8Mhz.jpg,timur,10km,AM,FM,-36.25,-85.76,49.66,Outstanding,Tidak Memerlukan Penguat (Bypass)
Timur_10km_AIRBAND_116Mhz.jpg,timur,10km,AM,AM,-37.34,-65.98,29.3,Outstanding,Tidak Memerlukan Penguat (Bypass)
Timur_10km_AIRBAND_117Mhz.jpg,timur,10km,AM,AM,-38.72,-69.03,30.61,Outstanding,Tidak Memerlukan Penguat (Bypass)
Timur_10km_AIRBAND_118.185Mhz.jpg,timur,10km,AM,AM,-49.43,-69.64,20.66,Excellent,Filter Pasif / Bypass
Timur_10km_AIRBAND_118.208Mhz.jpg,timur,10km,AM,AM,-50.04,-70.78,21.02,Excellent,Filter Pasif / Bypass
Timur_10km_AIRBAND_118.9904Mhz.jpg,timur,10km,AM,AM,-43.93,-60.78,16.96,Good,Filter Pasif / Bypass
Timur_10km_AIRBAND_118.9954Mhz.jpg,timur,10km,AM,FM,-30.04,-47.66,17.76,Good,Penguat High-Linearity / Attenuator Pasif
Timur_10km_AIRBAND_118.9977Mhz.jpg,timur,10km,AM,FM,-36.97,-60.68,23.89,Excellent,Penguat High-Linearity / Attenuator Pasif
Timur_10km_AIRBAND_118.9Mhz.jpg,timur,10km,AM,FM,-36.25,-85.82,49.74,Outstanding,Tidak Memerlukan Penguat (Bypass)
Timur_10km_AIRBAND_118Mhz.jpg,timur,10km,AM,Tidak Terdeteksi,,-64.17,0.0,Not detected,Tidak Terdeteksi (N/A)
Timur_10km_AIRBAND_119.0024Mhz.jpg,timur,10km,AM,AM,-41.75,-60.1,18.49,Good,Filter Pasif / Bypass
Timur_10km_AIRBAND_119.0108Mhz.jpg,timur,10km,AM,Tidak Terdeteksi,,-84.5,0.0,Not detected,Tidak Terdeteksi (N/A)
Timur_10km_AIRBAND_119.0115Mhz.jpg,timur,10km,AM,FM,-36.39,-89.84,53.65,Outstanding,Tidak Memerlukan Penguat (Bypass)
Timur_10km_AIRBAND_119.8231Mhz.jpg,timur,10km,AM,Tidak Terdeteksi,,-78.13,0.0,Not detected,Tidak Terdeteksi (N/A)
Timur_10km_AIRBAND_119.8266Mhz.jpg,timur,10km,AM,AM,-48.95,-65.72,16.98,Good,Filter Pasif / Bypass
Timur_10km_AIRBAND_119.8278Mhz.jpg,timur,10km,AM,AM,-44.17,-60.26,16.25,Good,Filter Pasif / Bypass
Timur_10km_AIRBAND_119.8381Mhz.jpg,timur,10km,AM,FM,-36.53,-89.79,53.39,Outstanding,Tidak Memerlukan Penguat (Bypass)
Timur_10km_AIRBAND_119.9Mhz.jpg,timur,10km,AM,FM,-36.56,-89.79,53.36,Outstanding,Tidak Memerlukan Penguat (Bypass)
Timur_10km_AIRBAND_119Mhz.jpg,timur,10km,AM,AM,-49.69,-71.13,21.71,Excellent,Filter Pasif / Bypass
Timur_10km_AIRBAND_120.3657Mhz.jpg,timur,10km,AM,FM,-75.01,-106.27,31.55,Outstanding,Tidak Memerlukan Penguat (Bypass)
Timur_10km_AIRBAND_120.5Mhz.jpg,timur,10km,AM,FM,-36.57,-89.88,53.45,Outstanding,Tidak Memerlukan Penguat (Bypass)
Timur_10km_AIRBAND_120Mhz.jpg,timur,10km,AM,FM,-61.2,-86.18,25.15,Excellent,Low Noise Amplifier (LNA) Khusus VHF/FM
Timur_10km_AIRBAND_121.1Mhz.jpg,timur,10km,AM,Tidak Terdeteksi,,-64.6,0.0,Not detected,Tidak Terdeteksi (N/A)
Timur_10km_AIRBAND_121.8Mhz.jpg,timur,10km,AM,Tidak Terdeteksi,,-60.57,0.0,Not detected,Tidak Terdeteksi (N/A)
Timur_10km_AIRBAND_121Mhz.jpg,timur,10km,AM,Tidak Terdeteksi,,-65.21,0.0,Not detected,Tidak Terdeteksi (N/A)
Timur_10km_AIRBAND_122.2Mhz.jpg,timur,10km,AM,Tidak Terdeteksi,,-59.57,0.0,Not detected,Tidak Terdeteksi (N/A)
Timur_10km_AIRBAND_122.8Mhz.jpg,timur,10km,AM,Tidak Terdeteksi,,-44.79,0.0,Not detected,Tidak Terdeteksi (N/A)
Timur_10km_AIRBAND_122Mhz.jpg,timur,10km,AM,Tidak Terdeteksi,,-84.01,0.0,Not detected,Tidak Terdeteksi (N/A)
Timur_10km_AIRBAND_123.1926Mhz.jpg,timur,10km,AM,Tidak Terdeteksi,,-60.44,0.0,Not detected,Tidak Terdeteksi (N/A)
Timur_10km_AIRBAND_123.195Mhz.jpg,timur,10km,AM,Tidak Terdeteksi,,-45.43,0.0,Not detected,Tidak Terdeteksi (N/A)
Timur_10km_AIRBAND_123.9338Mhz.jpg,timur,10km,AM,Tidak Terdeteksi,,-59.76,0.0,Not detected,Tidak Terdeteksi (N/A)
Timur_10km_AIRBAND_123.9903Mhz.jpg,timur,10km,AM,Tidak Terdeteksi,,-59.93,0.0,Not detected,Tidak Terdeteksi (N/A)
Timur_10km_AIRBAND_123Mhz.jpg,timur,10km,AM,Tidak Terdeteksi,,-87.87,0.0,Not detected,Tidak Terdeteksi (N/A)
Timur_10km_AIRBAND_124.0107Mhz.jpg,timur,10km,AM,AM,-55.51,-67.9,12.62,Good,Filter Pasif / Bypass
Timur_10km_AIRBAND_124Mhz.jpg,timur,10km,AM,Tidak Terdeteksi,,-61.76,0.0,Not detected,Tidak Terdeteksi (N/A)
Timur_10km_AIRBAND_126Mhz.jpg,timur,10km,AM,Tidak Terdeteksi,,-46.02,0.0,Not detected,Tidak Terdeteksi (N/A)
Timur_10km_AIRBAND_127.8Mhz.jpg,timur,10km,AM,Tidak Terdeteksi,,-58.54,0.0,Not detected,Tidak Terdeteksi (N/A)
Timur_10km_AIRBAND_127Mhz.jpg,timur,10km,AM,FM,-50.05,-73.7,23.83,Excellent,Penguat High-Linearity / Attenuator Pasif
Timur_10km_AIRBAND_128.6Mhz.jpg,timur,10km,AM,Tidak Terdeteksi,,-56.93,0.0,Not detected,Tidak Terdeteksi (N/A)
Timur_10km_AIRBAND_128Mhz.jpg,timur,10km,AM,Tidak Terdeteksi,,-58.46,0.0,Not detected,Tidak Terdeteksi (N/A)
Timur_10km_AIRBAND_129.5Mhz.jpg,timur,10km,AM,Tidak Terdeteksi,,-63.54,0.0,Not detected,Tidak Terdeteksi (N/A)
Timur_10km_AIRBAND_129Mhz.jpg,timur,10km,AM,Tidak Terdeteksi,,-65.56,0.0,Not detected,Tidak Terdeteksi (N/A)
Timur_10km_AIRBAND_130.1Mhz.jpg,timur,10km,AM,Tidak Terdeteksi,,-43.84,0.0,Not detected,Tidak Terdeteksi (N/A)
Timur_10km_AIRBAND_130.8Mhz.jpg,timur,10km,AM,Tidak Terdeteksi,,-58.27,0.0,Not detected,Tidak Terdeteksi (N/A)
Timur_10km_AIRBAND_130Mhz.jpg,timur,10km,AM,Tidak Terdeteksi,,-78.11,0.0,Not detected,Tidak Terdeteksi (N/A)
Timur_10km_AIRBAND_131.6879Mhz.jpg,timur,10km,AM,AM,-72.3,-87.59,15.54,Good,Low Noise Amplifier (LNA) HF/VHF
Timur_10km_AIRBAND_131Mhz.jpg,timur,10km,AM,FM,-46.36,-100.02,53.79,Outstanding,Tidak Memerlukan Penguat (Bypass)
Timur_10km_AIRBAND_132Mhz.jpg,timur,10km,AM,Tidak Terdeteksi,,-59.84,0.0,Not detected,Tidak Terdeteksi (N/A)
Timur_10km_AIRBAND_133Mhz.jpg,timur,10km,AM,Tidak Terdeteksi,,-79.39,0.0,Not detected,Tidak Terdeteksi (N/A)
Timur_10km_AIRBAND_134.497Mhz.jpg,timur,10km,AM,FM,-46.17,-58.62,12.58,Good,Penguat High-Linearity / Attenuator Pasif
Timur_10km_AIRBAND_134Mhz.jpg,timur,10km,AM,Tidak Terdeteksi,,-87.1,0.0,Not detected,Tidak Terdeteksi (N/A)
Timur_10km_AIRBAND_135Mhz.jpg,timur,10km,AM,Tidak Terdeteksi,,-43.37,0.0,Not detected,Tidak Terdeteksi (N/A)
Timur_10km_AIRBAND_136Mhz.jpg,timur,10km,AM,Tidak Terdeteksi,,-57.77,0.0,Not detected,Tidak Terdeteksi (N/A)
Timur_10km_AIRBAND_137Mhz.jpg,timur,10km,AM,FM,-28.53,-59.31,30.96,Outstanding,Tidak Memerlukan Penguat (Bypass)
Timur_10km_ETC_137.0095Mhz.jpg,timur,10km,ETC,Tidak Terdeteksi,,-63.21,0.0,Not detected,Tidak Terdeteksi (N/A)
Timur_10km_ETC_138Mhz.jpg,timur,10km,ETC,Tidak Terdeteksi,,-84.42,0.0,Not detected,Tidak Terdeteksi (N/A)
Timur_10km_ETC_139Mhz.jpg,timur,10km,ETC,Tidak Terdeteksi,,-84.07,0.0,Not detected,Tidak Terdeteksi (N/A)
Timur_10km_ETC_141Mhz.jpg,timur,10km,ETC,Tidak Terdeteksi,,-85.9,0.0,Not detected,Tidak Terdeteksi (N/A)
Timur_10km_ETC_52.1307Mhz.jpg,timur,10km,ETC,Tidak Terdeteksi,,-85.97,0.0,Not detected,Tidak Terdeteksi (N/A)
Timur_10km_ETC_67.7168Mhz.jpg,timur,10km,ETC,FM,-28.27,-56.35,28.3,Excellent,Penguat High-Linearity / Attenuator Pasif
Timur_10km_ETC_67.7766Mhz.jpg,timur,10km,ETC,FM,-20.21,-66.2,46.54,Outstanding,Tidak Memerlukan Penguat (Bypass)
Timur_10km_ETC_70Mhz.jpg,timur,10km,ETC,AM,-55.63,-67.73,12.34,Good,Filter Pasif / Bypass
Timur_10km_ETC_82.604Mhz.jpg,timur,10km,ETC,AM,-54.27,-71.1,17.27,Good,Filter Pasif / Bypass
Timur_10km_ETC_83.397Mhz.jpg,timur,10km,ETC,AM,-53.65,-70.59,17.24,Good,Filter Pasif / Bypass
Timur_10km_ETC_83.399Mhz.jpg,timur,10km,ETC,AM,-54.44,-69.08,14.82,Good,Filter Pasif / Bypass
Timur_10km_ETC_83.408Mhz.jpg,timur,10km,ETC,AM,-49.17,-66.12,17.42,Good,Filter Pasif / Bypass
Timur_10km_ETC_83.41Mhz.jpg,timur,10km,ETC,AM,-53.98,-67.4,13.8,Good,Filter Pasif / Bypass
Timur_10km_ETC_83Mhz.jpg,timur,10km,ETC,AM,-56.9,-71.34,14.68,Good,Filter Pasif / Bypass
Timur_10km_ETC_84.175Mhz.jpg,timur,10km,ETC,AM,-58.67,-73.56,15.07,Good,Filter Pasif / Bypass
Timur_10km_ETC_84.197Mhz.jpg,timur,10km,ETC,AM,-53.91,-68.71,15.09,Good,Filter Pasif / Bypass
Timur_10km_ETC_84.215Mhz.jpg,timur,10km,ETC,AM,-53.05,-68.59,15.83,Good,Filter Pasif / Bypass
Timur_10km_ETC_84.21Mhz.jpg,timur,10km,ETC,FM,-20.7,-88.22,67.9,Outstanding,Tidak Memerlukan Penguat (Bypass)
Timur_10km_ETC_84.5Mhz.jpg,timur,10km,ETC,AM,-55.64,-69.2,14.0,Good,Filter Pasif / Bypass
Timur_10km_ETC_84.6Mhz.jpg,timur,10km,ETC,AM,-64.13,-87.05,23.3,Excellent,Low Noise Amplifier (LNA) HF/VHF
Timur_10km_ETC_84.954Mhz.jpg,timur,10km,ETC,Tidak Terdeteksi,,-63.84,0.0,Not detected,Tidak Terdeteksi (N/A)
Timur_10km_ETC_84Mhz.jpg,timur,10km,ETC,Tidak Terdeteksi,,-71.72,0.0,Not detected,Tidak Terdeteksi (N/A)
Timur_10km_ETC_85.1Mhz.jpg,timur,10km,ETC,Tidak Terdeteksi,,-59.42,0.0,Not detected,Tidak Terdeteksi (N/A)
Timur_10km_ETC_85.3Mhz.jpg,timur,10km,ETC,AM,-52.87,-67.69,15.03,Good,Filter Pasif / Bypass
Timur_10km_ETC_85.598Mhz.jpg,timur,10km,ETC,FM,-34.5,-76.78,42.51,Outstanding,Tidak Memerlukan Penguat (Bypass)
Timur_10km_ETC_85.6Mhz.jpg,timur,10km,ETC,Tidak Terdeteksi,,-68.91,0.0,Not detected,Tidak Terdeteksi (N/A)
Timur_10km_ETC_85.776Mhz.jpg,timur,10km,ETC,FM,-30.76,-80.18,49.55,Outstanding,Tidak Memerlukan Penguat (Bypass)
Timur_10km_ETC_85.826Mhz.jpg,timur,10km,ETC,AM,-43.31,-68.22,25.11,Excellent,Filter Pasif / Bypass
Timur_10km_ETC_85.916Mhz.jpg,timur,10km,ETC,AM,-61.46,-83.8,22.43,Excellent,Low Noise Amplifier (LNA) HF/VHF
Timur_10km_ETC_85.9Mhz.jpg,timur,10km,ETC,AM,-42.11,-68.3,26.37,Excellent,Filter Pasif / Bypass
Timur_10km_ETC_85Mhz.jpg,timur,10km,ETC,AM,-53.77,-69.9,16.54,Good,Filter Pasif / Bypass
Timur_10km_ETC_86.4Mhz.jpg,timur,10km,ETC,FM,-32.32,-70.47,38.63,Outstanding,Tidak Memerlukan Penguat (Bypass)
Timur_10km_ETC_86.518Mhz.jpg,timur,10km,ETC,FM,-20.23,-71.94,52.28,Outstanding,Tidak Memerlukan Penguat (Bypass)
Timur_10km_ETC_86.64Mhz.jpg,timur,10km,ETC,FM,-20.0,-65.43,45.78,Outstanding,Tidak Memerlukan Penguat (Bypass)
Timur_10km_ETC_86.7Mhz.jpg,timur,10km,ETC,AM,-40.11,-65.47,25.67,Excellent,Filter Pasif / Bypass
Timur_10km_ETC_86Mhz.jpg,timur,10km,ETC,AM,-43.55,-67.7,24.34,Excellent,Filter Pasif / Bypass
Timur_10km_ETC_unknown.jpg,timur,10km,ETC,FM,-36.06,-79.73,43.99,Outstanding,Tidak Memerlukan Penguat (Bypass)
Timur_10km_FM_100.002Mhz.jpg,timur,10km,FM,FM,-28.27,-57.34,29.27,Outstanding,Tidak Memerlukan Penguat (Bypass)
Timur_10km_FM_100.012Mhz.jpg,timur,10km,FM,FM,-28.27,-56.52,28.5,Excellent,Penguat High-Linearity / Attenuator Pasif
Timur_10km_FM_100.016Mhz.jpg,timur,10km,FM,AM,-50.5,-78.22,27.94,Excellent,Filter Pasif / Bypass
Timur_10km_FM_100.01Mhz.jpg,timur,10km,FM,FM,-32.74,-66.89,34.53,Outstanding,Tidak Memerlukan Penguat (Bypass)
Timur_10km_FM_100.1122Mhz.jpg,timur,10km,FM,FM,-36.25,-86.29,50.2,Outstanding,Tidak Memerlukan Penguat (Bypass)
Timur_10km_FM_100.1299Mhz.jpg,timur,10km,FM,FM,-56.45,-68.45,12.24,Good,Penguat High-Linearity / Attenuator Pasif
Timur_10km_FM_100.2Mhz.jpg,timur,10km,FM,AM,-50.68,-76.41,25.99,Excellent,Filter Pasif / Bypass
Timur_10km_FM_100.407Mhz.jpg,timur,10km,FM,AM,-48.39,-79.39,31.16,Outstanding,Tidak Memerlukan Penguat (Bypass)
Timur_10km_FM_100.4Mhz.jpg,timur,10km,FM,AM,-87.58,-107.83,20.72,Excellent,Low Noise Amplifier (LNA) HF/VHF
Timur_10km_FM_100.9Mhz.jpg,timur,10km,FM,AM,-47.2,-77.17,30.27,Outstanding,Tidak Memerlukan Penguat (Bypass)
Timur_10km_FM_100Mhz.jpg,timur,10km,FM,FM,-36.06,-85.87,49.97,Outstanding,Tidak Memerlukan Penguat (Bypass)
Timur_10km_FM_101.2Mhz.jpg,timur,10km,FM,AM,-46.74,-63.72,17.19,Good,Filter Pasif / Bypass
Timur_10km_FM_101.559Mhz.jpg,timur,10km,FM,AM,-52.27,-79.97,27.99,Excellent,Filter Pasif / Bypass
Timur_10km_FM_101.572Mhz.jpg,timur,10km,FM,FM,-45.82,-78.67,33.04,Outstanding,Tidak Memerlukan Penguat (Bypass)
Timur_10km_FM_101.584Mhz.jpg,timur,10km,FM,AM,-50.02,-83.65,33.89,Outstanding,Tidak Memerlukan Penguat (Bypass)
Timur_10km_FM_101.585Mhz.jpg,timur,10km,FM,FM,-28.44,-68.37,40.38,Outstanding,Tidak Memerlukan Penguat (Bypass)
Timur_10km_FM_101.586Mhz.jpg,timur,10km,FM,AM,-36.46,-61.79,25.43,Excellent,Filter Pasif / Bypass
Timur_10km_FM_101.58Mhz.jpg,timur,10km,FM,AM,-42.19,-62.82,20.76,Excellent,Filter Pasif / Bypass
Timur_10km_FM_101.592Mhz.jpg,timur,10km,FM,AM,-45.91,-67.57,21.78,Excellent,Filter Pasif / Bypass
Timur_10km_FM_101.5Mhz.jpg,timur,10km,FM,AM,-47.64,-63.15,15.73,Good,Filter Pasif / Bypass
Timur_10km_FM_101.608Mhz.jpg,timur,10km,FM,FM,-36.25,-86.52,50.43,Outstanding,Tidak Memerlukan Penguat (Bypass)
Timur_10km_FM_101.61Mhz.jpg,timur,10km,FM,AM,-55.13,-80.32,25.38,Excellent,Filter Pasif / Bypass
Timur_10km_FM_101.6Mhz.jpg,timur,10km,FM,FM,-32.89,-48.07,15.36,Good,Penguat High-Linearity / Attenuator Pasif
Timur_10km_FM_101.8Mhz.jpg,timur,10km,FM,FM,-36.06,-86.51,50.61,Outstanding,Tidak Memerlukan Penguat (Bypass)
Timur_10km_FM_101.9Mhz.jpg,timur,10km,FM,AM,-46.16,-60.3,14.32,Good,Filter Pasif / Bypass
Timur_10km_FM_101Mhz.jpg,timur,10km,FM,AM,-57.6,-79.53,22.09,Excellent,Filter Pasif / Bypass
Timur_10km_FM_102.1083Mhz.jpg,timur,10km,FM,FM,-36.25,-85.82,49.74,Outstanding,Tidak Memerlukan Penguat (Bypass)
Timur_10km_FM_102.1Mhz.jpg,timur,10km,FM,AM,-53.39,-82.93,29.76,Outstanding,Tidak Memerlukan Penguat (Bypass)
Timur_10km_FM_102.3Mhz.jpg,timur,10km,FM,Tidak Terdeteksi,,-61.47,0.0,Not detected,Tidak Terdeteksi (N/A)
Timur_10km_FM_102.405Mhz.jpg,timur,10km,FM,AM,-51.56,-79.4,28.11,Excellent,Filter Pasif / Bypass
Timur_10km_FM_102.5Mhz.jpg,timur,10km,FM,Error,,-50.0,0.0,Error,Error
Timur_10km_FM_102.8Mhz.jpg,timur,10km,FM,AM,-52.92,-69.95,17.4,Good,Filter Pasif / Bypass
Timur_10km_FM_102.9Mhz.jpg,timur,10km,FM,Tidak Terdeteksi,,-68.74,0.0,Not detected,Tidak Terdeteksi (N/A)
Timur_10km_FM_102Mhz.jpg,timur,10km,FM,FM,-20.19,-56.15,36.54,Outstanding,Tidak Memerlukan Penguat (Bypass)
Timur_10km_FM_103.213Mhz.jpg,timur,10km,FM,FM,-29.68,-70.33,41.07,Outstanding,Tidak Memerlukan Penguat (Bypass)
Timur_10km_FM_103.2Mhz.jpg,timur,10km,FM,Tidak Terdeteksi,,-60.33,0.0,Not detected,Tidak Terdeteksi (N/A)
Timur_10km_FM_103.4Mhz.jpg,timur,10km,FM,FM,-36.25,-87.55,51.42,Outstanding,Tidak Memerlukan Penguat (Bypass)
Timur_10km_FM_103.6Mhz.jpg,timur,10km,FM,Tidak Terdeteksi,,-64.91,0.0,Not detected,Tidak Terdeteksi (N/A)
Timur_10km_FM_103.8Mhz.jpg,timur,10km,FM,Tidak Terdeteksi,,-45.0,0.0,Not detected,Tidak Terdeteksi (N/A)
Timur_10km_FM_103Mhz.jpg,timur,10km,FM,FM,-64.94,-81.61,16.81,Good,Low Noise Amplifier (LNA) Khusus VHF/FM
Timur_10km_FM_104.011Mhz.jpg,timur,10km,FM,FM,-28.13,-71.82,44.37,Outstanding,Tidak Memerlukan Penguat (Bypass)
Timur_10km_FM_104.1Mhz.jpg,timur,10km,FM,FM,-12.59,-74.03,61.61,Outstanding,Tidak Memerlukan Penguat (Bypass)
Timur_10km_FM_104.437Mhz.jpg,timur,10km,FM,FM,-28.27,-51.71,24.14,Excellent,Penguat High-Linearity / Attenuator Pasif
Timur_10km_FM_104.5Mhz.jpg,timur,10km,FM,Tidak Terdeteksi,,-44.19,0.0,Not detected,Tidak Terdeteksi (N/A)
Timur_10km_FM_104.757Mhz.jpg,timur,10km,FM,FM,-20.0,-64.23,44.91,Outstanding,Tidak Memerlukan Penguat (Bypass)
Timur_10km_FM_104.782Mhz.jpg,timur,10km,FM,FM,-22.39,-61.09,40.0,Outstanding,Tidak Memerlukan Penguat (Bypass)
Timur_10km_FM_104.795Mhz.jpg,timur,10km,FM,FM,-26.46,-54.88,29.6,Outstanding,Tidak Memerlukan Penguat (Bypass)
Timur_10km_FM_104.803Mhz.jpg,timur,10km,FM,FM,-36.06,-85.01,49.08,Outstanding,Tidak Memerlukan Penguat (Bypass)
Timur_10km_FM_104.812Mhz.jpg,timur,10km,FM,AM,-50.32,-71.47,21.67,Excellent,Filter Pasif / Bypass
Timur_10km_FM_104.81Mhz.jpg,timur,10km,FM,FM,-21.63,-61.31,40.81,Outstanding,Tidak Memerlukan Penguat (Bypass)
Timur_10km_FM_104.8Mhz.jpg,timur,10km,FM,FM,-36.06,-86.08,50.19,Outstanding,Tidak Memerlukan Penguat (Bypass)
Timur_10km_FM_104.9Mhz.jpg,timur,10km,FM,FM,-36.25,-85.81,49.75,Outstanding,Tidak Memerlukan Penguat (Bypass)
Timur_10km_FM_104Mhz.jpg,timur,10km,FM,AM,-63.69,-79.53,16.02,Good,Low Noise Amplifier (LNA) HF/VHF
Timur_10km_FM_105.1Mhz.jpg,timur,10km,FM,FM,-36.25,-81.72,45.71,Outstanding,Tidak Memerlukan Penguat (Bypass)
Timur_10km_FM_105.2Mhz.jpg,timur,10km,FM,Tidak Terdeteksi,,-44.69,0.0,Not detected,Tidak Terdeteksi (N/A)
Timur_10km_FM_105.3Mhz.jpg,timur,10km,FM,Tidak Terdeteksi,,-58.54,0.0,Not detected,Tidak Terdeteksi (N/A)
Timur_10km_FM_105.4Mhz.jpg,timur,10km,FM,Tidak Terdeteksi,,-59.68,0.0,Not detected,Tidak Terdeteksi (N/A)
Timur_10km_FM_105.585Mhz.jpg,timur,10km,FM,AM,-57.14,-83.95,27.49,Excellent,Filter Pasif / Bypass
Timur_10km_FM_105.589Mhz.jpg,timur,10km,FM,FM,-28.26,-55.92,27.99,Excellent,Penguat High-Linearity / Attenuator Pasif
Timur_10km_FM_105.5Mhz.jpg,timur,10km,FM,FM,-36.06,-85.03,49.11,Outstanding,Tidak Memerlukan Penguat (Bypass)
Timur_10km_FM_105.676Mhz.jpg,timur,10km,FM,Tidak Terdeteksi,,-82.76,0.0,Not detected,Tidak Terdeteksi (N/A)
Timur_10km_FM_105.803Mhz.jpg,timur,10km,FM,AM,-37.09,-60.31,23.56,Excellent,Filter Pasif / Bypass
Timur_10km_FM_105.89Mhz.jpg,timur,10km,FM,FM,-20.0,-63.52,44.43,Outstanding,Tidak Memerlukan Penguat (Bypass)
Timur_10km_FM_105.945Mhz.jpg,timur,10km,FM,FM,-36.52,-59.8,24.45,Excellent,Penguat High-Linearity / Attenuator Pasif
Timur_10km_FM_105.9Mhz.jpg,timur,10km,FM,FM,-28.3,-58.2,31.3,Outstanding,Tidak Memerlukan Penguat (Bypass)
Timur_10km_FM_105Mhz.jpg,timur,10km,FM,AM,-42.1,-65.64,23.82,Excellent,Filter Pasif / Bypass
Timur_10km_FM_106.1Mhz.jpg,timur,10km,FM,Error,,-50.0,0.0,Error,Error
Timur_10km_FM_106.2Mhz.jpg,timur,10km,FM,Error,,-50.0,0.0,Error,Error
Timur_10km_FM_106.377Mhz.jpg,timur,10km,FM,AM,-57.28,-84.64,28.01,Excellent,Filter Pasif / Bypass
Timur_10km_FM_106.397Mhz.jpg,timur,10km,FM,FM,-33.5,-61.36,29.2,Outstanding,Tidak Memerlukan Penguat (Bypass)
Timur_10km_FM_106.3Mhz.jpg,timur,10km,FM,Tidak Terdeteksi,,-60.59,0.0,Not detected,Tidak Terdeteksi (N/A)
Timur_10km_FM_106.5Mhz.jpg,timur,10km,FM,Tidak Terdeteksi,,-60.78,0.0,Not detected,Tidak Terdeteksi (N/A)
Timur_10km_FM_106.701Mhz.jpg,timur,10km,FM,AM,-19.47,-74.39,56.37,Outstanding,Tidak Memerlukan Penguat (Bypass)
Timur_10km_FM_106.734Mhz.jpg,timur,10km,FM,FM,-33.18,-61.0,28.97,Excellent,Penguat High-Linearity / Attenuator Pasif
Timur_10km_FM_106Mhz.jpg,timur,10km,FM,AM,-64.85,-76.96,12.26,Good,Low Noise Amplifier (LNA) HF/VHF
Timur_10km_FM_107.001Mhz.jpg,timur,10km,FM,AM,-53.21,-74.82,22.67,Excellent,Filter Pasif / Bypass
Timur_10km_FM_107.191Mhz.jpg,timur,10km,FM,AM,-55.53,-75.3,20.77,Excellent,Filter Pasif / Bypass
Timur_10km_FM_107.217Mhz.jpg,timur,10km,FM,FM,-34.58,-60.81,27.13,Excellent,Penguat High-Linearity / Attenuator Pasif
Timur_10km_FM_107.2Mhz.jpg,timur,10km,FM,FM,-81.51,-112.55,31.49,Outstanding,Tidak Memerlukan Penguat (Bypass)
Timur_10km_FM_107.6Mhz.jpg,timur,10km,FM,Tidak Terdeteksi,,-92.42,0.0,Not detected,Tidak Terdeteksi (N/A)
Timur_10km_FM_107.7Mhz.jpg,timur,10km,FM,Tidak Terdeteksi,,-57.98,0.0,Not detected,Tidak Terdeteksi (N/A)
Timur_10km_FM_107.9Mhz.jpg,timur,10km,FM,Tidak Terdeteksi,,-61.95,0.0,Not detected,Tidak Terdeteksi (N/A)
Timur_10km_FM_107Mhz.jpg,timur,10km,FM,AM,-49.24,-61.4,12.41,Good,Filter Pasif / Bypass
Timur_10km_FM_108Mhz.jpg,timur,10km,FM,AM,-45.38,-64.18,19.57,Good,Filter Pasif / Bypass
Timur_10km_FM_87.109Mhz.jpg,timur,10km,FM,FM,-20.09,-65.5,46.0,Outstanding,Tidak Memerlukan Penguat (Bypass)
Timur_10km_FM_87.385Mhz.jpg,timur,10km,FM,FM,-44.14,-77.6,33.68,Outstanding,Tidak Memerlukan Penguat (Bypass)
Timur_10km_FM_87.389Mhz.jpg,timur,10km,FM,AM,-45.33,-60.96,15.82,Good,Filter Pasif / Bypass
Timur_10km_FM_87.392Mhz.jpg,timur,10km,FM,FM,-20.01,-71.04,51.48,Outstanding,Tidak Memerlukan Penguat (Bypass)
Timur_10km_FM_87.397Mhz.jpg,timur,10km,FM,FM,-21.89,-67.96,47.0,Outstanding,Tidak Memerlukan Penguat (Bypass)
Timur_10km_FM_87.3997Mhz.jpg,timur,10km,FM,AM,-54.55,-81.56,27.11,Excellent,Filter Pasif / Bypass
Timur_10km_FM_87.39Mhz.jpg,timur,10km,FM,FM,-28.44,-66.44,38.48,Outstanding,Tidak Memerlukan Penguat (Bypass)
Timur_10km_FM_87.402Mhz.jpg,timur,10km,FM,FM,-40.76,-79.48,38.88,Outstanding,Tidak Memerlukan Penguat (Bypass)
Timur_10km_FM_87.404Mhz.jpg,timur,10km,FM,FM,-20.0,-67.04,47.9,Outstanding,Tidak Memerlukan Penguat (Bypass)
Timur_10km_FM_87.406Mhz.jpg,timur,10km,FM,FM,-28.34,-73.34,45.56,Outstanding,Tidak Memerlukan Penguat (Bypass)
Timur_10km_FM_87.411Mhz.jpg,timur,10km,FM,FM,-22.47,-62.27,40.43,Outstanding,Tidak Memerlukan Penguat (Bypass)
Timur_10km_FM_87.419Mhz.jpg,timur,10km,FM,FM,-20.0,-67.5,47.8,Outstanding,Tidak Memerlukan Penguat (Bypass)
Timur_10km_FM_87.4Mhz.jpg,timur,10km,FM,FM,-28.6,-43.29,14.87,Good,Penguat High-Linearity / Attenuator Pasif
Timur_10km_FM_87.5Mhz.jpg,timur,10km,FM,FM,-30.67,-74.11,43.92,Outstanding,Tidak Memerlukan Penguat (Bypass)
Timur_10km_FM_87.6Mhz.jpg,timur,10km,FM,AM,-41.77,-70.69,29.52,Outstanding,Tidak Memerlukan Penguat (Bypass)
Timur_10km_FM_87.7Mhz.jpg,timur,10km,FM,FM,-57.1,-80.91,23.97,Excellent,Penguat High-Linearity / Attenuator Pasif
Timur_10km_FM_87.8Mhz.jpg,timur,10km,FM,AM,-42.88,-57.72,15.03,Good,Filter Pasif / Bypass
Timur_10km_FM_87.9Mhz.jpg,timur,10km,FM,FM,-48.61,-80.98,32.55,Outstanding,Tidak Memerlukan Penguat (Bypass)
Timur_10km_FM_87Mhz.jpg,timur,10km,FM,FM,-20.0,-65.22,45.55,Outstanding,Tidak Memerlukan Penguat (Bypass)
Timur_10km_FM_88.104Mhz.jpg,timur,10km,FM,FM,-37.92,-72.85,35.27,Outstanding,Tidak Memerlukan Penguat (Bypass)
Timur_10km_FM_88.122Mhz.jpg,timur,10km,FM,FM,-35.1,-69.44,34.77,Outstanding,Tidak Memerlukan Penguat (Bypass)
Timur_10km_FM_88.163Mhz.jpg,timur,10km,FM,FM,-37.29,-71.37,34.35,Outstanding,Tidak Memerlukan Penguat (Bypass)
Timur_10km_FM_88.1Mhz.jpg,timur,10km,FM,FM,-36.49,-54.45,18.1,Good,Penguat High-Linearity / Attenuator Pasif
Timur_10km_FM_88.2Mhz.jpg,timur,10km,FM,AM,-49.06,-79.99,31.12,Outstanding,Tidak Memerlukan Penguat (Bypass)
Timur_10km_FM_88.439Mhz.jpg,timur,10km,FM,FM,-20.32,-62.51,42.75,Outstanding,Tidak Memerlukan Penguat (Bypass)
Timur_10km_FM_88.4Mhz.jpg,timur,10km,FM,AM,-51.22,-80.26,29.31,Outstanding,Tidak Memerlukan Penguat (Bypass)
Timur_10km_FM_88.5Mhz.jpg,timur,10km,FM,AM,-49.14,-63.56,14.71,Good,Filter Pasif / Bypass
Timur_10km_FM_88.6Mhz.jpg,timur,10km,FM,Tidak Terdeteksi,,-52.71,0.0,Not detected,Tidak Terdeteksi (N/A)
Timur_10km_FM_88.7Mhz.jpg,timur,10km,FM,Tidak Terdeteksi,,-83.2,0.0,Not detected,Tidak Terdeteksi (N/A)
Timur_10km_FM_88.8Mhz.jpg,timur,10km,FM,Tidak Terdeteksi,,-83.56,0.0,Not detected,Tidak Terdeteksi (N/A)
Timur_10km_FM_88.9Mhz.jpg,timur,10km,FM,AM,-38.39,-69.81,31.84,Outstanding,Tidak Memerlukan Penguat (Bypass)
Timur_10km_FM_88Mhz.jpg,timur,10km,FM,FM,-28.27,-60.09,32.36,Outstanding,Tidak Memerlukan Penguat (Bypass)
Timur_10km_FM_89.006Mhz.jpg,timur,10km,FM,FM,-28.25,-70.44,42.46,Outstanding,Tidak Memerlukan Penguat (Bypass)
Timur_10km_FM_89.013Mhz.jpg,timur,10km,FM,FM,-28.4,-70.91,42.73,Outstanding,Tidak Memerlukan Penguat (Bypass)
Timur_10km_FM_89.2Mhz.jpg,timur,10km,FM,Tidak Terdeteksi,,-78.85,0.0,Not detected,Tidak Terdeteksi (N/A)
Timur_10km_FM_89.3Mhz.jpg,timur,10km,FM,AM,-69.25,-84.35,15.6,Good,Low Noise Amplifier (LNA) HF/VHF
Timur_10km_FM_89.45Mhz.jpg,timur,10km,FM,FM,-36.25,-77.44,41.56,Outstanding,Tidak Memerlukan Penguat (Bypass)
Timur_10km_FM_89.5Mhz.jpg,timur,10km,FM,FM,-39.8,-77.38,37.74,Outstanding,Tidak Memerlukan Penguat (Bypass)
Timur_10km_FM_89.6Mhz.jpg,timur,10km,FM,Tidak Terdeteksi,,-73.53,0.0,Not detected,Tidak Terdeteksi (N/A)
Timur_10km_FM_89.789Mhz.jpg,timur,10km,FM,FM,-28.39,-70.53,42.39,Outstanding,Tidak Memerlukan Penguat (Bypass)
Timur_10km_FM_89.7Mhz.jpg,timur,10km,FM,AM,-45.5,-78.06,32.73,Outstanding,Tidak Memerlukan Penguat (Bypass)
Timur_10km_FM_89.8Mhz.jpg,timur,10km,FM,Tidak Terdeteksi,,-52.81,0.0,Not detected,Tidak Terdeteksi (N/A)
Timur_10km_FM_89Mhz.jpg,timur,10km,FM,FM,-30.88,-65.88,36.52,Outstanding,Tidak Memerlukan Penguat (Bypass)
Timur_10km_FM_90.1224Mhz.jpg,timur,10km,FM,FM,-36.54,-89.85,53.45,Outstanding,Tidak Memerlukan Penguat (Bypass)
Timur_10km_FM_90.1Mhz.jpg,timur,10km,FM,Tidak Terdeteksi,,-49.98,0.0,Not detected,Tidak Terdeteksi (N/A)
Timur_10km_FM_90.2Mhz.jpg,timur,10km,FM,FM,-47.64,-81.03,33.59,Outstanding,Tidak Memerlukan Penguat (Bypass)
Timur_10km_FM_90.404Mhz.jpg,timur,10km,FM,FM,-21.66,-63.39,42.38,Outstanding,Tidak Memerlukan Penguat (Bypass)
Timur_10km_FM_90.4Mhz.jpg,timur,10km,FM,AM,-51.48,-79.77,28.51,Excellent,Filter Pasif / Bypass
Timur_10km_FM_90.581Mhz.jpg,timur,10km,FM,AM,-50.51,-81.91,31.5,Outstanding,Tidak Memerlukan Penguat (Bypass)
Timur_10km_FM_90.588Mhz.jpg,timur,10km,FM,FM,-23.4,-62.54,39.59,Outstanding,Tidak Memerlukan Penguat (Bypass)
Timur_10km_FM_90.606Mhz.jpg,timur,10km,FM,FM,-40.47,-91.71,51.38,Outstanding,Tidak Memerlukan Penguat (Bypass)
Timur_10km_FM_90.6Mhz.jpg,timur,10km,FM,FM,-40.41,-76.21,36.06,Outstanding,Tidak Memerlukan Penguat (Bypass)
Timur_10km_FM_90.7Mhz.jpg,timur,10km,FM,AM,-50.95,-81.93,31.12,Outstanding,Tidak Memerlukan Penguat (Bypass)
Timur_10km_FM_90.8Mhz.jpg,timur,10km,FM,AM,-58.13,-84.44,26.45,Excellent,Filter Pasif / Bypass
Timur_10km_FM_90Mhz.jpg,timur,10km,FM,FM,-36.25,-77.61,41.55,Outstanding,Tidak Memerlukan Penguat (Bypass)
Timur_10km_FM_91.09Mhz.jpg,timur,10km,FM,FM,-36.25,-78.12,42.34,Outstanding,Tidak Memerlukan Penguat (Bypass)
Timur_10km_FM_91.1042Mhz.jpg,timur,10km,FM,FM,-36.25,-86.93,50.88,Outstanding,Tidak Memerlukan Penguat (Bypass)
Timur_10km_FM_91.1214Mhz.jpg,timur,10km,FM,FM,-36.25,-86.63,50.56,Outstanding,Tidak Memerlukan Penguat (Bypass)
Timur_10km_FM_91.1Mhz.jpg,timur,10km,FM,FM,-40.05,-77.29,37.53,Outstanding,Tidak Memerlukan Penguat (Bypass)
Timur_10km_FM_91.2Mhz.jpg,timur,10km,FM,FM,-36.25,-76.28,40.38,Outstanding,Tidak Memerlukan Penguat (Bypass)
Timur_10km_FM_91.382Mhz.jpg,timur,10km,FM,FM,-50.25,-84.91,34.83,Outstanding,Tidak Memerlukan Penguat (Bypass)
Timur_10km_FM_91.393Mhz.jpg,timur,10km,FM,FM,-37.09,-76.28,39.65,Outstanding,Tidak Memerlukan Penguat (Bypass)
Timur_10km_FM_91.395Mhz.jpg,timur,10km,FM,FM,-39.69,-76.89,37.32,Outstanding,Tidak Memerlukan Penguat (Bypass)
Timur_10km_FM_91.399Mhz.jpg,timur,10km,FM,AM,-62.49,-83.31,21.01,Excellent,Low Noise Amplifier (LNA) HF/VHF
Timur_10km_FM_91.3Mhz.jpg,timur,10km,FM,Tidak Terdeteksi,,-57.32,0.0,Not detected,Tidak Terdeteksi (N/A)
Timur_10km_FM_91.401Mhz.jpg,timur,10km,FM,FM,-28.27,-74.0,46.44,Outstanding,Tidak Memerlukan Penguat (Bypass)
Timur_10km_FM_91.414Mhz.jpg,timur,10km,FM,FM,-28.27,-64.86,37.47,Outstanding,Tidak Memerlukan Penguat (Bypass)
Timur_10km_FM_91.4Mhz.jpg,timur,10km,FM,FM,-36.06,-76.96,41.27,Outstanding,Tidak Memerlukan Penguat (Bypass)
Timur_10km_FM_91.5Mhz.jpg,timur,10km,FM,AM,-47.2,-80.01,32.99,Outstanding,Tidak Memerlukan Penguat (Bypass)
Timur_10km_FM_91.9Mhz.jpg,timur,10km,FM,FM,-28.27,-69.46,42.2,Outstanding,Tidak Memerlukan Penguat (Bypass)
Timur_10km_FM_91Mhz.jpg,timur,10km,FM,FM,-30.03,-69.25,39.73,Outstanding,Tidak Memerlukan Penguat (Bypass)
Timur_10km_FM_92.1Mhz.jpg,timur,10km,FM,FM,-36.25,-78.3,42.25,Outstanding,Tidak Memerlukan Penguat (Bypass)
Timur_10km_FM_92.294Mhz.jpg,timur,10km,FM,AM,-59.25,-80.88,21.79,Excellent,Filter Pasif / Bypass
Timur_10km_FM_92.2Mhz.jpg,timur,10km,FM,AM,-46.67,-80.23,33.74,Outstanding,Tidak Memerlukan Penguat (Bypass)
Timur_10km_FM_92.307Mhz.jpg,timur,10km,FM,AM,-41.56,-77.28,35.98,Outstanding,Tidak Memerlukan Penguat (Bypass)
Timur_10km_FM_92.314Mhz.jpg,timur,10km,FM,FM,-29.55,-70.26,41.11,Outstanding,Tidak Memerlukan Penguat (Bypass)
Timur_10km_FM_92.3Mhz.jpg,timur,10km,FM,AM,-53.51,-74.66,21.38,Excellent,Filter Pasif / Bypass
Timur_10km_FM_92.5Mhz.jpg,timur,10km,FM,AM,-48.73,-70.6,22.34,Excellent,Filter Pasif / Bypass
Timur_10km_FM_92.6Mhz.jpg,timur,10km,FM,AM,-58.85,-82.86,24.17,Excellent,Filter Pasif / Bypass
Timur_10km_FM_92.7Mhz.jpg,timur,10km,FM,AM,-45.67,-60.02,14.66,Good,Filter Pasif / Bypass
Timur_10km_FM_92.9Mhz.jpg,timur,10km,FM,AM,-64.18,-82.53,18.53,Good,Low Noise Amplifier (LNA) HF/VHF
Timur_10km_FM_92Mhz.jpg,timur,10km,FM,FM,-20.58,-61.7,41.54,Outstanding,Tidak Memerlukan Penguat (Bypass)
Timur_10km_FM_93.1Mhz.jpg,timur,10km,FM,FM,-65.63,-91.58,26.1,Excellent,Low Noise Amplifier (LNA) Khusus VHF/FM
Timur_10km_FM_93.298Mhz.jpg,timur,10km,FM,AM,-60.25,-80.63,20.59,Excellent,Low Noise Amplifier (LNA) HF/VHF
Timur_10km_FM_93.3Mhz.jpg,timur,10km,FM,Tidak Terdeteksi,,-57.14,0.0,Not detected,Tidak Terdeteksi (N/A)
Timur_10km_FM_93.4Mhz.jpg,timur,10km,FM,FM,-36.25,-77.1,41.27,Outstanding,Tidak Memerlukan Penguat (Bypass)
Timur_10km_FM_93.5Mhz.jpg,timur,10km,FM,Tidak Terdeteksi,,-57.46,0.0,Not detected,Tidak Terdeteksi (N/A)
Timur_10km_FM_93.8Mhz.jpg,timur,10km,FM,Tidak Terdeteksi,,-60.68,0.0,Not detected,Tidak Terdeteksi (N/A)
Timur_10km_FM_93Mhz.jpg,timur,10km,FM,FM,-36.25,-75.3,39.38,Outstanding,Tidak Memerlukan Penguat (Bypass)
Timur_10km_FM_94.07Mhz.jpg,timur,10km,FM,FM,-22.85,-57.55,35.07,Outstanding,Tidak Memerlukan Penguat (Bypass)
Timur_10km_FM_94.083Mhz.jpg,timur,10km,FM,AM,-28.27,-72.0,44.0,Outstanding,Tidak Memerlukan Penguat (Bypass)
Timur_10km_FM_94.085Mhz.jpg,timur,10km,FM,AM,-56.2,-81.15,25.14,Excellent,Filter Pasif / Bypass
Timur_10km_FM_94.15Mhz.jpg,timur,10km,FM,Tidak Terdeteksi,,-96.38,0.0,Not detected,Tidak Terdeteksi (N/A)
Timur_10km_FM_94.171Mhz.jpg,timur,10km,FM,FM,-29.22,-61.05,32.24,Outstanding,Tidak Memerlukan Penguat (Bypass)
Timur_10km_FM_94.1Mhz.jpg,timur,10km,FM,Tidak Terdeteksi,,-57.98,0.0,Not detected,Tidak Terdeteksi (N/A)
Timur_10km_FM_94.3Mhz.jpg,timur,10km,FM,FM,-12.36,-64.99,53.02,Outstanding,Tidak Memerlukan Penguat (Bypass)
Timur_10km_FM_94.4Mhz.jpg,timur,10km,FM,Tidak Terdeteksi,,-57.97,0.0,Not detected,Tidak Terdeteksi (N/A)
Timur_10km_FM_94.5Mhz.jpg,timur,10km,FM,Tidak Terdeteksi,,-49.32,0.0,Not detected,Tidak Terdeteksi (N/A)
Timur_10km_FM_94.6Mhz.jpg,timur,10km,FM,FM,-36.25,-81.24,45.24,Outstanding,Tidak Memerlukan Penguat (Bypass)
Timur_10km_FM_94.7Mhz.jpg,timur,10km,FM,Tidak Terdeteksi,,-54.26,0.0,Not detected,Tidak Terdeteksi (N/A)
Timur_10km_FM_94.881Mhz.jpg,timur,10km,FM,AM,-57.73,-77.28,19.74,Good,Filter Pasif / Bypass
Timur_10km_FM_94.891Mhz.jpg,timur,10km,FM,FM,-22.61,-58.42,36.29,Outstanding,Tidak Memerlukan Penguat (Bypass)
Timur_10km_FM_94.894Mhz.jpg,timur,10km,FM,FM,-38.79,-73.99,35.53,Outstanding,Tidak Memerlukan Penguat (Bypass)
Timur_10km_FM_94.911Mhz.jpg,timur,10km,FM,FM,-24.43,-70.62,46.74,Outstanding,Tidak Memerlukan Penguat (Bypass)
Timur_10km_FM_94.924Mhz.jpg,timur,10km,FM,AM,-60.0,-81.1,21.31,Excellent,Filter Pasif / Bypass
Timur_10km_FM_94.9Mhz.jpg,timur,10km,FM,FM,-36.06,-82.02,46.17,Outstanding,Tidak Memerlukan Penguat (Bypass)
Timur_10km_FM_94Mhz.jpg,timur,10km,FM,FM,-22.24,-58.08,36.43,Outstanding,Tidak Memerlukan Penguat (Bypass)
Timur_10km_FM_95.1Mhz.jpg,timur,10km,FM,Tidak Terdeteksi,,-63.71,0.0,Not detected,Tidak Terdeteksi (N/A)
Timur_10km_FM_95.2Mhz.jpg,timur,10km,FM,Tidak Terdeteksi,,-62.5,0.0,Not detected,Tidak Terdeteksi (N/A)
Timur_10km_FM_95.3Mhz.jpg,timur,10km,FM,FM,-31.63,-71.75,40.44,Outstanding,Tidak Memerlukan Penguat (Bypass)
Timur_10km_FM_95.434Mhz.jpg,timur,10km,FM,FM,-36.8,-78.57,42.13,Outstanding,Tidak Memerlukan Penguat (Bypass)
Timur_10km_FM_95.4Mhz.jpg,timur,10km,FM,AM,-47.12,-80.52,33.51,Outstanding,Tidak Memerlukan Penguat (Bypass)
Timur_10km_FM_95.5Mhz.jpg,timur,10km,FM,FM,-35.0,-72.48,37.87,Outstanding,Tidak Memerlukan Penguat (Bypass)
Timur_10km_FM_95.688Mhz.jpg,timur,10km,FM,FM,-13.74,-46.4,33.45,Outstanding,Tidak Memerlukan Penguat (Bypass)
Timur_10km_FM_95.697Mhz.jpg,timur,10km,FM,AM,-66.9,-83.94,17.18,Good,Low Noise Amplifier (LNA) HF/VHF
Timur_10km_FM_95.6Mhz.jpg,timur,10km,FM,Tidak Terdeteksi,,-71.09,0.0,Not detected,Tidak Terdeteksi (N/A)
Timur_10km_FM_95.715Mhz.jpg,timur,10km,FM,FM,-40.0,-75.16,35.41,Outstanding,Tidak Memerlukan Penguat (Bypass)
Timur_10km_FM_95.7Mhz.jpg,timur,10km,FM,AM,-61.49,-77.23,16.2,Good,Low Noise Amplifier (LNA) HF/VHF
Timur_10km_FM_95.8Mhz.jpg,timur,10km,FM,Tidak Terdeteksi,,-59.08,0.0,Not detected,Tidak Terdeteksi (N/A)
Timur_10km_FM_95.996Mhz.jpg,timur,10km,FM,Tidak Terdeteksi,,-54.5,0.0,Not detected,Tidak Terdeteksi (N/A)
Timur_10km_FM_95.9Mhz.jpg,timur,10km,FM,Tidak Terdeteksi,,-58.37,0.0,Not detected,Tidak Terdeteksi (N/A)
Timur_10km_FM_95Mhz.jpg,timur,10km,FM,FM,-36.06,-81.18,45.32,Outstanding,Tidak Memerlukan Penguat (Bypass)
Timur_10km_FM_96.01Mhz.jpg,timur,10km,FM,FM,-28.27,-56.58,28.69,Excellent,Penguat High-Linearity / Attenuator Pasif
Timur_10km_FM_96.3Mhz.jpg,timur,10km,FM,Tidak Terdeteksi,,-59.52,0.0,Not detected,Tidak Terdeteksi (N/A)
Timur_10km_FM_96.487Mhz.jpg,timur,10km,FM,FM,-28.25,-56.89,29.24,Outstanding,Tidak Memerlukan Penguat (Bypass)
Timur_10km_FM_96.4Mhz.jpg,timur,10km,FM,Tidak Terdeteksi,,-57.68,0.0,Not detected,Tidak Terdeteksi (N/A)
Timur_10km_FM_96.51Mhz.jpg,timur,10km,FM,AM,-61.67,-76.47,15.13,Good,Low Noise Amplifier (LNA) HF/VHF
Timur_10km_FM_96.5Mhz.jpg,timur,10km,FM,AM,-58.75,-77.07,18.44,Good,Filter Pasif / Bypass
Timur_10km_FM_96.6Mhz.jpg,timur,10km,FM,FM,-36.06,-82.16,46.32,Outstanding,Tidak Memerlukan Penguat (Bypass)
Timur_10km_FM_96.825Mhz.jpg,timur,10km,FM,AM,-53.04,-68.52,15.88,Good,Filter Pasif / Bypass
Timur_10km_FM_96.838Mhz.jpg,timur,10km,FM,AM,-47.0,-70.74,24.16,Excellent,Filter Pasif / Bypass
Timur_10km_FM_96.8Mhz.jpg,timur,10km,FM,Tidak Terdeteksi,,-49.7,0.0,Not detected,Tidak Terdeteksi (N/A)
Timur_10km_FM_96.9Mhz.jpg,timur,10km,FM,FM,-36.06,-84.18,48.26,Outstanding,Tidak Memerlukan Penguat (Bypass)
Timur_10km_FM_96Mhz.jpg,timur,10km,FM,FM,-25.66,-53.45,28.22,Excellent,Penguat High-Linearity / Attenuator Pasif
Timur_10km_FM_97.002Mhz.jpg,timur,10km,FM,AM,-38.4,-70.04,32.17,Outstanding,Tidak Memerlukan Penguat (Bypass)
Timur_10km_FM_97.1Mhz.jpg,timur,10km,FM,Tidak Terdeteksi,,-45.07,0.0,Not detected,Tidak Terdeteksi (N/A)
Timur_10km_FM_97.27Mhz.jpg,timur,10km,FM,FM,-28.28,-56.99,28.99,Excellent,Penguat High-Linearity / Attenuator Pasif
Timur_10km_FM_97.281Mhz.jpg,timur,10km,FM,AM,-61.39,-76.68,15.72,Good,Low Noise Amplifier (LNA) HF/VHF
Timur_10km_FM_97.297Mhz.jpg,timur,10km,FM,AM,-53.07,-72.59,19.69,Good,Filter Pasif / Bypass
Timur_10km_FM_97.305Mhz.jpg,timur,10km,FM,AM,-60.29,-72.99,13.12,Good,Low Noise Amplifier (LNA) HF/VHF
Timur_10km_FM_97.3Mhz.jpg,timur,10km,FM,FM,-36.06,-84.78,48.79,Outstanding,Tidak Memerlukan Penguat (Bypass)
Timur_10km_FM_97.4Mhz.jpg,timur,10km,FM,FM,-36.25,-84.33,48.24,Outstanding,Tidak Memerlukan Penguat (Bypass)
Timur_10km_FM_97.5Mhz.jpg,timur,10km,FM,AM,-51.68,-68.72,17.45,Good,Filter Pasif / Bypass
Timur_10km_FM_97.605Mhz.jpg,timur,10km,FM,AM,-35.33,-55.22,20.48,Excellent,Filter Pasif / Bypass
Timur_10km_FM_97.637Mhz.jpg,timur,10km,FM,AM,-61.56,-73.59,12.41,Good,Low Noise Amplifier (LNA) HF/VHF
Timur_10km_FM_97.638Mhz.jpg,timur,10km,FM,Tidak Terdeteksi,,-76.29,0.0,Not detected,Tidak Terdeteksi (N/A)
Timur_10km_FM_97.6Mhz.jpg,timur,10km,FM,Tidak Terdeteksi,,-57.63,0.0,Not detected,Tidak Terdeteksi (N/A)
Timur_10km_FM_97.9Mhz.jpg,timur,10km,FM,FM,-36.25,-83.68,47.59,Outstanding,Tidak Memerlukan Penguat (Bypass)
Timur_10km_FM_97Mhz.jpg,timur,10km,FM,FM,-60.25,-84.96,24.99,Excellent,Low Noise Amplifier (LNA) Khusus VHF/FM
Timur_10km_FM_98.012Mhz.jpg,timur,10km,FM,AM,-61.89,-79.59,17.85,Good,Low Noise Amplifier (LNA) HF/VHF
Timur_10km_FM_98.081Mhz.jpg,timur,10km,FM,AM,-57.39,-75.48,18.67,Good,Filter Pasif / Bypass
Timur_10km_FM_98.094Mhz.jpg,timur,10km,FM,AM,-58.13,-71.28,13.53,Good,Filter Pasif / Bypass
Timur_10km_FM_98.167Mhz.jpg,timur,10km,FM,FM,-36.06,-85.75,49.86,Outstanding,Tidak Memerlukan Penguat (Bypass)
Timur_10km_FM_98.175Mhz.jpg,timur,10km,FM,FM,-40.16,-86.59,46.58,Outstanding,Tidak Memerlukan Penguat (Bypass)
Timur_10km_FM_98.187Mhz.jpg,timur,10km,FM,FM,-24.15,-78.34,54.37,Outstanding,Tidak Memerlukan Penguat (Bypass)
Timur_10km_FM_98.1Mhz.jpg,timur,10km,FM,Tidak Terdeteksi,,-45.95,0.0,Not detected,Tidak Terdeteksi (N/A)
Timur_10km_FM_98.204Mhz.jpg,timur,10km,FM,AM,-55.06,-67.95,13.29,Good,Filter Pasif / Bypass
Timur_10km_FM_98.2Mhz.jpg,timur,10km,FM,Tidak Terdeteksi,,-59.88,0.0,Not detected,Tidak Terdeteksi (N/A)
Timur_10km_FM_98.405Mhz.jpg,timur,10km,FM,AM,-37.13,-55.96,19.33,Good,Filter Pasif / Bypass
Timur_10km_FM_98.461Mhz.jpg,timur,10km,FM,AM,-38.93,-79.17,40.46,Outstanding,Tidak Memerlukan Penguat (Bypass)
Timur_10km_FM_98.6Mhz.jpg,timur,10km,FM,Tidak Terdeteksi,,-46.87,0.0,Not detected,Tidak Terdeteksi (N/A)
Timur_10km_FM_98.7Mhz.jpg,timur,10km,FM,FM,-36.25,-85.14,49.08,Outstanding,Tidak Memerlukan Penguat (Bypass)
Timur_10km_FM_98.821Mhz.jpg,timur,10km,FM,AM,-63.62,-75.81,12.42,Good,Low Noise Amplifier (LNA) HF/VHF
Timur_10km_FM_98.826Mhz.jpg,timur,10km,FM,AM,-63.88,-77.0,13.36,Good,Low Noise Amplifier (LNA) HF/VHF
Timur_10km_FM_98.8Mhz.jpg,timur,10km,FM,Tidak Terdeteksi,,-63.08,0.0,Not detected,Tidak Terdeteksi (N/A)
Timur_10km_FM_98.9Mhz.jpg,timur,10km,FM,FM,-36.25,-85.17,49.08,Outstanding,Tidak Memerlukan Penguat (Bypass)
Timur_10km_FM_98Mhz.jpg,timur,10km,FM,AM,-48.97,-62.05,13.55,Good,Filter Pasif / Bypass
Timur_10km_FM_99.024Mhz.jpg,timur,10km,FM,AM,-55.46,-67.95,12.68,Good,Filter Pasif / Bypass
Timur_10km_FM_99.036Mhz.jpg,timur,10km,FM,FM,-20.0,-64.21,44.47,Outstanding,Tidak Memerlukan Penguat (Bypass)
Timur_10km_FM_99.1Mhz.jpg,timur,10km,FM,Error,,-50.0,0.0,Error,Error
Timur_10km_FM_99.233Mhz.jpg,timur,10km,FM,AM,-39.83,-65.45,25.93,Excellent,Filter Pasif / Bypass
Timur_10km_FM_99.2Mhz.jpg,timur,10km,FM,AM,-69.6,-88.85,19.56,Good,Low Noise Amplifier (LNA) HF/VHF
Timur_10km_FM_99.4Mhz.jpg,timur,10km,FM,FM,-32.68,-77.02,44.66,Outstanding,Tidak Memerlukan Penguat (Bypass)
Timur_10km_FM_99.5Mhz.jpg,timur,10km,FM,AM,-46.63,-67.73,21.34,Excellent,Filter Pasif / Bypass
Timur_10km_FM_99.618Mhz.jpg,timur,10km,FM,Tidak Terdeteksi,,-79.38,0.0,Not detected,Tidak Terdeteksi (N/A)
Timur_10km_FM_99.6Mhz.jpg,timur,10km,FM,Tidak Terdeteksi,,-63.05,0.0,Not detected,Tidak Terdeteksi (N/A)
Timur_10km_FM_99.7Mhz.jpg,timur,10km,FM,Tidak Terdeteksi,,-79.59,0.0,Not detected,Tidak Terdeteksi (N/A)
Timur_10km_FM_99.969Mhz.jpg,timur,10km,FM,FM,-28.27,-56.66,28.55,Excellent,Penguat High-Linearity / Attenuator Pasif
Timur_10km_FM_99.985Mhz.jpg,timur,10km,FM,Tidak Terdeteksi,,-47.23,0.0,Not detected,Tidak Terdeteksi (N/A)
Timur_10km_FM_99.988Mhz.jpg,timur,10km,FM,FM,-20.01,-64.27,44.43,Outstanding,Tidak Memerlukan Penguat (Bypass)
Timur_10km_FM_99.989Mhz.jpg,timur,10km,FM,FM,-52.63,-78.32,25.95,Excellent,Penguat High-Linearity / Attenuator Pasif
Timur_10km_FM_99.995Mhz.jpg,timur,10km,FM,AM,-66.42,-79.57,13.35,Good,Low Noise Amplifier (LNA) HF/VHF
Timur_10km_FM_99.9Mhz.jpg,timur,10km,FM,FM,-63.39,-88.28,25.32,Excellent,Low Noise Amplifier (LNA) Khusus VHF/FM
Timur_10km_FM_99Mhz.jpg,timur,10km,FM,FM,-33.83,-56.89,23.92,Excellent,Penguat High-Linearity / Attenuator Pasif
Timur_2km_AIRBAND_108.1Mhz.jpg,timur,2km,AM,FM,-50.3,-79.8,29.68,Outstanding,Tidak Memerlukan Penguat (Bypass)
Timur_2km_AIRBAND_108.4Mhz.jpg,timur,2km,AM,FM,-50.3,-79.86,29.8,Outstanding,Tidak Memerlukan Penguat (Bypass)
Timur_2km_AIRBAND_109.9625Mhz.jpg,timur,2km,AM,FM,-49.44,-77.83,28.56,Excellent,Penguat High-Linearity / Attenuator Pasif
Timur_2km_AIRBAND_109.9757Mhz.jpg,timur,2km,AM,FM,-49.43,-78.06,28.76,Excellent,Penguat High-Linearity / Attenuator Pasif
Timur_2km_AIRBAND_109Mhz.jpg,timur,2km,AM,Tidak Terdeteksi,,-77.57,0.0,Not detected,Tidak Terdeteksi (N/A)
Timur_2km_AIRBAND_110Mhz.jpg,timur,2km,AM,Tidak Terdeteksi,,-78.01,0.0,Not detected,Tidak Terdeteksi (N/A)
Timur_2km_AIRBAND_114.2015Mhz.jpg,timur,2km,AM,FM,-49.44,-79.35,30.05,Outstanding,Tidak Memerlukan Penguat (Bypass)
Timur_2km_AIRBAND_114Mhz.jpg,timur,2km,AM,Tidak Terdeteksi,,-75.59,0.0,Not detected,Tidak Terdeteksi (N/A)
Timur_2km_AIRBAND_115Mhz.jpg,timur,2km,AM,FM,-49.43,-78.99,29.76,Outstanding,Tidak Memerlukan Penguat (Bypass)
Timur_2km_AIRBAND_117.8983Mhz.jpg,timur,2km,AM,FM,-50.21,-80.86,30.79,Outstanding,Tidak Memerlukan Penguat (Bypass)
Timur_2km_AIRBAND_118.9977Mhz.jpg,timur,2km,AM,Tidak Terdeteksi,,-82.3,0.0,Not detected,Tidak Terdeteksi (N/A)
Timur_2km_AIRBAND_118Mhz.jpg,timur,2km,AM,Tidak Terdeteksi,,-77.98,0.0,Not detected,Tidak Terdeteksi (N/A)
Timur_2km_AIRBAND_119.0033Mhz.jpg,timur,2km,AM,AM,-69.2,-82.39,13.35,Good,Low Noise Amplifier (LNA) HF/VHF
Timur_2km_AIRBAND_119.0157Mhz.jpg,timur,2km,AM,Tidak Terdeteksi,,-79.28,0.0,Not detected,Tidak Terdeteksi (N/A)
Timur_2km_AIRBAND_119Mhz.jpg,timur,2km,AM,Tidak Terdeteksi,,-79.41,0.0,Not detected,Tidak Terdeteksi (N/A)
Timur_2km_AIRBAND_120Mhz.jpg,timur,2km,AM,Tidak Terdeteksi,,-103.09,0.0,Not detected,Tidak Terdeteksi (N/A)
Timur_2km_AIRBAND_122.7307Mhz.jpg,timur,2km,AM,AM,-48.18,-70.22,22.44,Excellent,Filter Pasif / Bypass
Timur_2km_AIRBAND_122Mhz.jpg,timur,2km,AM,AM,-49.44,-73.51,24.28,Excellent,Filter Pasif / Bypass
Timur_2km_AIRBAND_123Mhz.jpg,timur,2km,AM,Tidak Terdeteksi,,-79.75,0.0,Not detected,Tidak Terdeteksi (N/A)
Timur_2km_AIRBAND_127Mhz.jpg,timur,2km,AM,FM,-49.44,-76.24,27.0,Excellent,Penguat High-Linearity / Attenuator Pasif
Timur_2km_AIRBAND_131Mhz.jpg,timur,2km,AM,Tidak Terdeteksi,,-76.49,0.0,Not detected,Tidak Terdeteksi (N/A)
Timur_2km_AIRBAND_132Mhz.jpg,timur,2km,AM,Tidak Terdeteksi,,-78.09,0.0,Not detected,Tidak Terdeteksi (N/A)
Timur_2km_AIRBAND_137Mhz.jpg,timur,2km,AM,Tidak Terdeteksi,,-79.49,0.0,Not detected,Tidak Terdeteksi (N/A)
Timur_2km_ETC_138Mhz.jpg,timur,2km,ETC,Tidak Terdeteksi,,-79.25,0.0,Not detected,Tidak Terdeteksi (N/A)
Timur_2km_ETC_139Mhz.jpg,timur,2km,ETC,FM,-49.44,-79.15,29.83,Outstanding,Tidak Memerlukan Penguat (Bypass)
Timur_2km_ETC_50.1139Mhz.jpg,timur,2km,ETC,FM,-49.43,-79.25,29.95,Outstanding,Tidak Memerlukan Penguat (Bypass)
Timur_2km_ETC_57.4675Mhz.jpg,timur,2km,ETC,AM,-54.35,-77.37,23.2,Excellent,Filter Pasif / Bypass
Timur_2km_ETC_62.7552Mhz.jpg,timur,2km,ETC,AM,-46.67,-79.36,32.83,Outstanding,Tidak Memerlukan Penguat (Bypass)
Timur_2km_ETC_69.2552Mhz.jpg,timur,2km,ETC,AM,-52.26,-79.14,27.08,Excellent,Filter Pasif / Bypass
Timur_2km_ETC_72.1031Mhz.jpg,timur,2km,ETC,FM,-50.2,-76.69,26.75,Excellent,Penguat High-Linearity / Attenuator Pasif
Timur_2km_ETC_76.0021Mhz.jpg,timur,2km,ETC,FM,-33.73,-73.19,39.7,Outstanding,Tidak Memerlukan Penguat (Bypass)
Timur_2km_ETC_81.0001Mhz.jpg,timur,2km,ETC,FM,-56.76,-70.08,13.52,Good,Penguat High-Linearity / Attenuator Pasif
Timur_2km_ETC_unknown.jpg,timur,2km,ETC,Tidak Terdeteksi,,-77.28,0.0,Not detected,Tidak Terdeteksi (N/A)
Timur_2km_FM_100.5Mhz.jpg,timur,2km,FM,FM,-50.3,-79.8,29.74,Outstanding,Tidak Memerlukan Penguat (Bypass)
Timur_2km_FM_100.8Mhz.jpg,timur,2km,FM,FM,-46.55,-79.66,33.32,Outstanding,Tidak Memerlukan Penguat (Bypass)
Timur_2km_FM_100Mhz.jpg,timur,2km,FM,AM,-56.97,-78.2,21.35,Excellent,Filter Pasif / Bypass
Timur_2km_FM_101.587Mhz.jpg,timur,2km,FM,AM,-49.04,-74.23,25.34,Excellent,Filter Pasif / Bypass
Timur_2km_FM_101.599Mhz.jpg,timur,2km,FM,AM,-55.21,-77.86,22.84,Excellent,Filter Pasif / Bypass
Timur_2km_FM_101.6Mhz.jpg,timur,2km,FM,FM,-50.3,-80.75,30.66,Outstanding,Tidak Memerlukan Penguat (Bypass)
Timur_2km_FM_101Mhz.jpg,timur,2km,FM,FM,-52.09,-78.21,26.26,Excellent,Penguat High-Linearity / Attenuator Pasif
Timur_2km_FM_102.109Mhz.jpg,timur,2km,FM,FM,-50.3,-80.07,29.99,Outstanding,Tidak Memerlukan Penguat (Bypass)
Timur_2km_FM_102Mhz.jpg,timur,2km,FM,AM,-63.34,-77.42,14.26,Good,Low Noise Amplifier (LNA) HF/VHF
Timur_2km_FM_103.6Mhz.jpg,timur,2km,FM,FM,-50.3,-79.7,29.54,Outstanding,Tidak Memerlukan Penguat (Bypass)
Timur_2km_FM_103Mhz.jpg,timur,2km,FM,Tidak Terdeteksi,,-77.41,0.0,Not detected,Tidak Terdeteksi (N/A)
Timur_2km_FM_104.001Mhz.jpg,timur,2km,FM,AM,-56.02,-77.23,21.36,Excellent,Filter Pasif / Bypass
Timur_2km_FM_104.8Mhz.jpg,timur,2km,FM,FM,-50.3,-79.23,29.12,Outstanding,Tidak Memerlukan Penguat (Bypass)
Timur_2km_FM_104Mhz.jpg,timur,2km,FM,AM,-54.94,-77.08,22.34,Excellent,Filter Pasif / Bypass
Timur_2km_FM_105.7Mhz.jpg,timur,2km,FM,FM,-50.3,-79.24,29.16,Outstanding,Tidak Memerlukan Penguat (Bypass)
Timur_2km_FM_106.3Mhz.jpg,timur,2km,FM,FM,-50.3,-79.1,28.99,Excellent,Penguat High-Linearity / Attenuator Pasif
Timur_2km_FM_106Mhz.jpg,timur,2km,FM,FM,-59.85,-77.49,17.75,Good,Penguat High-Linearity / Attenuator Pasif
Timur_2km_FM_107.5Mhz.jpg,timur,2km,FM,FM,-41.9,-75.76,34.11,Outstanding,Tidak Memerlukan Penguat (Bypass)
Timur_2km_FM_107Mhz.jpg,timur,2km,FM,Tidak Terdeteksi,,-77.05,0.0,Not detected,Tidak Terdeteksi (N/A)
Timur_2km_FM_87.3Mhz.jpg,timur,2km,FM,FM,-50.3,-80.92,30.76,Outstanding,Tidak Memerlukan Penguat (Bypass)
Timur_2km_FM_88.4Mhz.jpg,timur,2km,FM,FM,-50.3,-80.66,30.54,Outstanding,Tidak Memerlukan Penguat (Bypass)
Timur_2km_FM_88.7Mhz.jpg,timur,2km,FM,AM,-65.45,-79.25,13.93,Good,Low Noise Amplifier (LNA) HF/VHF
Timur_2km_FM_88.8Mhz.jpg,timur,2km,FM,AM,-66.94,-79.21,12.39,Good,Low Noise Amplifier (LNA) HF/VHF
Timur_2km_FM_88Mhz.jpg,timur,2km,FM,Tidak Terdeteksi,,-75.74,0.0,Not detected,Tidak Terdeteksi (N/A)
Timur_2km_FM_89.008Mhz.jpg,timur,2km,FM,AM,-65.5,-79.3,13.96,Good,Low Noise Amplifier (LNA) HF/VHF
Timur_2km_FM_89.2Mhz.jpg,timur,2km,FM,FM,-50.3,-80.7,30.58,Outstanding,Tidak Memerlukan Penguat (Bypass)
Timur_2km_FM_89.781Mhz.jpg,timur,2km,FM,AM,-48.45,-79.4,31.14,Outstanding,Tidak Memerlukan Penguat (Bypass)
Timur_2km_FM_89.789Mhz.jpg,timur,2km,FM,AM,-52.14,-79.18,27.21,Excellent,Filter Pasif / Bypass
Timur_2km_FM_89.801Mhz.jpg,timur,2km,FM,FM,-43.57,-79.42,35.99,Outstanding,Tidak Memerlukan Penguat (Bypass)
Timur_2km_FM_89.8Mhz.jpg,timur,2km,FM,AM,-47.89,-78.06,30.33,Outstanding,Tidak Memerlukan Penguat (Bypass)
Timur_2km_FM_89Mhz.jpg,timur,2km,FM,AM,-41.05,-75.6,34.72,Outstanding,Tidak Memerlukan Penguat (Bypass)
Timur_2km_FM_90.1129Mhz.jpg,timur,2km,FM,FM,-50.88,-84.51,33.83,Outstanding,Tidak Memerlukan Penguat (Bypass)
Timur_2km_FM_90.2Mhz.jpg,timur,2km,FM,FM,-47.19,-79.44,32.41,Outstanding,Tidak Memerlukan Penguat (Bypass)
Timur_2km_FM_90.4Mhz.jpg,timur,2km,FM,FM,-48.06,-79.51,31.59,Outstanding,Tidak Memerlukan Penguat (Bypass)
Timur_2km_FM_90.6Mhz.jpg,timur,2km,FM,AM,-51.89,-79.45,27.72,Excellent,Filter Pasif / Bypass
Timur_2km_FM_90Mhz.jpg,timur,2km,FM,FM,-47.78,-79.44,31.77,Outstanding,Tidak Memerlukan Penguat (Bypass)
Timur_2km_FM_91.395Mhz.jpg,timur,2km,FM,AM,-47.13,-79.53,32.55,Outstanding,Tidak Memerlukan Penguat (Bypass)
Timur_2km_FM_91.396Mhz.jpg,timur,2km,FM,Tidak Terdeteksi,,-79.47,0.0,Not detected,Tidak Terdeteksi (N/A)
Timur_2km_FM_91.3Mhz.jpg,timur,2km,FM,FM,-50.3,-82.58,32.46,Outstanding,Tidak Memerlukan Penguat (Bypass)
Timur_2km_FM_91.403Mhz.jpg,timur,2km,FM,AM,-59.94,-79.38,19.58,Good,Filter Pasif / Bypass
Timur_2km_FM_91.4Mhz.jpg,timur,2km,FM,FM,-50.3,-82.73,32.59,Outstanding,Tidak Memerlukan Penguat (Bypass)
Timur_2km_FM_91.603Mhz.jpg,timur,2km,FM,Tidak Terdeteksi,,-79.42,0.0,Not detected,Tidak Terdeteksi (N/A)
Timur_2km_FM_91.7Mhz.jpg,timur,2km,FM,FM,-38.91,-78.51,39.79,Outstanding,Tidak Memerlukan Penguat (Bypass)
Timur_2km_FM_91Mhz.jpg,timur,2km,FM,FM,-16.44,-67.3,51.02,Outstanding,Tidak Memerlukan Penguat (Bypass)
Timur_2km_FM_92.185Mhz.jpg,timur,2km,FM,FM,-55.91,-89.24,33.47,Outstanding,Tidak Memerlukan Penguat (Bypass)
Timur_2km_FM_92.1Mhz.jpg,timur,2km,FM,FM,-54.18,-83.58,29.53,Outstanding,Tidak Memerlukan Penguat (Bypass)
Timur_2km_FM_92.226Mhz.jpg,timur,2km,FM,AM,-66.21,-79.48,13.41,Good,Low Noise Amplifier (LNA) HF/VHF
Timur_2km_FM_92.2Mhz.jpg,timur,2km,FM,FM,-54.18,-84.08,30.01,Outstanding,Tidak Memerlukan Penguat (Bypass)
Timur_2km_FM_92.302Mhz.jpg,timur,2km,FM,FM,-50.3,-82.63,32.45,Outstanding,Tidak Memerlukan Penguat (Bypass)
Timur_2km_FM_92.368Mhz.jpg,timur,2km,FM,FM,-54.18,-83.93,29.89,Outstanding,Tidak Memerlukan Penguat (Bypass)
Timur_2km_FM_92.3Mhz.jpg,timur,2km,FM,FM,-54.18,-83.94,29.86,Outstanding,Tidak Memerlukan Penguat (Bypass)
Timur_2km_FM_92.454Mhz.jpg,timur,2km,FM,FM,-50.3,-82.66,32.49,Outstanding,Tidak Memerlukan Penguat (Bypass)
Timur_2km_FM_92.4Mhz.jpg,timur,2km,FM,FM,-54.18,-84.24,30.19,Outstanding,Tidak Memerlukan Penguat (Bypass)
Timur_2km_FM_92.8Mhz.jpg,timur,2km,FM,FM,-50.3,-82.52,32.34,Outstanding,Tidak Memerlukan Penguat (Bypass)
Timur_2km_FM_92.982Mhz.jpg,timur,2km,FM,FM,-50.3,-82.46,32.3,Outstanding,Tidak Memerlukan Penguat (Bypass)
Timur_2km_FM_92Mhz.jpg,timur,2km,FM,AM,-66.51,-79.4,13.05,Good,Low Noise Amplifier (LNA) HF/VHF
Timur_2km_FM_93.125Mhz.jpg,timur,2km,FM,FM,-52.74,-83.32,30.71,Outstanding,Tidak Memerlukan Penguat (Bypass)
Timur_2km_FM_93.197Mhz.jpg,timur,2km,FM,FM,-50.2,-82.61,32.54,Outstanding,Tidak Memerlukan Penguat (Bypass)
Timur_2km_FM_93.1Mhz.jpg,timur,2km,FM,FM,-50.3,-82.58,32.44,Outstanding,Tidak Memerlukan Penguat (Bypass)
Timur_2km_FM_93.293Mhz.jpg,timur,2km,FM,Tidak Terdeteksi,,-79.54,0.0,Not detected,Tidak Terdeteksi (N/A)
Timur_2km_FM_93.3Mhz.jpg,timur,2km,FM,FM,-54.18,-83.91,29.86,Outstanding,Tidak Memerlukan Penguat (Bypass)
Timur_2km_FM_93.4Mhz.jpg,timur,2km,FM,FM,-50.3,-82.7,32.52,Outstanding,Tidak Memerlukan Penguat (Bypass)
Timur_2km_FM_93.871Mhz.jpg,timur,2km,FM,FM,-45.23,-82.52,37.41,Outstanding,Tidak Memerlukan Penguat (Bypass)
Timur_2km_FM_93Mhz.jpg,timur,2km,FM,Tidak Terdeteksi,,-79.72,0.0,Not detected,Tidak Terdeteksi (N/A)
Timur_2km_FM_94.07Mhz.jpg,timur,2km,FM,FM,-44.39,-82.37,38.13,Outstanding,Tidak Memerlukan Penguat (Bypass)
Timur_2km_FM_94.108Mhz.jpg,timur,2km,FM,AM,-47.41,-79.33,32.09,Outstanding,Tidak Memerlukan Penguat (Bypass)
Timur_2km_FM_94.138Mhz.jpg,timur,2km,FM,AM,-47.91,-78.76,30.97,Outstanding,Tidak Memerlukan Penguat (Bypass)
Timur_2km_FM_94.188Mhz.jpg,timur,2km,FM,FM,-42.76,-82.47,39.81,Outstanding,Tidak Memerlukan Penguat (Bypass)
Timur_2km_FM_94.1Mhz.jpg,timur,2km,FM,FM,-42.51,-82.33,40.01,Outstanding,Tidak Memerlukan Penguat (Bypass)
Timur_2km_FM_94.6Mhz.jpg,timur,2km,FM,FM,-50.3,-82.0,31.88,Outstanding,Tidak Memerlukan Penguat (Bypass)
Timur_2km_FM_94Mhz.jpg,timur,2km,FM,AM,-46.9,-79.26,32.55,Outstanding,Tidak Memerlukan Penguat (Bypass)
Timur_2km_FM_95.2Mhz.jpg,timur,2km,FM,FM,-40.67,-81.37,40.87,Outstanding,Tidak Memerlukan Penguat (Bypass)
Timur_2km_FM_95.708Mhz.jpg,timur,2km,FM,FM,-43.25,-79.08,36.0,Outstanding,Tidak Memerlukan Penguat (Bypass)
Timur_2km_FM_95.7Mhz.jpg,timur,2km,FM,FM,-44.01,-82.27,38.47,Outstanding,Tidak Memerlukan Penguat (Bypass)
Timur_2km_FM_95.8Mhz.jpg,timur,2km,FM,FM,-46.55,-81.7,35.24,Outstanding,Tidak Memerlukan Penguat (Bypass)
Timur_2km_FM_95Mhz.jpg,timur,2km,FM,AM,-47.26,-79.38,32.29,Outstanding,Tidak Memerlukan Penguat (Bypass)
Timur_2km_FM_96.3Mhz.jpg,timur,2km,FM,FM,-50.3,-81.81,31.7,Outstanding,Tidak Memerlukan Penguat (Bypass)
Timur_2km_FM_96.509Mhz.jpg,timur,2km,FM,AM,-55.27,-75.26,20.17,Excellent,Filter Pasif / Bypass
Timur_2km_FM_96.6Mhz.jpg,timur,2km,FM,FM,-47.19,-81.81,34.73,Outstanding,Tidak Memerlukan Penguat (Bypass)
Timur_2km_FM_96Mhz.jpg,timur,2km,FM,AM,-47.13,-79.19,32.18,Outstanding,Tidak Memerlukan Penguat (Bypass)
Timur_2km_FM_97.313Mhz.jpg,timur,2km,FM,AM,-62.24,-78.79,16.69,Good,Low Noise Amplifier (LNA) HF/VHF
Timur_2km_FM_97.8Mhz.jpg,timur,2km,FM,FM,-46.55,-80.42,34.03,Outstanding,Tidak Memerlukan Penguat (Bypass)
Timur_2km_FM_97Mhz.jpg,timur,2km,FM,FM,-47.18,-85.91,38.98,Outstanding,Tidak Memerlukan Penguat (Bypass)
Timur_2km_FM_98.4Mhz.jpg,timur,2km,FM,FM,-54.18,-82.1,28.08,Excellent,Penguat High-Linearity / Attenuator Pasif
Timur_2km_FM_98.8Mhz.jpg,timur,2km,FM,FM,-54.18,-82.29,28.27,Excellent,Penguat High-Linearity / Attenuator Pasif
Timur_2km_FM_99.8Mhz.jpg,timur,2km,FM,FM,-54.18,-81.8,27.72,Excellent,Penguat High-Linearity / Attenuator Pasif
Timur_2km_FM_99.999Mhz.jpg,timur,2km,FM,FM,-50.34,-78.07,27.92,Excellent,Penguat High-Linearity / Attenuator Pasif
Timur_2km_FM_99Mhz.jpg,timur,2km,FM,Tidak Terdeteksi,,-78.46,0.0,Not detected,Tidak Terdeteksi (N/A)
Timur_4km_AIRBAND_109Mhz.jpg,timur,4km,AM,Tidak Terdeteksi,,-78.53,0.0,Not detected,Tidak Terdeteksi (N/A)
Timur_4km_AIRBAND_110Mhz.jpg,timur,4km,AM,Tidak Terdeteksi,,-78.94,0.0,Not detected,Tidak Terdeteksi (N/A)
Timur_4km_AIRBAND_112Mhz.jpg,timur,4km,AM,Tidak Terdeteksi,,-82.06,0.0,Not detected,Tidak Terdeteksi (N/A)
Timur_4km_AIRBAND_114Mhz.jpg,timur,4km,AM,Tidak Terdeteksi,,-75.85,0.0,Not detected,Tidak Terdeteksi (N/A)
Timur_4km_AIRBAND_117Mhz.jpg,timur,4km,AM,Tidak Terdeteksi,,-76.65,0.0,Not detected,Tidak Terdeteksi (N/A)
Timur_4km_AIRBAND_124Mhz.jpg,timur,4km,AM,Tidak Terdeteksi,,-79.71,0.0,Not detected,Tidak Terdeteksi (N/A)
Timur_4km_AIRBAND_133Mhz.jpg,timur,4km,AM,Tidak Terdeteksi,,-80.85,0.0,Not detected,Tidak Terdeteksi (N/A)
Timur_4km_AIRBAND_137Mhz.jpg,timur,4km,AM,Tidak Terdeteksi,,-80.33,0.0,Not detected,Tidak Terdeteksi (N/A)
Timur_4km_ETC_139Mhz.jpg,timur,4km,ETC,Tidak Terdeteksi,,-79.0,0.0,Not detected,Tidak Terdeteksi (N/A)
Timur_4km_ETC_140Mhz.jpg,timur,4km,ETC,Tidak Terdeteksi,,-79.22,0.0,Not detected,Tidak Terdeteksi (N/A)
Timur_4km_ETC_149.0019Mhz.jpg,timur,4km,ETC,AM,-66.51,-78.88,12.51,Good,Low Noise Amplifier (LNA) HF/VHF
Timur_4km_ETC_70.1607Mhz.jpg,timur,4km,ETC,AM,-62.11,-75.57,13.6,Good,Low Noise Amplifier (LNA) HF/VHF
Timur_4km_ETC_unknown.jpg,timur,4km,ETC,Tidak Terdeteksi,,-78.99,0.0,Not detected,Tidak Terdeteksi (N/A)
Timur_4km_FM_100.3Mhz.jpg,timur,4km,FM,AM,-55.11,-77.18,22.2,Excellent,Filter Pasif / Bypass
Timur_4km_FM_100.54Mhz.jpg,timur,4km,FM,AM,-54.28,-78.06,23.98,Excellent,Filter Pasif / Bypass
Timur_4km_FM_100.5Mhz.jpg,timur,4km,FM,AM,-51.9,-74.11,22.5,Excellent,Filter Pasif / Bypass
Timur_4km_FM_100Mhz.jpg,timur,4km,FM,AM,-60.3,-78.26,18.09,Good,Low Noise Amplifier (LNA) HF/VHF
Timur_4km_FM_101.588Mhz.jpg,timur,4km,FM,AM,-58.26,-77.76,19.65,Good,Filter Pasif / Bypass
Timur_4km_FM_101.607Mhz.jpg,timur,4km,FM,AM,-57.21,-77.53,20.44,Excellent,Filter Pasif / Bypass
Timur_4km_FM_101Mhz.jpg,timur,4km,FM,AM,-53.73,-77.74,24.25,Excellent,Filter Pasif / Bypass
Timur_4km_FM_102Mhz.jpg,timur,4km,FM,AM,-57.44,-77.5,20.34,Excellent,Filter Pasif / Bypass
Timur_4km_FM_105.685Mhz.jpg,timur,4km,FM,Tidak Terdeteksi,,-78.26,0.0,Not detected,Tidak Terdeteksi (N/A)
Timur_4km_FM_105.707Mhz.jpg,timur,4km,FM,AM,-65.16,-78.3,13.33,Good,Low Noise Amplifier (LNA) HF/VHF
Timur_4km_FM_105Mhz.jpg,timur,4km,FM,Tidak Terdeteksi,,-78.58,0.0,Not detected,Tidak Terdeteksi (N/A)
Timur_4km_FM_106Mhz.jpg,timur,4km,FM,Tidak Terdeteksi,,-78.6,0.0,Not detected,Tidak Terdeteksi (N/A)
Timur_4km_FM_107Mhz.jpg,timur,4km,FM,Tidak Terdeteksi,,-78.66,0.0,Not detected,Tidak Terdeteksi (N/A)
Timur_4km_FM_108Mhz.jpg,timur,4km,FM,Tidak Terdeteksi,,-78.63,0.0,Not detected,Tidak Terdeteksi (N/A)
Timur_4km_FM_88Mhz.jpg,timur,4km,FM,Tidak Terdeteksi,,-97.75,0.0,Not detected,Tidak Terdeteksi (N/A)
Timur_4km_FM_89.024Mhz.jpg,timur,4km,FM,AM,-48.55,-79.09,30.67,Outstanding,Tidak Memerlukan Penguat (Bypass)
Timur_4km_FM_89.789Mhz.jpg,timur,4km,FM,FM,-43.03,-79.23,36.37,Outstanding,Tidak Memerlukan Penguat (Bypass)
Timur_4km_FM_89.793Mhz.jpg,timur,4km,FM,AM,-46.86,-79.01,32.3,Outstanding,Tidak Memerlukan Penguat (Bypass)
Timur_4km_FM_89.824Mhz.jpg,timur,4km,FM,AM,-47.8,-78.71,31.06,Outstanding,Tidak Memerlukan Penguat (Bypass)
Timur_4km_FM_89Mhz.jpg,timur,4km,FM,FM,-47.5,-78.9,31.58,Outstanding,Tidak Memerlukan Penguat (Bypass)
Timur_4km_FM_90Mhz.jpg,timur,4km,FM,AM,-55.24,-78.45,23.39,Excellent,Filter Pasif / Bypass
Timur_4km_FM_91.386Mhz.jpg,timur,4km,FM,AM,-66.64,-79.65,13.12,Good,Low Noise Amplifier (LNA) HF/VHF
Timur_4km_FM_91Mhz.jpg,timur,4km,FM,AM,-66.67,-79.33,12.79,Good,Low Noise Amplifier (LNA) HF/VHF
Timur_4km_FM_92Mhz.jpg,timur,4km,FM,AM,-70.51,-87.5,17.18,Good,Low Noise Amplifier (LNA) HF/VHF
Timur_4km_FM_94.102Mhz.jpg,timur,4km,FM,AM,-39.98,-75.64,35.81,Outstanding,Tidak Memerlukan Penguat (Bypass)
Timur_4km_FM_94.1Mhz.jpg,timur,4km,FM,AM,-47.18,-79.14,32.12,Outstanding,Tidak Memerlukan Penguat (Bypass)
Timur_4km_FM_94Mhz.jpg,timur,4km,FM,Tidak Terdeteksi,,-79.37,0.0,Not detected,Tidak Terdeteksi (N/A)
Timur_4km_FM_95.706Mhz.jpg,timur,4km,FM,AM,-44.92,-78.63,33.87,Outstanding,Tidak Memerlukan Penguat (Bypass)
Timur_4km_FM_95.71Mhz.jpg,timur,4km,FM,FM,-47.13,-87.15,40.26,Outstanding,Tidak Memerlukan Penguat (Bypass)
Timur_4km_FM_95Mhz.jpg,timur,4km,FM,FM,-41.17,-78.33,37.3,Outstanding,Tidak Memerlukan Penguat (Bypass)
Timur_4km_FM_96.486Mhz.jpg,timur,4km,FM,AM,-47.13,-78.76,31.78,Outstanding,Tidak Memerlukan Penguat (Bypass)
Timur_4km_FM_96.494Mhz.jpg,timur,4km,FM,AM,-47.13,-78.2,31.22,Outstanding,Tidak Memerlukan Penguat (Bypass)
Timur_4km_FM_96.498Mhz.jpg,timur,4km,FM,AM,-56.76,-77.94,21.28,Excellent,Filter Pasif / Bypass
Timur_4km_FM_96Mhz.jpg,timur,4km,FM,AM,-47.43,-78.41,31.12,Outstanding,Tidak Memerlukan Penguat (Bypass)
Timur_4km_FM_97.313Mhz.jpg,timur,4km,FM,AM,-55.53,-77.87,22.5,Excellent,Filter Pasif / Bypass
Timur_4km_FM_97.314Mhz.jpg,timur,4km,FM,AM,-58.6,-78.05,19.56,Good,Filter Pasif / Bypass
Timur_4km_FM_97.506Mhz.jpg,timur,4km,FM,AM,-55.42,-78.09,22.79,Excellent,Filter Pasif / Bypass
Timur_4km_FM_97Mhz.jpg,timur,4km,FM,AM,-55.23,-77.97,22.87,Excellent,Filter Pasif / Bypass
Timur_4km_FM_98Mhz.jpg,timur,4km,FM,AM,-65.75,-77.89,12.26,Good,Low Noise Amplifier (LNA) HF/VHF
Timur_4km_FM_99.951Mhz.jpg,timur,4km,FM,AM,-53.32,-78.3,25.15,Excellent,Filter Pasif / Bypass
Timur_4km_FM_99.998Mhz.jpg,timur,4km,FM,AM,-54.29,-78.07,24.04,Excellent,Filter Pasif / Bypass
Timur_4km_FM_99Mhz.jpg,timur,4km,FM,Tidak Terdeteksi,,-74.28,0.0,Not detected,Tidak Terdeteksi (N/A)
Timur_6km_AIRBAND_108.493Mhz.jpg,timur,6km,AM,FM,-33.16,-71.49,38.66,Outstanding,Tidak Memerlukan Penguat (Bypass)
Timur_6km_AIRBAND_108.7475Mhz.jpg,timur,6km,AM,Tidak Terdeteksi,,-70.71,0.0,Not detected,Tidak Terdeteksi (N/A)
Timur_6km_AIRBAND_108.9Mhz.jpg,timur,6km,AM,AM,-45.58,-60.23,14.96,Good,Filter Pasif / Bypass
Timur_6km_AIRBAND_109Mhz.jpg,timur,6km,AM,Tidak Terdeteksi,,-68.34,0.0,Not detected,Tidak Terdeteksi (N/A)
Timur_6km_AIRBAND_110.02Mhz.jpg,timur,6km,AM,Tidak Terdeteksi,,-75.34,0.0,Not detected,Tidak Terdeteksi (N/A)
Timur_6km_AIRBAND_110.3459Mhz.jpg,timur,6km,AM,AM,-53.56,-71.53,18.15,Good,Filter Pasif / Bypass
Timur_6km_AIRBAND_110Mhz.jpg,timur,6km,AM,AM,-58.91,-75.56,16.83,Good,Filter Pasif / Bypass
Timur_6km_AIRBAND_111.2Mhz.jpg,timur,6km,AM,Tidak Terdeteksi,,-74.98,0.0,Not detected,Tidak Terdeteksi (N/A)
Timur_6km_AIRBAND_111.4004Mhz.jpg,timur,6km,AM,AM,-50.26,-72.09,22.06,Excellent,Filter Pasif / Bypass
Timur_6km_AIRBAND_111.7004Mhz.jpg,timur,6km,AM,Tidak Terdeteksi,,-76.16,0.0,Not detected,Tidak Terdeteksi (N/A)
Timur_6km_AIRBAND_111.7906Mhz.jpg,timur,6km,AM,AM,-63.61,-75.59,12.29,Good,Low Noise Amplifier (LNA) HF/VHF
Timur_6km_AIRBAND_111.7Mhz.jpg,timur,6km,AM,Tidak Terdeteksi,,-69.1,0.0,Not detected,Tidak Terdeteksi (N/A)
Timur_6km_AIRBAND_111.9384Mhz.jpg,timur,6km,AM,AM,-63.02,-76.08,13.41,Good,Low Noise Amplifier (LNA) HF/VHF
Timur_6km_AIRBAND_111.9Mhz.jpg,timur,6km,AM,AM,-68.01,-85.29,17.46,Good,Low Noise Amplifier (LNA) HF/VHF
Timur_6km_AIRBAND_111Mhz.jpg,timur,6km,AM,AM,-47.26,-68.03,21.16,Excellent,Filter Pasif / Bypass
Timur_6km_AIRBAND_112.7027Mhz.jpg,timur,6km,AM,AM,-55.99,-74.57,18.75,Good,Filter Pasif / Bypass
Timur_6km_AIRBAND_112.8Mhz.jpg,timur,6km,AM,AM,-48.42,-69.97,21.83,Excellent,Filter Pasif / Bypass
Timur_6km_AIRBAND_112Mhz.jpg,timur,6km,AM,Tidak Terdeteksi,,-49.6,0.0,Not detected,Tidak Terdeteksi (N/A)
Timur_6km_AIRBAND_113Mhz.jpg,timur,6km,AM,Tidak Terdeteksi,,-88.98,0.0,Not detected,Tidak Terdeteksi (N/A)
Timur_6km_AIRBAND_114.7Mhz.jpg,timur,6km,AM,Tidak Terdeteksi,,-79.84,0.0,Not detected,Tidak Terdeteksi (N/A)
Timur_6km_AIRBAND_114Mhz.jpg,timur,6km,AM,Tidak Terdeteksi,,-70.08,0.0,Not detected,Tidak Terdeteksi (N/A)
Timur_6km_AIRBAND_115Mhz.jpg,timur,6km,AM,Tidak Terdeteksi,,-49.39,0.0,Not detected,Tidak Terdeteksi (N/A)
Timur_6km_AIRBAND_117.2Mhz.jpg,timur,6km,AM,AM,-63.79,-79.09,15.69,Good,Low Noise Amplifier (LNA) HF/VHF
Timur_6km_AIRBAND_117Mhz.jpg,timur,6km,AM,Tidak Terdeteksi,,-49.02,0.0,Not detected,Tidak Terdeteksi (N/A)
Timur_6km_AIRBAND_118.8Mhz.jpg,timur,6km,AM,Tidak Terdeteksi,,-85.48,0.0,Not detected,Tidak Terdeteksi (N/A)
Timur_6km_AIRBAND_118.9695Mhz.jpg,timur,6km,AM,AM,-54.17,-70.33,16.31,Good,Filter Pasif / Bypass
Timur_6km_AIRBAND_118Mhz.jpg,timur,6km,AM,FM,-32.53,-75.51,43.21,Outstanding,Tidak Memerlukan Penguat (Bypass)
Timur_6km_AIRBAND_119.0008Mhz.jpg,timur,6km,AM,AM,-53.26,-69.41,16.4,Good,Filter Pasif / Bypass
Timur_6km_AIRBAND_119.012Mhz.jpg,timur,6km,AM,AM,-54.88,-70.4,15.84,Good,Filter Pasif / Bypass
Timur_6km_AIRBAND_119.7Mhz.jpg,timur,6km,AM,Tidak Terdeteksi,,-80.02,0.0,Not detected,Tidak Terdeteksi (N/A)
Timur_6km_AIRBAND_119.8252Mhz.jpg,timur,6km,AM,AM,-59.3,-80.12,21.05,Excellent,Filter Pasif / Bypass
Timur_6km_AIRBAND_119Mhz.jpg,timur,6km,AM,Tidak Terdeteksi,,-51.43,0.0,Not detected,Tidak Terdeteksi (N/A)
Timur_6km_AIRBAND_120.7Mhz.jpg,timur,6km,AM,Tidak Terdeteksi,,-81.83,0.0,Not detected,Tidak Terdeteksi (N/A)
Timur_6km_AIRBAND_120Mhz.jpg,timur,6km,AM,AM,-77.01,-89.02,12.1,Good,Low Noise Amplifier (LNA) HF/VHF
Timur_6km_AIRBAND_122Mhz.jpg,timur,6km,AM,Tidak Terdeteksi,,-54.63,0.0,Not detected,Tidak Terdeteksi (N/A)
Timur_6km_AIRBAND_123Mhz.jpg,timur,6km,AM,Tidak Terdeteksi,,-52.72,0.0,Not detected,Tidak Terdeteksi (N/A)
Timur_6km_AIRBAND_124.0068Mhz.jpg,timur,6km,AM,FM,-68.07,-87.73,19.94,Good,Low Noise Amplifier (LNA) Khusus VHF/FM
Timur_6km_AIRBAND_124.2448Mhz.jpg,timur,6km,AM,Tidak Terdeteksi,,-52.96,0.0,Not detected,Tidak Terdeteksi (N/A)
Timur_6km_AIRBAND_124Mhz.jpg,timur,6km,AM,Tidak Terdeteksi,,-56.36,0.0,Not detected,Tidak Terdeteksi (N/A)
Timur_6km_AIRBAND_125.1798Mhz.jpg,timur,6km,AM,Tidak Terdeteksi,,-52.79,0.0,Not detected,Tidak Terdeteksi (N/A)
Timur_6km_AIRBAND_125.2662Mhz.jpg,timur,6km,AM,Tidak Terdeteksi,,-56.42,0.0,Not detected,Tidak Terdeteksi (N/A)
Timur_6km_AIRBAND_125Mhz.jpg,timur,6km,AM,FM,-33.19,-77.12,44.08,Outstanding,Tidak Memerlukan Penguat (Bypass)
Timur_6km_AIRBAND_126.1962Mhz.jpg,timur,6km,AM,FM,-20.01,-75.58,55.72,Outstanding,Tidak Memerlukan Penguat (Bypass)
Timur_6km_AIRBAND_126.203Mhz.jpg,timur,6km,AM,AM,-53.61,-74.64,21.2,Excellent,Filter Pasif / Bypass
Timur_6km_AIRBAND_126Mhz.jpg,timur,6km,AM,Tidak Terdeteksi,,-53.62,0.0,Not detected,Tidak Terdeteksi (N/A)
Timur_6km_AIRBAND_127Mhz.jpg,timur,6km,AM,Tidak Terdeteksi,,-52.37,0.0,Not detected,Tidak Terdeteksi (N/A)
Timur_6km_AIRBAND_128.0183Mhz.jpg,timur,6km,AM,FM,-33.16,-75.42,42.48,Outstanding,Tidak Memerlukan Penguat (Bypass)
Timur_6km_AIRBAND_128Mhz.jpg,timur,6km,AM,FM,-33.16,-74.92,41.9,Outstanding,Tidak Memerlukan Penguat (Bypass)
Timur_6km_AIRBAND_129Mhz.jpg,timur,6km,AM,Tidak Terdeteksi,,-51.61,0.0,Not detected,Tidak Terdeteksi (N/A)
Timur_6km_AIRBAND_130Mhz.jpg,timur,6km,AM,Tidak Terdeteksi,,-69.44,0.0,Not detected,Tidak Terdeteksi (N/A)
Timur_6km_AIRBAND_131Mhz.jpg,timur,6km,AM,Tidak Terdeteksi,,-51.78,0.0,Not detected,Tidak Terdeteksi (N/A)
Timur_6km_AIRBAND_133Mhz.jpg,timur,6km,AM,Tidak Terdeteksi,,-52.72,0.0,Not detected,Tidak Terdeteksi (N/A)
Timur_6km_AIRBAND_135Mhz.jpg,timur,6km,AM,Tidak Terdeteksi,,-82.36,0.0,Not detected,Tidak Terdeteksi (N/A)
Timur_6km_AIRBAND_136Mhz.jpg,timur,6km,AM,Tidak Terdeteksi,,-49.56,0.0,Not detected,Tidak Terdeteksi (N/A)
Timur_6km_AIRBAND_137Mhz.jpg,timur,6km,AM,FM,-36.83,-75.73,39.07,Outstanding,Tidak Memerlukan Penguat (Bypass)
Timur_6km_ETC_137.0698Mhz.jpg,timur,6km,ETC,AM,-75.32,-89.08,13.86,Good,Low Noise Amplifier (LNA) HF/VHF
Timur_6km_ETC_138Mhz.jpg,timur,6km,ETC,Tidak Terdeteksi,,-77.74,0.0,Not detected,Tidak Terdeteksi (N/A)
Timur_6km_ETC_139Mhz.jpg,timur,6km,ETC,Error,,-50.0,0.0,Error,Error
Timur_6km_ETC_140Mhz.jpg,timur,6km,ETC,Tidak Terdeteksi,,-77.57,0.0,Not detected,Tidak Terdeteksi (N/A)
Timur_6km_ETC_142.3166Mhz.jpg,timur,6km,ETC,FM,-36.48,-65.32,29.06,Outstanding,Tidak Memerlukan Penguat (Bypass)
Timur_6km_ETC_142.329Mhz.jpg,timur,6km,ETC,FM,-28.82,-65.68,37.02,Outstanding,Tidak Memerlukan Penguat (Bypass)
Timur_6km_ETC_143.0057Mhz.jpg,timur,6km,ETC,FM,-28.61,-65.94,37.52,Outstanding,Tidak Memerlukan Penguat (Bypass)
Timur_6km_ETC_143Mhz.jpg,timur,6km,ETC,FM,-31.39,-65.04,33.86,Outstanding,Tidak Memerlukan Penguat (Bypass)
Timur_6km_ETC_64.7955Mhz.jpg,timur,6km,ETC,FM,-33.09,-78.69,45.88,Outstanding,Tidak Memerlukan Penguat (Bypass)
Timur_6km_ETC_69.8001Mhz.jpg,timur,6km,ETC,AM,-76.75,-89.13,12.6,Good,Low Noise Amplifier (LNA) HF/VHF
Timur_6km_ETC_69.9258Mhz.jpg,timur,6km,ETC,Tidak Terdeteksi,,-81.31,0.0,Not detected,Tidak Terdeteksi (N/A)
Timur_6km_ETC_76.0001Mhz.jpg,timur,6km,ETC,Tidak Terdeteksi,,-89.05,0.0,Not detected,Tidak Terdeteksi (N/A)
Timur_6km_ETC_80Mhz.jpg,timur,6km,ETC,Tidak Terdeteksi,,-56.82,0.0,Not detected,Tidak Terdeteksi (N/A)
Timur_6km_ETC_85.588Mhz.jpg,timur,6km,ETC,FM,-32.07,-72.09,40.22,Outstanding,Tidak Memerlukan Penguat (Bypass)
Timur_6km_ETC_85.592Mhz.jpg,timur,6km,ETC,AM,-29.21,-71.13,42.05,Outstanding,Tidak Memerlukan Penguat (Bypass)
Timur_6km_ETC_85.595Mhz.jpg,timur,6km,ETC,FM,-40.01,-73.05,33.33,Outstanding,Tidak Memerlukan Penguat (Bypass)
Timur_6km_ETC_85.8Mhz.jpg,timur,6km,ETC,FM,-36.59,-69.62,33.29,Outstanding,Tidak Memerlukan Penguat (Bypass)
Timur_6km_ETC_85Mhz.jpg,timur,6km,ETC,FM,-33.44,-74.21,41.0,Outstanding,Tidak Memerlukan Penguat (Bypass)
Timur_6km_ETC_86.013Mhz.jpg,timur,6km,ETC,AM,-41.32,-75.0,33.94,Outstanding,Tidak Memerlukan Penguat (Bypass)
Timur_6km_ETC_86Mhz.jpg,timur,6km,ETC,FM,-20.27,-70.12,50.02,Outstanding,Tidak Memerlukan Penguat (Bypass)
Timur_6km_ETC_unknown.jpg,timur,6km,ETC,FM,-30.15,-70.96,41.04,Outstanding,Tidak Memerlukan Penguat (Bypass)
Timur_6km_FM_100.006Mhz.jpg,timur,6km,FM,AM,-46.98,-69.43,22.78,Excellent,Filter Pasif / Bypass
Timur_6km_FM_100.429Mhz.jpg,timur,6km,FM,FM,-32.44,-55.3,23.41,Excellent,Penguat High-Linearity / Attenuator Pasif
Timur_6km_FM_100.4Mhz.jpg,timur,6km,FM,FM,-28.27,-67.34,39.67,Outstanding,Tidak Memerlukan Penguat (Bypass)
Timur_6km_FM_100.6Mhz.jpg,timur,6km,FM,FM,-32.71,-55.12,23.04,Excellent,Penguat High-Linearity / Attenuator Pasif
Timur_6km_FM_100.9Mhz.jpg,timur,6km,FM,FM,-20.01,-67.46,47.82,Outstanding,Tidak Memerlukan Penguat (Bypass)
Timur_6km_FM_100Mhz.jpg,timur,6km,FM,FM,-20.01,-69.68,50.01,Outstanding,Tidak Memerlukan Penguat (Bypass)
Timur_6km_FM_101.184Mhz.jpg,timur,6km,FM,FM,-32.96,-54.6,22.48,Excellent,Penguat High-Linearity / Attenuator Pasif
Timur_6km_FM_101.585Mhz.jpg,timur,6km,FM,FM,-40.05,-66.76,27.13,Excellent,Penguat High-Linearity / Attenuator Pasif
Timur_6km_FM_101.586Mhz.jpg,timur,6km,FM,FM,-20.67,-68.67,48.6,Outstanding,Tidak Memerlukan Penguat (Bypass)
Timur_6km_FM_101.5Mhz.jpg,timur,6km,FM,FM,-22.82,-64.71,42.31,Outstanding,Tidak Memerlukan Penguat (Bypass)
Timur_6km_FM_101.601Mhz.jpg,timur,6km,FM,FM,-27.56,-77.65,50.72,Outstanding,Tidak Memerlukan Penguat (Bypass)
Timur_6km_FM_101.605Mhz.jpg,timur,6km,FM,FM,-24.12,-54.14,30.62,Outstanding,Tidak Memerlukan Penguat (Bypass)
Timur_6km_FM_101.612Mhz.jpg,timur,6km,FM,FM,-24.49,-54.92,30.77,Outstanding,Tidak Memerlukan Penguat (Bypass)
Timur_6km_FM_101.613Mhz.jpg,timur,6km,FM,FM,-23.09,-54.68,32.1,Outstanding,Tidak Memerlukan Penguat (Bypass)
Timur_6km_FM_101.61Mhz.jpg,timur,6km,FM,FM,-20.18,-73.77,53.82,Outstanding,Tidak Memerlukan Penguat (Bypass)
Timur_6km_FM_101.6Mhz.jpg,timur,6km,FM,AM,-38.27,-70.57,32.76,Outstanding,Tidak Memerlukan Penguat (Bypass)
Timur_6km_FM_101.8Mhz.jpg,timur,6km,FM,FM,-20.27,-59.8,40.21,Outstanding,Tidak Memerlukan Penguat (Bypass)
Timur_6km_FM_101Mhz.jpg,timur,6km,FM,FM,-31.29,-70.82,40.13,Outstanding,Tidak Memerlukan Penguat (Bypass)
Timur_6km_FM_102.209Mhz.jpg,timur,6km,FM,FM,-28.39,-72.06,43.96,Outstanding,Tidak Memerlukan Penguat (Bypass)
Timur_6km_FM_102.2Mhz.jpg,timur,6km,FM,FM,-30.0,-58.73,29.1,Outstanding,Tidak Memerlukan Penguat (Bypass)
Timur_6km_FM_102.402Mhz.jpg,timur,6km,FM,FM,-38.92,-69.42,30.83,Outstanding,Tidak Memerlukan Penguat (Bypass)
Timur_6km_FM_102.406Mhz.jpg,timur,6km,FM,FM,-33.19,-72.6,39.62,Outstanding,Tidak Memerlukan Penguat (Bypass)
Timur_6km_FM_102.4Mhz.jpg,timur,6km,FM,AM,-57.32,-75.92,18.82,Good,Filter Pasif / Bypass
Timur_6km_FM_102.6Mhz.jpg,timur,6km,FM,FM,-28.27,-56.78,28.75,Excellent,Penguat High-Linearity / Attenuator Pasif
Timur_6km_FM_102.789Mhz.jpg,timur,6km,FM,AM,-37.75,-68.14,30.82,Outstanding,Tidak Memerlukan Penguat (Bypass)
Timur_6km_FM_102.9Mhz.jpg,timur,6km,FM,FM,-40.0,-77.13,37.42,Outstanding,Tidak Memerlukan Penguat (Bypass)
Timur_6km_FM_102Mhz.jpg,timur,6km,FM,FM,-20.22,-68.58,48.66,Outstanding,Tidak Memerlukan Penguat (Bypass)
Timur_6km_FM_103.393Mhz.jpg,timur,6km,FM,AM,-38.78,-68.76,30.52,Outstanding,Tidak Memerlukan Penguat (Bypass)
Timur_6km_FM_103.3Mhz.jpg,timur,6km,FM,AM,-45.01,-65.48,20.64,Excellent,Filter Pasif / Bypass
Timur_6km_FM_103.4Mhz.jpg,timur,6km,FM,FM,-37.43,-68.67,31.48,Outstanding,Tidak Memerlukan Penguat (Bypass)
Timur_6km_FM_103.5Mhz.jpg,timur,6km,FM,FM,-33.21,-66.78,34.24,Outstanding,Tidak Memerlukan Penguat (Bypass)
Timur_6km_FM_103.9Mhz.jpg,timur,6km,FM,FM,-40.0,-78.38,38.69,Outstanding,Tidak Memerlukan Penguat (Bypass)
Timur_6km_FM_103Mhz.jpg,timur,6km,FM,FM,-21.75,-56.09,34.58,Outstanding,Tidak Memerlukan Penguat (Bypass)
Timur_6km_FM_104.014Mhz.jpg,timur,6km,FM,AM,-47.02,-68.89,22.09,Excellent,Filter Pasif / Bypass
Timur_6km_FM_104.034Mhz.jpg,timur,6km,FM,FM,-33.54,-88.26,55.05,Outstanding,Tidak Memerlukan Penguat (Bypass)
Timur_6km_FM_104.6Mhz.jpg,timur,6km,FM,FM,-24.9,-69.63,44.98,Outstanding,Tidak Memerlukan Penguat (Bypass)
Timur_6km_FM_104.775Mhz.jpg,timur,6km,FM,FM,-22.54,-53.3,30.97,Outstanding,Tidak Memerlukan Penguat (Bypass)
Timur_6km_FM_104.777Mhz.jpg,timur,6km,FM,FM,-28.25,-68.12,40.16,Outstanding,Tidak Memerlukan Penguat (Bypass)
Timur_6km_FM_104.778Mhz.jpg,timur,6km,FM,FM,-38.57,-89.16,50.58,Outstanding,Tidak Memerlukan Penguat (Bypass)
Timur_6km_FM_104.785Mhz.jpg,timur,6km,FM,FM,-33.27,-77.62,45.02,Outstanding,Tidak Memerlukan Penguat (Bypass)
Timur_6km_FM_104.788Mhz.jpg,timur,6km,FM,FM,-23.52,-71.79,48.78,Outstanding,Tidak Memerlukan Penguat (Bypass)
Timur_6km_FM_104.793Mhz.jpg,timur,6km,FM,FM,-19.58,-52.57,33.28,Outstanding,Tidak Memerlukan Penguat (Bypass)
Timur_6km_FM_104.799Mhz.jpg,timur,6km,FM,FM,-27.01,-53.79,27.07,Excellent,Penguat High-Linearity / Attenuator Pasif
Timur_6km_FM_104.812Mhz.jpg,timur,6km,FM,FM,-28.99,-52.48,23.75,Excellent,Penguat High-Linearity / Attenuator Pasif
Timur_6km_FM_104.821Mhz.jpg,timur,6km,FM,FM,-20.0,-71.5,51.89,Outstanding,Tidak Memerlukan Penguat (Bypass)
Timur_6km_FM_104.823Mhz.jpg,timur,6km,FM,FM,-20.0,-83.86,64.31,Outstanding,Tidak Memerlukan Penguat (Bypass)
Timur_6km_FM_104.8Mhz.jpg,timur,6km,FM,AM,-40.21,-67.93,27.95,Excellent,Filter Pasif / Bypass
Timur_6km_FM_104.9Mhz.jpg,timur,6km,FM,FM,-20.02,-65.57,45.88,Outstanding,Tidak Memerlukan Penguat (Bypass)
Timur_6km_FM_104Mhz.jpg,timur,6km,FM,AM,-29.62,-52.65,23.27,Excellent,Filter Pasif / Bypass
Timur_6km_FM_105.197Mhz.jpg,timur,6km,FM,FM,-20.0,-66.78,47.09,Outstanding,Tidak Memerlukan Penguat (Bypass)
Timur_6km_FM_105.4Mhz.jpg,timur,6km,FM,FM,-29.83,-67.94,38.32,Outstanding,Tidak Memerlukan Penguat (Bypass)
Timur_6km_FM_105.8Mhz.jpg,timur,6km,FM,FM,-32.49,-65.57,33.52,Outstanding,Tidak Memerlukan Penguat (Bypass)
Timur_6km_FM_105Mhz.jpg,timur,6km,FM,FM,-21.3,-50.67,29.65,Outstanding,Tidak Memerlukan Penguat (Bypass)
Timur_6km_FM_106.3Mhz.jpg,timur,6km,FM,FM,-36.5,-68.07,31.85,Outstanding,Tidak Memerlukan Penguat (Bypass)
Timur_6km_FM_106.7Mhz.jpg,timur,6km,FM,AM,-43.74,-68.54,25.05,Excellent,Filter Pasif / Bypass
Timur_6km_FM_106Mhz.jpg,timur,6km,FM,FM,-32.53,-72.86,40.62,Outstanding,Tidak Memerlukan Penguat (Bypass)
Timur_6km_FM_107.5Mhz.jpg,timur,6km,FM,Tidak Terdeteksi,,-69.64,0.0,Not detected,Tidak Terdeteksi (N/A)
Timur_6km_FM_107Mhz.jpg,timur,6km,FM,Tidak Terdeteksi,,-54.08,0.0,Not detected,Tidak Terdeteksi (N/A)
Timur_6km_FM_108Mhz.jpg,timur,6km,FM,Tidak Terdeteksi,,-73.76,0.0,Not detected,Tidak Terdeteksi (N/A)
Timur_6km_FM_87.221Mhz.jpg,timur,6km,FM,FM,-36.5,-67.7,31.79,Outstanding,Tidak Memerlukan Penguat (Bypass)
Timur_6km_FM_87.2738Mhz.jpg,timur,6km,FM,FM,-40.8,-72.43,31.95,Outstanding,Tidak Memerlukan Penguat (Bypass)
Timur_6km_FM_87.392Mhz.jpg,timur,6km,FM,FM,-22.99,-54.45,31.68,Outstanding,Tidak Memerlukan Penguat (Bypass)
Timur_6km_FM_87.39Mhz.jpg,timur,6km,FM,FM,-40.84,-80.18,39.5,Outstanding,Tidak Memerlukan Penguat (Bypass)
Timur_6km_FM_87.3Mhz.jpg,timur,6km,FM,FM,-20.01,-66.11,46.34,Outstanding,Tidak Memerlukan Penguat (Bypass)
Timur_6km_FM_87.402Mhz.jpg,timur,6km,FM,FM,-23.25,-54.46,31.67,Outstanding,Tidak Memerlukan Penguat (Bypass)
Timur_6km_FM_87.403Mhz.jpg,timur,6km,FM,FM,-20.0,-61.68,41.91,Outstanding,Tidak Memerlukan Penguat (Bypass)
Timur_6km_FM_87.409Mhz.jpg,timur,6km,FM,FM,-25.21,-80.08,55.38,Outstanding,Tidak Memerlukan Penguat (Bypass)
Timur_6km_FM_87.41Mhz.jpg,timur,6km,FM,FM,-35.0,-69.97,35.21,Outstanding,Tidak Memerlukan Penguat (Bypass)
Timur_6km_FM_87.425Mhz.jpg,timur,6km,FM,FM,-20.8,-70.77,50.67,Outstanding,Tidak Memerlukan Penguat (Bypass)
Timur_6km_FM_87.426Mhz.jpg,timur,6km,FM,FM,-20.0,-87.45,67.78,Outstanding,Tidak Memerlukan Penguat (Bypass)
Timur_6km_FM_87.433Mhz.jpg,timur,6km,FM,FM,-29.91,-55.46,25.86,Excellent,Penguat High-Linearity / Attenuator Pasif
Timur_6km_FM_87.6Mhz.jpg,timur,6km,FM,FM,-24.5,-55.95,31.87,Outstanding,Tidak Memerlukan Penguat (Bypass)
Timur_6km_FM_87.7Mhz.jpg,timur,6km,FM,FM,-37.21,-80.03,43.15,Outstanding,Tidak Memerlukan Penguat (Bypass)
Timur_6km_FM_87.8Mhz.jpg,timur,6km,FM,FM,-20.0,-73.62,54.06,Outstanding,Tidak Memerlukan Penguat (Bypass)
Timur_6km_FM_87.971Mhz.jpg,timur,6km,FM,FM,-25.15,-80.91,56.31,Outstanding,Tidak Memerlukan Penguat (Bypass)
Timur_6km_FM_87.9Mhz.jpg,timur,6km,FM,FM,-26.49,-54.9,28.63,Excellent,Penguat High-Linearity / Attenuator Pasif
Timur_6km_FM_87Mhz.jpg,timur,6km,FM,FM,-29.18,-56.86,28.27,Excellent,Penguat High-Linearity / Attenuator Pasif
Timur_6km_FM_88.03Mhz.jpg,timur,6km,FM,AM,-35.19,-52.72,17.77,Good,Filter Pasif / Bypass
Timur_6km_FM_88.096Mhz.jpg,timur,6km,FM,FM,-24.22,-80.08,56.34,Outstanding,Tidak Memerlukan Penguat (Bypass)
Timur_6km_FM_88.12Mhz.jpg,timur,6km,FM,AM,-37.71,-55.87,18.6,Good,Filter Pasif / Bypass
Timur_6km_FM_88.1Mhz.jpg,timur,6km,FM,FM,-27.0,-79.13,52.51,Outstanding,Tidak Memerlukan Penguat (Bypass)
Timur_6km_FM_88.8Mhz.jpg,timur,6km,FM,FM,-28.21,-71.39,43.68,Outstanding,Tidak Memerlukan Penguat (Bypass)
Timur_6km_FM_88.979Mhz.jpg,timur,6km,FM,FM,-20.0,-84.85,65.44,Outstanding,Tidak Memerlukan Penguat (Bypass)
Timur_6km_FM_88.985Mhz.jpg,timur,6km,FM,FM,-55.79,-88.8,33.26,Outstanding,Tidak Memerlukan Penguat (Bypass)
Timur_6km_FM_88.989Mhz.jpg,timur,6km,FM,FM,-31.92,-71.9,40.21,Outstanding,Tidak Memerlukan Penguat (Bypass)
Timur_6km_FM_88.998Mhz.jpg,timur,6km,FM,FM,-36.69,-78.92,42.51,Outstanding,Tidak Memerlukan Penguat (Bypass)
Timur_6km_FM_88.9Mhz.jpg,timur,6km,FM,AM,-49.65,-77.63,28.22,Excellent,Filter Pasif / Bypass
Timur_6km_FM_88Mhz.jpg,timur,6km,FM,FM,-20.0,-65.71,46.13,Outstanding,Tidak Memerlukan Penguat (Bypass)
Timur_6km_FM_89.025Mhz.jpg,timur,6km,FM,FM,-26.03,-76.49,50.83,Outstanding,Tidak Memerlukan Penguat (Bypass)
Timur_6km_FM_89.2Mhz.jpg,timur,6km,FM,AM,-42.25,-72.71,30.69,Outstanding,Tidak Memerlukan Penguat (Bypass)
Timur_6km_FM_89.3Mhz.jpg,timur,6km,FM,AM,-35.37,-53.48,18.32,Good,Filter Pasif / Bypass
Timur_6km_FM_89.595Mhz.jpg,timur,6km,FM,FM,-35.01,-70.09,35.46,Outstanding,Tidak Memerlukan Penguat (Bypass)
Timur_6km_FM_89.5Mhz.jpg,timur,6km,FM,FM,-20.63,-88.69,68.27,Outstanding,Tidak Memerlukan Penguat (Bypass)
Timur_6km_FM_89.6Mhz.jpg,timur,6km,FM,FM,-29.47,-88.4,59.18,Outstanding,Tidak Memerlukan Penguat (Bypass)
Timur_6km_FM_89.798Mhz.jpg,timur,6km,FM,FM,-33.16,-76.03,43.1,Outstanding,Tidak Memerlukan Penguat (Bypass)
Timur_6km_FM_89.815Mhz.jpg,timur,6km,FM,FM,-53.92,-88.79,34.96,Outstanding,Tidak Memerlukan Penguat (Bypass)
Timur_6km_FM_89.8Mhz.jpg,timur,6km,FM,FM,-34.67,-73.26,39.06,Outstanding,Tidak Memerlukan Penguat (Bypass)
Timur_6km_FM_89.995Mhz.jpg,timur,6km,FM,AM,-43.68,-71.45,27.97,Excellent,Filter Pasif / Bypass
Timur_6km_FM_89Mhz.jpg,timur,6km,FM,AM,-55.57,-80.79,25.36,Excellent,Filter Pasif / Bypass
Timur_6km_FM_90.2Mhz.jpg,timur,6km,FM,Tidak Terdeteksi,,-55.08,0.0,Not detected,Tidak Terdeteksi (N/A)
Timur_6km_FM_90.499Mhz.jpg,timur,6km,FM,AM,-48.03,-72.49,24.93,Excellent,Filter Pasif / Bypass
Timur_6km_FM_90.4Mhz.jpg,timur,6km,FM,FM,-31.22,-65.57,34.86,Outstanding,Tidak Memerlukan Penguat (Bypass)
Timur_6km_FM_90.578Mhz.jpg,timur,6km,FM,AM,-49.14,-73.15,24.37,Excellent,Filter Pasif / Bypass
Timur_6km_FM_90.588Mhz.jpg,timur,6km,FM,FM,-27.88,-75.75,48.08,Outstanding,Tidak Memerlukan Penguat (Bypass)
Timur_6km_FM_90.592Mhz.jpg,timur,6km,FM,AM,-43.59,-73.11,29.84,Outstanding,Tidak Memerlukan Penguat (Bypass)
Timur_6km_FM_90.594Mhz.jpg,timur,6km,FM,FM,-20.0,-74.29,55.51,Outstanding,Tidak Memerlukan Penguat (Bypass)
Timur_6km_FM_90.611Mhz.jpg,timur,6km,FM,AM,-30.13,-74.9,45.08,Outstanding,Tidak Memerlukan Penguat (Bypass)
Timur_6km_FM_90.618Mhz.jpg,timur,6km,FM,FM,-33.19,-75.0,42.04,Outstanding,Tidak Memerlukan Penguat (Bypass)
Timur_6km_FM_90.629Mhz.jpg,timur,6km,FM,FM,-33.17,-75.79,42.9,Outstanding,Tidak Memerlukan Penguat (Bypass)
Timur_6km_FM_90.63Mhz.jpg,timur,6km,FM,FM,-33.19,-75.21,42.27,Outstanding,Tidak Memerlukan Penguat (Bypass)
Timur_6km_FM_90.6Mhz.jpg,timur,6km,FM,AM,-47.23,-72.99,26.2,Excellent,Filter Pasif / Bypass
Timur_6km_FM_90.7Mhz.jpg,timur,6km,FM,FM,-33.16,-75.17,42.23,Outstanding,Tidak Memerlukan Penguat (Bypass)
Timur_6km_FM_90.8Mhz.jpg,timur,6km,FM,FM,-20.15,-86.59,67.14,Outstanding,Tidak Memerlukan Penguat (Bypass)
Timur_6km_FM_90Mhz.jpg,timur,6km,FM,FM,-34.45,-70.23,36.06,Outstanding,Tidak Memerlukan Penguat (Bypass)
Timur_6km_FM_91.1Mhz.jpg,timur,6km,FM,FM,-33.19,-76.16,43.21,Outstanding,Tidak Memerlukan Penguat (Bypass)
Timur_6km_FM_91.2Mhz.jpg,timur,6km,FM,AM,-34.39,-53.53,19.52,Good,Filter Pasif / Bypass
Timur_6km_FM_91.381Mhz.jpg,timur,6km,FM,FM,-42.95,-88.51,45.78,Outstanding,Tidak Memerlukan Penguat (Bypass)
Timur_6km_FM_91.389Mhz.jpg,timur,6km,FM,FM,-25.06,-78.53,53.65,Outstanding,Tidak Memerlukan Penguat (Bypass)
Timur_6km_FM_91.3Mhz.jpg,timur,6km,FM,FM,-40.0,-76.72,36.95,Outstanding,Tidak Memerlukan Penguat (Bypass)
Timur_6km_FM_91.404Mhz.jpg,timur,6km,FM,FM,-26.93,-53.1,26.64,Excellent,Penguat High-Linearity / Attenuator Pasif
Timur_6km_FM_91.411Mhz.jpg,timur,6km,FM,FM,-25.12,-75.94,50.98,Outstanding,Tidak Memerlukan Penguat (Bypass)
Timur_6km_FM_91.434Mhz.jpg,timur,6km,FM,AM,-42.53,-87.57,45.47,Outstanding,Tidak Memerlukan Penguat (Bypass)
Timur_6km_FM_91.4Mhz.jpg,timur,6km,FM,FM,-41.38,-81.13,39.93,Outstanding,Tidak Memerlukan Penguat (Bypass)
Timur_6km_FM_91.5Mhz.jpg,timur,6km,FM,FM,-20.0,-87.22,67.6,Outstanding,Tidak Memerlukan Penguat (Bypass)
Timur_6km_FM_91Mhz.jpg,timur,6km,FM,FM,-27.72,-53.54,26.1,Excellent,Penguat High-Linearity / Attenuator Pasif
Timur_6km_FM_92.182Mhz.jpg,timur,6km,FM,FM,-47.11,-88.6,41.72,Outstanding,Tidak Memerlukan Penguat (Bypass)
Timur_6km_FM_92.292Mhz.jpg,timur,6km,FM,FM,-47.1,-88.76,41.87,Outstanding,Tidak Memerlukan Penguat (Bypass)
Timur_6km_FM_92.294Mhz.jpg,timur,6km,FM,FM,-32.26,-74.99,42.95,Outstanding,Tidak Memerlukan Penguat (Bypass)
Timur_6km_FM_92.2Mhz.jpg,timur,6km,FM,FM,-31.97,-75.76,43.96,Outstanding,Tidak Memerlukan Penguat (Bypass)
Timur_6km_FM_92.3Mhz.jpg,timur,6km,FM,FM,-30.45,-73.59,43.65,Outstanding,Tidak Memerlukan Penguat (Bypass)
Timur_6km_FM_92.53Mhz.jpg,timur,6km,FM,AM,-41.22,-74.1,33.07,Outstanding,Tidak Memerlukan Penguat (Bypass)
Timur_6km_FM_92.62Mhz.jpg,timur,6km,FM,FM,-47.47,-89.3,41.94,Outstanding,Tidak Memerlukan Penguat (Bypass)
Timur_6km_FM_92.73Mhz.jpg,timur,6km,FM,AM,-66.78,-98.97,32.33,Outstanding,Tidak Memerlukan Penguat (Bypass)
Timur_6km_FM_92.81Mhz.jpg,timur,6km,FM,AM,-63.67,-88.08,24.48,Excellent,Low Noise Amplifier (LNA) HF/VHF
Timur_6km_FM_92.866Mhz.jpg,timur,6km,FM,FM,-30.52,-64.76,34.79,Outstanding,Tidak Memerlukan Penguat (Bypass)
Timur_6km_FM_92.8Mhz.jpg,timur,6km,FM,FM,-20.25,-63.19,44.03,Outstanding,Tidak Memerlukan Penguat (Bypass)
Timur_6km_FM_92.9Mhz.jpg,timur,6km,FM,AM,-20.0,-82.06,62.46,Outstanding,Tidak Memerlukan Penguat (Bypass)
Timur_6km_FM_92Mhz.jpg,timur,6km,FM,FM,-30.95,-75.79,45.08,Outstanding,Tidak Memerlukan Penguat (Bypass)
Timur_6km_FM_93.297Mhz.jpg,timur,6km,FM,FM,-49.25,-87.76,38.67,Outstanding,Tidak Memerlukan Penguat (Bypass)
Timur_6km_FM_93.298Mhz.jpg,timur,6km,FM,FM,-32.74,-74.37,41.82,Outstanding,Tidak Memerlukan Penguat (Bypass)
Timur_6km_FM_93.299Mhz.jpg,timur,6km,FM,FM,-32.85,-75.01,42.44,Outstanding,Tidak Memerlukan Penguat (Bypass)
Timur_6km_FM_93.2Mhz.jpg,timur,6km,FM,AM,-42.24,-73.41,31.52,Outstanding,Tidak Memerlukan Penguat (Bypass)
Timur_6km_FM_93.301Mhz.jpg,timur,6km,FM,AM,-38.16,-52.8,14.83,Good,Filter Pasif / Bypass
Timur_6km_FM_93.3Mhz.jpg,timur,6km,FM,FM,-15.95,-71.29,55.94,Outstanding,Tidak Memerlukan Penguat (Bypass)
Timur_6km_FM_93.4Mhz.jpg,timur,6km,FM,FM,-46.64,-88.23,41.96,Outstanding,Tidak Memerlukan Penguat (Bypass)
Timur_6km_FM_93.8Mhz.jpg,timur,6km,FM,FM,-36.99,-75.27,38.49,Outstanding,Tidak Memerlukan Penguat (Bypass)
Timur_6km_FM_93Mhz.jpg,timur,6km,FM,AM,-39.47,-52.85,13.59,Good,Filter Pasif / Bypass
Timur_6km_FM_94.049Mhz.jpg,timur,6km,FM,FM,-30.78,-78.35,47.95,Outstanding,Tidak Memerlukan Penguat (Bypass)
Timur_6km_FM_94.065Mhz.jpg,timur,6km,FM,FM,-34.21,-78.69,44.71,Outstanding,Tidak Memerlukan Penguat (Bypass)
Timur_6km_FM_94.076Mhz.jpg,timur,6km,FM,FM,-28.3,-70.91,43.28,Outstanding,Tidak Memerlukan Penguat (Bypass)
Timur_6km_FM_94.07Mhz.jpg,timur,6km,FM,FM,-33.16,-70.28,37.66,Outstanding,Tidak Memerlukan Penguat (Bypass)
Timur_6km_FM_94.084Mhz.jpg,timur,6km,FM,FM,-39.4,-67.25,28.31,Excellent,Penguat High-Linearity / Attenuator Pasif
Timur_6km_FM_94.19Mhz.jpg,timur,6km,FM,FM,-26.12,-68.49,43.1,Outstanding,Tidak Memerlukan Penguat (Bypass)
Timur_6km_FM_94.1Mhz.jpg,timur,6km,FM,FM,-28.86,-75.64,47.2,Outstanding,Tidak Memerlukan Penguat (Bypass)
Timur_6km_FM_94.2Mhz.jpg,timur,6km,FM,FM,-20.0,-78.97,60.23,Outstanding,Tidak Memerlukan Penguat (Bypass)
Timur_6km_FM_94.4Mhz.jpg,timur,6km,FM,AM,-38.29,-71.15,33.16,Outstanding,Tidak Memerlukan Penguat (Bypass)
Timur_6km_FM_94.6Mhz.jpg,timur,6km,FM,AM,-80.34,-109.03,28.87,Excellent,Low Noise Amplifier (LNA) HF/VHF
Timur_6km_FM_94.876Mhz.jpg,timur,6km,FM,FM,-35.12,-70.21,35.79,Outstanding,Tidak Memerlukan Penguat (Bypass)
Timur_6km_FM_94.883Mhz.jpg,timur,6km,FM,AM,-32.72,-53.39,21.03,Excellent,Filter Pasif / Bypass
Timur_6km_FM_94.898Mhz.jpg,timur,6km,FM,FM,-40.26,-82.24,42.79,Outstanding,Tidak Memerlukan Penguat (Bypass)
Timur_6km_FM_94.905Mhz.jpg,timur,6km,FM,FM,-33.13,-70.62,37.98,Outstanding,Tidak Memerlukan Penguat (Bypass)
Timur_6km_FM_94.907Mhz.jpg,timur,6km,FM,FM,-32.2,-87.51,56.02,Outstanding,Tidak Memerlukan Penguat (Bypass)
Timur_6km_FM_94.914Mhz.jpg,timur,6km,FM,FM,-32.89,-82.12,49.91,Outstanding,Tidak Memerlukan Penguat (Bypass)
Timur_6km_FM_94.929Mhz.jpg,timur,6km,FM,FM,-36.28,-88.64,52.48,Outstanding,Tidak Memerlukan Penguat (Bypass)
Timur_6km_FM_94.9Mhz.jpg,timur,6km,FM,FM,-34.21,-68.97,35.49,Outstanding,Tidak Memerlukan Penguat (Bypass)
Timur_6km_FM_94Mhz.jpg,timur,6km,FM,FM,-22.06,-83.16,61.44,Outstanding,Tidak Memerlukan Penguat (Bypass)
Timur_6km_FM_95.104Mhz.jpg,timur,6km,FM,FM,-45.28,-88.8,43.66,Outstanding,Tidak Memerlukan Penguat (Bypass)
Timur_6km_FM_95.1Mhz.jpg,timur,6km,FM,FM,-20.67,-75.58,55.61,Outstanding,Tidak Memerlukan Penguat (Bypass)
Timur_6km_FM_95.2Mhz.jpg,timur,6km,FM,FM,-32.56,-69.65,37.57,Outstanding,Tidak Memerlukan Penguat (Bypass)
Timur_6km_FM_95.677Mhz.jpg,timur,6km,FM,FM,-31.96,-69.88,38.45,Outstanding,Tidak Memerlukan Penguat (Bypass)
Timur_6km_FM_95.688Mhz.jpg,timur,6km,FM,FM,-41.13,-75.61,34.68,Outstanding,Tidak Memerlukan Penguat (Bypass)
Timur_6km_FM_95.691Mhz.jpg,timur,6km,FM,AM,-43.17,-72.69,29.8,Outstanding,Tidak Memerlukan Penguat (Bypass)
Timur_6km_FM_95.697Mhz.jpg,timur,6km,FM,FM,-30.38,-88.66,58.49,Outstanding,Tidak Memerlukan Penguat (Bypass)
Timur_6km_FM_95.6Mhz.jpg,timur,6km,FM,FM,-32.73,-70.21,37.78,Outstanding,Tidak Memerlukan Penguat (Bypass)
Timur_6km_FM_95.7Mhz.jpg,timur,6km,FM,FM,-30.34,-66.71,36.99,Outstanding,Tidak Memerlukan Penguat (Bypass)
Timur_6km_FM_95.9Mhz.jpg,timur,6km,FM,FM,-32.74,-72.31,39.96,Outstanding,Tidak Memerlukan Penguat (Bypass)
Timur_6km_FM_95Mhz.jpg,timur,6km,FM,FM,-39.62,-88.6,49.16,Outstanding,Tidak Memerlukan Penguat (Bypass)
Timur_6km_FM_96.442Mhz.jpg,timur,6km,FM,AM,-37.44,-53.32,16.14,Good,Filter Pasif / Bypass
Timur_6km_FM_96.486Mhz.jpg,timur,6km,FM,AM,-49.17,-90.9,41.93,Outstanding,Tidak Memerlukan Penguat (Bypass)
Timur_6km_FM_96.501Mhz.jpg,timur,6km,FM,AM,-39.36,-53.59,14.5,Good,Filter Pasif / Bypass
Timur_6km_FM_96.5Mhz.jpg,timur,6km,FM,FM,-31.11,-69.41,38.92,Outstanding,Tidak Memerlukan Penguat (Bypass)
Timur_6km_FM_96.6Mhz.jpg,timur,6km,FM,AM,-49.63,-81.87,32.44,Outstanding,Tidak Memerlukan Penguat (Bypass)
Timur_6km_FM_96.8Mhz.jpg,timur,6km,FM,FM,-31.26,-69.0,38.0,Outstanding,Tidak Memerlukan Penguat (Bypass)
Timur_6km_FM_96Mhz.jpg,timur,6km,FM,FM,-28.26,-68.7,41.19,Outstanding,Tidak Memerlukan Penguat (Bypass)
Timur_6km_FM_97.28Mhz.jpg,timur,6km,FM,FM,-30.96,-64.05,33.41,Outstanding,Tidak Memerlukan Penguat (Bypass)
Timur_6km_FM_97.2Mhz.jpg,timur,6km,FM,AM,-41.45,-69.63,28.49,Excellent,Filter Pasif / Bypass
Timur_6km_FM_97.318Mhz.jpg,timur,6km,FM,FM,-41.36,-81.9,41.59,Outstanding,Tidak Memerlukan Penguat (Bypass)
Timur_6km_FM_97.3Mhz.jpg,timur,6km,FM,FM,-34.59,-69.24,35.01,Outstanding,Tidak Memerlukan Penguat (Bypass)
Timur_6km_FM_97.4Mhz.jpg,timur,6km,FM,FM,-33.31,-69.01,36.06,Outstanding,Tidak Memerlukan Penguat (Bypass)
Timur_6km_FM_97.7Mhz.jpg,timur,6km,FM,AM,-47.06,-75.56,28.67,Excellent,Filter Pasif / Bypass
Timur_6km_FM_97Mhz.jpg,timur,6km,FM,AM,-65.27,-88.87,23.77,Excellent,Low Noise Amplifier (LNA) HF/VHF
Timur_6km_FM_98.091Mhz.jpg,timur,6km,FM,FM,-24.96,-65.97,41.39,Outstanding,Tidak Memerlukan Penguat (Bypass)
Timur_6km_FM_98.093Mhz.jpg,timur,6km,FM,FM,-40.71,-74.08,34.85,Outstanding,Tidak Memerlukan Penguat (Bypass)
Timur_6km_FM_98.098Mhz.jpg,timur,6km,FM,FM,-32.71,-70.75,38.83,Outstanding,Tidak Memerlukan Penguat (Bypass)
Timur_6km_FM_98.099Mhz.jpg,timur,6km,FM,AM,-38.07,-51.38,13.59,Good,Filter Pasif / Bypass
Timur_6km_FM_98.106Mhz.jpg,timur,6km,FM,AM,-44.28,-73.19,30.06,Outstanding,Tidak Memerlukan Penguat (Bypass)
Timur_6km_FM_98.108Mhz.jpg,timur,6km,FM,FM,-39.58,-73.04,34.61,Outstanding,Tidak Memerlukan Penguat (Bypass)
Timur_6km_FM_98.115Mhz.jpg,timur,6km,FM,FM,-38.84,-75.47,37.39,Outstanding,Tidak Memerlukan Penguat (Bypass)
Timur_6km_FM_98.131Mhz.jpg,timur,6km,FM,AM,-38.48,-51.42,13.2,Good,Filter Pasif / Bypass
Timur_6km_FM_98.2Mhz.jpg,timur,6km,FM,FM,-20.0,-65.39,45.74,Outstanding,Tidak Memerlukan Penguat (Bypass)
Timur_6km_FM_98.769Mhz.jpg,timur,6km,FM,FM,-39.31,-78.97,40.14,Outstanding,Tidak Memerlukan Penguat (Bypass)
Timur_6km_FM_98.8Mhz.jpg,timur,6km,FM,Tidak Terdeteksi,,-82.58,0.0,Not detected,Tidak Terdeteksi (N/A)
Timur_6km_FM_98.912Mhz.jpg,timur,6km,FM,FM,-31.05,-68.33,37.92,Outstanding,Tidak Memerlukan Penguat (Bypass)
Timur_6km_FM_98.929Mhz.jpg,timur,6km,FM,FM,-29.29,-66.4,37.8,Outstanding,Tidak Memerlukan Penguat (Bypass)
Timur_6km_FM_98.92Mhz.jpg,timur,6km,FM,FM,-30.57,-67.46,37.45,Outstanding,Tidak Memerlukan Penguat (Bypass)
Timur_6km_FM_98.947Mhz.jpg,timur,6km,FM,FM,-31.74,-67.68,36.46,Outstanding,Tidak Memerlukan Penguat (Bypass)
Timur_6km_FM_98.9Mhz.jpg,timur,6km,FM,FM,-25.47,-66.01,40.88,Outstanding,Tidak Memerlukan Penguat (Bypass)
Timur_6km_FM_98Mhz.jpg,timur,6km,FM,AM,-36.28,-51.85,15.79,Good,Filter Pasif / Bypass
Timur_6km_FM_99.152Mhz.jpg,timur,6km,FM,FM,-32.13,-67.93,36.37,Outstanding,Tidak Memerlukan Penguat (Bypass)
Timur_6km_FM_99.1Mhz.jpg,timur,6km,FM,FM,-28.39,-64.23,36.13,Outstanding,Tidak Memerlukan Penguat (Bypass)
Timur_6km_FM_99.2Mhz.jpg,timur,6km,FM,FM,-29.98,-68.64,39.07,Outstanding,Tidak Memerlukan Penguat (Bypass)
Timur_6km_FM_99.302Mhz.jpg,timur,6km,FM,AM,-42.38,-73.81,32.3,Outstanding,Tidak Memerlukan Penguat (Bypass)
Timur_6km_FM_99.313Mhz.jpg,timur,6km,FM,AM,-39.38,-64.25,26.07,Excellent,Filter Pasif / Bypass
Timur_6km_FM_99.3Mhz.jpg,timur,6km,FM,FM,-20.28,-71.77,51.72,Outstanding,Tidak Memerlukan Penguat (Bypass)
Timur_6km_FM_99.6Mhz.jpg,timur,6km,FM,FM,-26.65,-63.98,37.93,Outstanding,Tidak Memerlukan Penguat (Bypass)
Timur_6km_FM_99.8Mhz.jpg,timur,6km,FM,AM,-40.0,-69.63,30.02,Outstanding,Tidak Memerlukan Penguat (Bypass)
Timur_6km_FM_99Mhz.jpg,timur,6km,FM,FM,-12.95,-88.42,75.78,Outstanding,Tidak Memerlukan Penguat (Bypass)
Timur_8km_AIRBAND_109.5847Mhz.jpg,timur,8km,AM,AM,-46.23,-61.11,15.17,Good,Filter Pasif / Bypass
Timur_8km_AIRBAND_109.5992Mhz.jpg,timur,8km,AM,AM,-44.82,-60.02,15.5,Good,Filter Pasif / Bypass
Timur_8km_AIRBAND_109Mhz.jpg,timur,8km,AM,FM,-23.92,-66.74,42.98,Outstanding,Tidak Memerlukan Penguat (Bypass)
Timur_8km_AIRBAND_110.6026Mhz.jpg,timur,8km,AM,AM,-46.92,-59.26,12.58,Good,Filter Pasif / Bypass
Timur_8km_AIRBAND_110Mhz.jpg,timur,8km,AM,Tidak Terdeteksi,,-56.07,0.0,Not detected,Tidak Terdeteksi (N/A)
Timur_8km_AIRBAND_111.1882Mhz.jpg,timur,8km,AM,AM,-40.48,-59.45,19.21,Good,Filter Pasif / Bypass
Timur_8km_AIRBAND_111.252Mhz.jpg,timur,8km,AM,AM,-37.75,-59.06,21.55,Excellent,Filter Pasif / Bypass
Timur_8km_AIRBAND_111.402Mhz.jpg,timur,8km,AM,Error,,-50.0,0.0,Error,Error
Timur_8km_AIRBAND_111.4974Mhz.jpg,timur,8km,AM,AM,-39.75,-59.45,19.91,Good,Filter Pasif / Bypass
Timur_8km_AIRBAND_111.497Mhz.jpg,timur,8km,AM,FM,-23.47,-66.04,42.76,Outstanding,Tidak Memerlukan Penguat (Bypass)
Timur_8km_AIRBAND_111.6201Mhz.jpg,timur,8km,AM,AM,-37.62,-57.33,19.93,Good,Filter Pasif / Bypass
Timur_8km_AIRBAND_111.6437Mhz.jpg,timur,8km,AM,AM,-39.94,-60.41,20.6,Excellent,Filter Pasif / Bypass
Timur_8km_AIRBAND_111.6466Mhz.jpg,timur,8km,AM,AM,-43.52,-60.14,16.81,Good,Filter Pasif / Bypass
Timur_8km_AIRBAND_111.6611Mhz.jpg,timur,8km,AM,AM,-37.55,-56.96,19.7,Good,Filter Pasif / Bypass
Timur_8km_AIRBAND_111.7525Mhz.jpg,timur,8km,AM,FM,-36.24,-59.15,23.21,Excellent,Penguat High-Linearity / Attenuator Pasif
Timur_8km_AIRBAND_111.7994Mhz.jpg,timur,8km,AM,AM,-36.45,-58.82,22.59,Excellent,Filter Pasif / Bypass
Timur_8km_AIRBAND_111.862Mhz.jpg,timur,8km,AM,AM,-33.59,-56.68,23.41,Excellent,Filter Pasif / Bypass
Timur_8km_AIRBAND_111.9234Mhz.jpg,timur,8km,AM,AM,-40.89,-59.88,19.22,Good,Filter Pasif / Bypass
Timur_8km_AIRBAND_111Mhz.jpg,timur,8km,AM,Tidak Terdeteksi,,-64.01,0.0,Not detected,Tidak Terdeteksi (N/A)
Timur_8km_AIRBAND_112.0002Mhz.jpg,timur,8km,AM,Tidak Terdeteksi,,-68.4,0.0,Not detected,Tidak Terdeteksi (N/A)
Timur_8km_AIRBAND_112.0023Mhz.jpg,timur,8km,AM,Tidak Terdeteksi,,-78.59,0.0,Not detected,Tidak Terdeteksi (N/A)
Timur_8km_AIRBAND_112.0485Mhz.jpg,timur,8km,AM,AM,-40.24,-59.21,19.23,Good,Filter Pasif / Bypass
Timur_8km_AIRBAND_112.1086Mhz.jpg,timur,8km,AM,AM,-38.26,-59.79,21.8,Excellent,Filter Pasif / Bypass
Timur_8km_AIRBAND_112.9967Mhz.jpg,timur,8km,AM,FM,-25.67,-66.86,41.4,Outstanding,Tidak Memerlukan Penguat (Bypass)
Timur_8km_AIRBAND_112Mhz.jpg,timur,8km,AM,Tidak Terdeteksi,,-71.8,0.0,Not detected,Tidak Terdeteksi (N/A)
Timur_8km_AIRBAND_113.5527Mhz.jpg,timur,8km,AM,FM,-36.76,-74.18,37.55,Outstanding,Tidak Memerlukan Penguat (Bypass)
Timur_8km_AIRBAND_113.6896Mhz.jpg,timur,8km,AM,AM,-41.94,-58.15,16.55,Good,Filter Pasif / Bypass
Timur_8km_AIRBAND_113.6932Mhz.jpg,timur,8km,AM,AM,-48.31,-61.12,13.45,Good,Filter Pasif / Bypass
Timur_8km_AIRBAND_113Mhz.jpg,timur,8km,AM,Tidak Terdeteksi,,-58.48,0.0,Not detected,Tidak Terdeteksi (N/A)
Timur_8km_AIRBAND_114.2039Mhz.jpg,timur,8km,AM,Tidak Terdeteksi,,-71.63,0.0,Not detected,Tidak Terdeteksi (N/A)
Timur_8km_AIRBAND_114Mhz.jpg,timur,8km,AM,AM,-28.27,-69.33,41.33,Outstanding,Tidak Memerlukan Penguat (Bypass)
Timur_8km_AIRBAND_115.7339Mhz.jpg,timur,8km,AM,AM,-19.57,-62.23,42.91,Outstanding,Tidak Memerlukan Penguat (Bypass)
Timur_8km_AIRBAND_115.7401Mhz.jpg,timur,8km,AM,AM,-41.04,-59.71,18.9,Good,Filter Pasif / Bypass
Timur_8km_AIRBAND_115.7425Mhz.jpg,timur,8km,AM,AM,-23.2,-62.62,39.61,Outstanding,Tidak Memerlukan Penguat (Bypass)
Timur_8km_AIRBAND_115Mhz.jpg,timur,8km,AM,FM,-27.35,-61.23,34.11,Outstanding,Tidak Memerlukan Penguat (Bypass)
Timur_8km_AIRBAND_116Mhz.jpg,timur,8km,AM,AM,-41.91,-61.09,19.45,Good,Filter Pasif / Bypass
Timur_8km_AIRBAND_117.7882Mhz.jpg,timur,8km,AM,FM,-40.52,-61.28,21.0,Excellent,Penguat High-Linearity / Attenuator Pasif
Timur_8km_AIRBAND_117.7883Mhz.jpg,timur,8km,AM,AM,-48.13,-64.69,16.77,Good,Filter Pasif / Bypass
Timur_8km_AIRBAND_117.7888Mhz.jpg,timur,8km,AM,AM,-21.24,-66.82,45.76,Outstanding,Tidak Memerlukan Penguat (Bypass)
Timur_8km_AIRBAND_117Mhz.jpg,timur,8km,AM,AM,-46.23,-67.75,21.79,Excellent,Filter Pasif / Bypass
Timur_8km_AIRBAND_118.1Mhz.jpg,timur,8km,AM,Tidak Terdeteksi,,-68.97,0.0,Not detected,Tidak Terdeteksi (N/A)
Timur_8km_AIRBAND_118.4162Mhz.jpg,timur,8km,AM,AM,-55.72,-68.12,12.62,Good,Filter Pasif / Bypass
Timur_8km_AIRBAND_118.7532Mhz.jpg,timur,8km,AM,AM,-50.07,-65.36,15.47,Good,Filter Pasif / Bypass
Timur_8km_AIRBAND_118.7Mhz.jpg,timur,8km,AM,Tidak Terdeteksi,,-68.03,0.0,Not detected,Tidak Terdeteksi (N/A)
Timur_8km_AIRBAND_118.9957Mhz.jpg,timur,8km,AM,FM,-24.92,-68.23,43.49,Outstanding,Tidak Memerlukan Penguat (Bypass)
Timur_8km_AIRBAND_118.9967Mhz.jpg,timur,8km,AM,FM,-12.97,-63.89,51.11,Outstanding,Tidak Memerlukan Penguat (Bypass)
Timur_8km_AIRBAND_118Mhz.jpg,timur,8km,AM,FM,-23.95,-62.01,38.31,Outstanding,Tidak Memerlukan Penguat (Bypass)
Timur_8km_AIRBAND_119.0011Mhz.jpg,timur,8km,AM,AM,-37.11,-66.34,29.52,Outstanding,Tidak Memerlukan Penguat (Bypass)
Timur_8km_AIRBAND_119.013Mhz.jpg,timur,8km,AM,AM,-56.99,-69.52,12.68,Good,Filter Pasif / Bypass
Timur_8km_AIRBAND_119.7831Mhz.jpg,timur,8km,AM,AM,-34.7,-65.93,31.45,Outstanding,Tidak Memerlukan Penguat (Bypass)
Timur_8km_AIRBAND_119.8413Mhz.jpg,timur,8km,AM,FM,-41.93,-73.69,32.08,Outstanding,Tidak Memerlukan Penguat (Bypass)
Timur_8km_AIRBAND_119Mhz.jpg,timur,8km,AM,AM,-47.04,-62.76,16.36,Good,Filter Pasif / Bypass
Timur_8km_AIRBAND_120.7166Mhz.jpg,timur,8km,AM,FM,-64.73,-79.28,14.67,Good,Low Noise Amplifier (LNA) Khusus VHF/FM
Timur_8km_AIRBAND_120Mhz.jpg,timur,8km,AM,FM,-24.14,-61.84,37.93,Outstanding,Tidak Memerlukan Penguat (Bypass)
Timur_8km_AIRBAND_121.7295Mhz.jpg,timur,8km,AM,FM,-47.45,-96.86,49.68,Outstanding,Tidak Memerlukan Penguat (Bypass)
Timur_8km_AIRBAND_121.7297Mhz.jpg,timur,8km,AM,AM,-46.99,-62.93,16.3,Good,Filter Pasif / Bypass
Timur_8km_AIRBAND_121Mhz.jpg,timur,8km,AM,Tidak Terdeteksi,,-63.28,0.0,Not detected,Tidak Terdeteksi (N/A)
Timur_8km_AIRBAND_123.0036Mhz.jpg,timur,8km,AM,Tidak Terdeteksi,,-69.85,0.0,Not detected,Tidak Terdeteksi (N/A)
Timur_8km_AIRBAND_123.3429Mhz.jpg,timur,8km,AM,AM,-31.98,-70.24,38.42,Outstanding,Tidak Memerlukan Penguat (Bypass)
Timur_8km_AIRBAND_123.3501Mhz.jpg,timur,8km,AM,Tidak Terdeteksi,,-70.78,0.0,Not detected,Tidak Terdeteksi (N/A)
Timur_8km_AIRBAND_123.9233Mhz.jpg,timur,8km,AM,AM,-28.33,-70.81,42.7,Outstanding,Tidak Memerlukan Penguat (Bypass)
Timur_8km_AIRBAND_123.9988Mhz.jpg,timur,8km,AM,FM,-24.15,-71.19,47.24,Outstanding,Tidak Memerlukan Penguat (Bypass)
Timur_8km_AIRBAND_123Mhz.jpg,timur,8km,AM,FM,-24.11,-71.44,47.69,Outstanding,Tidak Memerlukan Penguat (Bypass)
Timur_8km_AIRBAND_124.5583Mhz.jpg,timur,8km,AM,FM,-28.09,-71.87,43.94,Outstanding,Tidak Memerlukan Penguat (Bypass)
Timur_8km_AIRBAND_124Mhz.jpg,timur,8km,AM,Tidak Terdeteksi,,-58.33,0.0,Not detected,Tidak Terdeteksi (N/A)
Timur_8km_AIRBAND_125.757Mhz.jpg,timur,8km,AM,Tidak Terdeteksi,,-68.68,0.0,Not detected,Tidak Terdeteksi (N/A)
Timur_8km_AIRBAND_125Mhz.jpg,timur,8km,AM,Tidak Terdeteksi,,-66.31,0.0,Not detected,Tidak Terdeteksi (N/A)
Timur_8km_AIRBAND_126.1963Mhz.jpg,timur,8km,AM,AM,-28.68,-68.04,39.55,Outstanding,Tidak Memerlukan Penguat (Bypass)
Timur_8km_AIRBAND_126.2033Mhz.jpg,timur,8km,AM,AM,-28.3,-68.42,40.3,Outstanding,Tidak Memerlukan Penguat (Bypass)
Timur_8km_AIRBAND_126Mhz.jpg,timur,8km,AM,Tidak Terdeteksi,,-69.13,0.0,Not detected,Tidak Terdeteksi (N/A)
Timur_8km_AIRBAND_127.7295Mhz.jpg,timur,8km,AM,FM,-28.35,-92.92,65.52,Outstanding,Tidak Memerlukan Penguat (Bypass)
Timur_8km_AIRBAND_127.8711Mhz.jpg,timur,8km,AM,FM,-39.45,-61.54,22.32,Excellent,Penguat High-Linearity / Attenuator Pasif
Timur_8km_AIRBAND_127.9109Mhz.jpg,timur,8km,AM,FM,-55.0,-67.98,13.21,Good,Penguat High-Linearity / Attenuator Pasif
Timur_8km_AIRBAND_127Mhz.jpg,timur,8km,AM,Tidak Terdeteksi,,-68.59,0.0,Not detected,Tidak Terdeteksi (N/A)
Timur_8km_AIRBAND_128.0294Mhz.jpg,timur,8km,AM,AM,-47.34,-63.95,16.81,Good,Filter Pasif / Bypass
Timur_8km_AIRBAND_128.9967Mhz.jpg,timur,8km,AM,FM,-26.26,-67.47,41.34,Outstanding,Tidak Memerlukan Penguat (Bypass)
Timur_8km_AIRBAND_128Mhz.jpg,timur,8km,AM,Tidak Terdeteksi,,-66.12,0.0,Not detected,Tidak Terdeteksi (N/A)
Timur_8km_AIRBAND_129Mhz.jpg,timur,8km,AM,FM,-24.11,-62.24,38.25,Outstanding,Tidak Memerlukan Penguat (Bypass)
Timur_8km_AIRBAND_130Mhz.jpg,timur,8km,AM,FM,-45.13,-74.95,30.0,Outstanding,Tidak Memerlukan Penguat (Bypass)
Timur_8km_AIRBAND_131.3092Mhz.jpg,timur,8km,AM,AM,-49.42,-65.26,16.0,Good,Filter Pasif / Bypass
Timur_8km_AIRBAND_131.7039Mhz.jpg,timur,8km,AM,AM,-49.96,-66.36,16.54,Good,Filter Pasif / Bypass
Timur_8km_AIRBAND_131.8483Mhz.jpg,timur,8km,AM,AM,-51.62,-66.77,15.31,Good,Filter Pasif / Bypass
Timur_8km_AIRBAND_131.8809Mhz.jpg,timur,8km,AM,AM,-23.86,-75.89,52.21,Outstanding,Tidak Memerlukan Penguat (Bypass)
Timur_8km_AIRBAND_131.9756Mhz.jpg,timur,8km,AM,FM,-36.11,-75.54,39.68,Outstanding,Tidak Memerlukan Penguat (Bypass)
Timur_8km_AIRBAND_131Mhz.jpg,timur,8km,AM,Tidak Terdeteksi,,-64.24,0.0,Not detected,Tidak Terdeteksi (N/A)
Timur_8km_AIRBAND_132.1143Mhz.jpg,timur,8km,AM,AM,-25.81,-75.07,49.48,Outstanding,Tidak Memerlukan Penguat (Bypass)
Timur_8km_AIRBAND_132.124Mhz.jpg,timur,8km,AM,FM,-53.22,-66.05,13.03,Good,Penguat High-Linearity / Attenuator Pasif
Timur_8km_AIRBAND_132Mhz.jpg,timur,8km,AM,Tidak Terdeteksi,,-63.91,0.0,Not detected,Tidak Terdeteksi (N/A)
Timur_8km_AIRBAND_133Mhz.jpg,timur,8km,AM,Tidak Terdeteksi,,-60.56,0.0,Not detected,Tidak Terdeteksi (N/A)
Timur_8km_AIRBAND_134.3914Mhz.jpg,timur,8km,AM,Tidak Terdeteksi,,-65.69,0.0,Not detected,Tidak Terdeteksi (N/A)
Timur_8km_AIRBAND_134Mhz.jpg,timur,8km,AM,FM,-23.26,-58.81,35.76,Outstanding,Tidak Memerlukan Penguat (Bypass)
Timur_8km_AIRBAND_135Mhz.jpg,timur,8km,AM,FM,-41.93,-74.36,32.58,Outstanding,Tidak Memerlukan Penguat (Bypass)
Timur_8km_AIRBAND_136.2383Mhz.jpg,timur,8km,AM,Tidak Terdeteksi,,-63.66,0.0,Not detected,Tidak Terdeteksi (N/A)
Timur_8km_AIRBAND_136.2797Mhz.jpg,timur,8km,AM,AM,-49.1,-62.52,13.72,Good,Filter Pasif / Bypass
Timur_8km_AIRBAND_136.3655Mhz.jpg,timur,8km,AM,AM,-48.52,-63.29,14.99,Good,Filter Pasif / Bypass
Timur_8km_AIRBAND_136.7918Mhz.jpg,timur,8km,AM,Tidak Terdeteksi,,-67.98,0.0,Not detected,Tidak Terdeteksi (N/A)
Timur_8km_AIRBAND_136.9948Mhz.jpg,timur,8km,AM,AM,-50.98,-67.93,17.14,Good,Filter Pasif / Bypass
Timur_8km_AIRBAND_136Mhz.jpg,timur,8km,AM,Tidak Terdeteksi,,-62.17,0.0,Not detected,Tidak Terdeteksi (N/A)
Timur_8km_AIRBAND_137Mhz.jpg,timur,8km,AM,FM,-45.13,-75.62,30.76,Outstanding,Tidak Memerlukan Penguat (Bypass)
Timur_8km_ETC_137.0049Mhz.jpg,timur,8km,ETC,Tidak Terdeteksi,,-66.06,0.0,Not detected,Tidak Terdeteksi (N/A)
Timur_8km_ETC_137.0061Mhz.jpg,timur,8km,ETC,AM,-42.97,-60.95,18.18,Good,Filter Pasif / Bypass
Timur_8km_ETC_137.0099Mhz.jpg,timur,8km,ETC,Tidak Terdeteksi,,-74.72,0.0,Not detected,Tidak Terdeteksi (N/A)
Timur_8km_ETC_137.009Mhz.jpg,timur,8km,ETC,FM,-45.13,-75.83,30.93,Outstanding,Tidak Memerlukan Penguat (Bypass)
Timur_8km_ETC_137.0121Mhz.jpg,timur,8km,ETC,AM,-43.46,-60.48,17.43,Good,Filter Pasif / Bypass
Timur_8km_ETC_137.0128Mhz.jpg,timur,8km,ETC,FM,-53.96,-66.97,13.23,Good,Penguat High-Linearity / Attenuator Pasif
Timur_8km_ETC_137.1087Mhz.jpg,timur,8km,ETC,Tidak Terdeteksi,,-66.76,0.0,Not detected,Tidak Terdeteksi (N/A)
Timur_8km_ETC_137.1245Mhz.jpg,timur,8km,ETC,Tidak Terdeteksi,,-61.29,0.0,Not detected,Tidak Terdeteksi (N/A)
Timur_8km_ETC_137.815Mhz.jpg,timur,8km,ETC,Tidak Terdeteksi,,-75.55,0.0,Not detected,Tidak Terdeteksi (N/A)
Timur_8km_ETC_138.992Mhz.jpg,timur,8km,ETC,FM,-41.93,-74.45,32.82,Outstanding,Tidak Memerlukan Penguat (Bypass)
Timur_8km_ETC_140.4813Mhz.jpg,timur,8km,ETC,Tidak Terdeteksi,,-68.06,0.0,Not detected,Tidak Terdeteksi (N/A)
Timur_8km_ETC_140Mhz.jpg,timur,8km,ETC,Tidak Terdeteksi,,-67.19,0.0,Not detected,Tidak Terdeteksi (N/A)
Timur_8km_ETC_148.9967Mhz.jpg,timur,8km,ETC,FM,-26.39,-68.06,41.84,Outstanding,Tidak Memerlukan Penguat (Bypass)
Timur_8km_ETC_54.0571Mhz.jpg,timur,8km,ETC,FM,-23.43,-69.3,46.14,Outstanding,Tidak Memerlukan Penguat (Bypass)
Timur_8km_ETC_62.412Mhz.jpg,timur,8km,ETC,Error,,-50.0,0.0,Error,Error
Timur_8km_ETC_82Mhz.jpg,timur,8km,ETC,Tidak Terdeteksi,,-68.01,0.0,Not detected,Tidak Terdeteksi (N/A)
Timur_8km_ETC_83Mhz.jpg,timur,8km,ETC,AM,-41.26,-64.02,23.3,Excellent,Filter Pasif / Bypass
Timur_8km_ETC_84Mhz.jpg,timur,8km,ETC,Tidak Terdeteksi,,-58.09,0.0,Not detected,Tidak Terdeteksi (N/A)
Timur_8km_ETC_85.5502Mhz.jpg,timur,8km,ETC,AM,-61.53,-75.25,13.95,Good,Low Noise Amplifier (LNA) HF/VHF
Timur_8km_ETC_85.5712Mhz.jpg,timur,8km,ETC,FM,-67.78,-90.54,22.89,Excellent,Low Noise Amplifier (LNA) Khusus VHF/FM
Timur_8km_ETC_85.579Mhz.jpg,timur,8km,ETC,Tidak Terdeteksi,,-79.27,0.0,Not detected,Tidak Terdeteksi (N/A)
Timur_8km_ETC_85.9712Mhz.jpg,timur,8km,ETC,AM,-74.89,-88.79,14.12,Good,Low Noise Amplifier (LNA) HF/VHF
Timur_8km_ETC_86.5Mhz.jpg,timur,8km,ETC,FM,-41.59,-81.33,39.91,Outstanding,Tidak Memerlukan Penguat (Bypass)
Timur_8km_ETC_86.9Mhz.jpg,timur,8km,ETC,FM,-40.0,-78.23,38.4,Outstanding,Tidak Memerlukan Penguat (Bypass)
Timur_8km_ETC_86Mhz.jpg,timur,8km,ETC,FM,-25.03,-54.01,29.15,Outstanding,Tidak Memerlukan Penguat (Bypass)
Timur_8km_ETC_unknown.jpg,timur,8km,ETC,Error,,-50.0,0.0,Error,Error
Timur_8km_FM_100.001Mhz.jpg,timur,8km,FM,FM,-25.03,-57.8,33.04,Outstanding,Tidak Memerlukan Penguat (Bypass)
Timur_8km_FM_100.002Mhz.jpg,timur,8km,FM,AM,-43.74,-68.91,25.43,Excellent,Filter Pasif / Bypass
Timur_8km_FM_100.3Mhz.jpg,timur,8km,FM,FM,-31.96,-65.8,34.11,Outstanding,Tidak Memerlukan Penguat (Bypass)
Timur_8km_FM_100Mhz.jpg,timur,8km,FM,FM,-32.92,-89.24,56.39,Outstanding,Tidak Memerlukan Penguat (Bypass)
Timur_8km_FM_101.588Mhz.jpg,timur,8km,FM,FM,-25.04,-66.04,41.56,Outstanding,Tidak Memerlukan Penguat (Bypass)
Timur_8km_FM_101.601Mhz.jpg,timur,8km,FM,FM,-22.78,-63.1,40.71,Outstanding,Tidak Memerlukan Penguat (Bypass)
Timur_8km_FM_101.606Mhz.jpg,timur,8km,FM,FM,-25.04,-66.72,42.36,Outstanding,Tidak Memerlukan Penguat (Bypass)
Timur_8km_FM_101.609Mhz.jpg,timur,8km,FM,FM,-27.13,-69.86,43.63,Outstanding,Tidak Memerlukan Penguat (Bypass)
Timur_8km_FM_101.615Mhz.jpg,timur,8km,FM,AM,-50.36,-69.99,20.05,Excellent,Filter Pasif / Bypass
Timur_8km_FM_101.633Mhz.jpg,timur,8km,FM,FM,-30.9,-67.05,36.33,Outstanding,Tidak Memerlukan Penguat (Bypass)
Timur_8km_FM_101Mhz.jpg,timur,8km,FM,Tidak Terdeteksi,,-38.0,0.0,Not detected,Tidak Terdeteksi (N/A)
Timur_8km_FM_102.009Mhz.jpg,timur,8km,FM,FM,-30.8,-65.89,35.37,Outstanding,Tidak Memerlukan Penguat (Bypass)
Timur_8km_FM_102.371Mhz.jpg,timur,8km,FM,FM,-34.43,-67.43,33.42,Outstanding,Tidak Memerlukan Penguat (Bypass)
Timur_8km_FM_102.394Mhz.jpg,timur,8km,FM,AM,-48.05,-64.62,16.82,Good,Filter Pasif / Bypass
Timur_8km_FM_102.39Mhz.jpg,timur,8km,FM,FM,-45.13,-76.28,31.42,Outstanding,Tidak Memerlukan Penguat (Bypass)
Timur_8km_FM_102.421Mhz.jpg,timur,8km,FM,FM,-23.65,-70.43,46.97,Outstanding,Tidak Memerlukan Penguat (Bypass)
Timur_8km_FM_102Mhz.jpg,timur,8km,FM,AM,-48.89,-75.16,26.46,Excellent,Filter Pasif / Bypass
Timur_8km_FM_103.443Mhz.jpg,timur,8km,FM,FM,-7.06,-59.52,52.85,Outstanding,Tidak Memerlukan Penguat (Bypass)
Timur_8km_FM_103.453Mhz.jpg,timur,8km,FM,FM,-27.79,-63.7,36.32,Outstanding,Tidak Memerlukan Penguat (Bypass)
Timur_8km_FM_103.961Mhz.jpg,timur,8km,FM,FM,-30.48,-70.09,39.96,Outstanding,Tidak Memerlukan Penguat (Bypass)
Timur_8km_FM_103.986Mhz.jpg,timur,8km,FM,FM,-17.65,-61.94,44.7,Outstanding,Tidak Memerlukan Penguat (Bypass)
Timur_8km_FM_103Mhz.jpg,timur,8km,FM,AM,-44.87,-75.65,31.15,Outstanding,Tidak Memerlukan Penguat (Bypass)
Timur_8km_FM_104.29Mhz.jpg,timur,8km,FM,AM,-43.69,-67.08,24.59,Excellent,Filter Pasif / Bypass
Timur_8km_FM_104.753Mhz.jpg,timur,8km,FM,AM,-50.01,-72.89,23.2,Excellent,Filter Pasif / Bypass
Timur_8km_FM_104.795Mhz.jpg,timur,8km,FM,AM,-30.0,-94.21,64.76,Outstanding,Tidak Memerlukan Penguat (Bypass)
Timur_8km_FM_104.796Mhz.jpg,timur,8km,FM,FM,-27.68,-67.53,40.04,Outstanding,Tidak Memerlukan Penguat (Bypass)
Timur_8km_FM_104.798Mhz.jpg,timur,8km,FM,AM,-44.1,-73.91,30.1,Outstanding,Tidak Memerlukan Penguat (Bypass)
Timur_8km_FM_104.802Mhz.jpg,timur,8km,FM,AM,-19.76,-72.74,53.39,Outstanding,Tidak Memerlukan Penguat (Bypass)
Timur_8km_FM_104.804Mhz.jpg,timur,8km,FM,FM,-40.31,-74.83,34.86,Outstanding,Tidak Memerlukan Penguat (Bypass)
Timur_8km_FM_104.827Mhz.jpg,timur,8km,FM,FM,-53.41,-89.96,36.76,Outstanding,Tidak Memerlukan Penguat (Bypass)
Timur_8km_FM_104.84Mhz.jpg,timur,8km,FM,FM,-28.96,-69.72,41.2,Outstanding,Tidak Memerlukan Penguat (Bypass)
Timur_8km_FM_104.9Mhz.jpg,timur,8km,FM,FM,-40.0,-75.26,35.76,Outstanding,Tidak Memerlukan Penguat (Bypass)
Timur_8km_FM_104Mhz.jpg,timur,8km,FM,AM,-46.13,-66.59,21.58,Excellent,Filter Pasif / Bypass
Timur_8km_FM_105.203Mhz.jpg,timur,8km,FM,FM,-29.18,-62.13,33.33,Outstanding,Tidak Memerlukan Penguat (Bypass)
Timur_8km_FM_105.216Mhz.jpg,timur,8km,FM,AM,-40.0,-66.34,26.89,Excellent,Filter Pasif / Bypass
Timur_8km_FM_105.688Mhz.jpg,timur,8km,FM,FM,-30.48,-62.44,32.14,Outstanding,Tidak Memerlukan Penguat (Bypass)
Timur_8km_FM_105.691Mhz.jpg,timur,8km,FM,FM,-31.94,-69.66,38.06,Outstanding,Tidak Memerlukan Penguat (Bypass)
Timur_8km_FM_105.695Mhz.jpg,timur,8km,FM,FM,-31.35,-68.96,37.95,Outstanding,Tidak Memerlukan Penguat (Bypass)
Timur_8km_FM_105.699Mhz.jpg,timur,8km,FM,FM,-40.87,-79.8,39.16,Outstanding,Tidak Memerlukan Penguat (Bypass)
Timur_8km_FM_105.703Mhz.jpg,timur,8km,FM,FM,-28.32,-66.03,37.9,Outstanding,Tidak Memerlukan Penguat (Bypass)
Timur_8km_FM_105.721Mhz.jpg,timur,8km,FM,FM,-28.27,-62.53,34.63,Outstanding,Tidak Memerlukan Penguat (Bypass)
Timur_8km_FM_105Mhz.jpg,timur,8km,FM,FM,-40.71,-72.15,31.76,Outstanding,Tidak Memerlukan Penguat (Bypass)
Timur_8km_FM_106.489Mhz.jpg,timur,8km,FM,FM,-28.28,-66.1,38.03,Outstanding,Tidak Memerlukan Penguat (Bypass)
Timur_8km_FM_106.4978Mhz.jpg,timur,8km,FM,FM,-25.04,-70.06,45.35,Outstanding,Tidak Memerlukan Penguat (Bypass)
Timur_8km_FM_106.9984Mhz.jpg,timur,8km,FM,FM,-25.04,-69.73,44.95,Outstanding,Tidak Memerlukan Penguat (Bypass)
Timur_8km_FM_106Mhz.jpg,timur,8km,FM,FM,-36.37,-69.74,33.51,Outstanding,Tidak Memerlukan Penguat (Bypass)
Timur_8km_FM_107.2734Mhz.jpg,timur,8km,FM,FM,-28.27,-59.83,31.73,Outstanding,Tidak Memerlukan Penguat (Bypass)
Timur_8km_FM_107Mhz.jpg,timur,8km,FM,AM,-45.94,-64.51,18.95,Good,Filter Pasif / Bypass
Timur_8km_FM_108Mhz.jpg,timur,8km,FM,FM,-20.75,-66.05,45.74,Outstanding,Tidak Memerlukan Penguat (Bypass)
Timur_8km_FM_87.355Mhz.jpg,timur,8km,FM,FM,-23.85,-74.47,50.79,Outstanding,Tidak Memerlukan Penguat (Bypass)
Timur_8km_FM_87.383Mhz.jpg,timur,8km,FM,FM,-41.89,-79.23,37.58,Outstanding,Tidak Memerlukan Penguat (Bypass)
Timur_8km_FM_87.385Mhz.jpg,timur,8km,FM,FM,-19.73,-70.61,51.2,Outstanding,Tidak Memerlukan Penguat (Bypass)
Timur_8km_FM_87.396Mhz.jpg,timur,8km,FM,FM,-23.53,-72.77,49.67,Outstanding,Tidak Memerlukan Penguat (Bypass)
Timur_8km_FM_87.403Mhz.jpg,timur,8km,FM,AM,-47.2,-79.47,32.45,Outstanding,Tidak Memerlukan Penguat (Bypass)
Timur_8km_FM_87.404Mhz.jpg,timur,8km,FM,AM,-46.96,-78.64,31.81,Outstanding,Tidak Memerlukan Penguat (Bypass)
Timur_8km_FM_87.405Mhz.jpg,timur,8km,FM,FM,-40.33,-71.17,31.02,Outstanding,Tidak Memerlukan Penguat (Bypass)
Timur_8km_FM_87.408Mhz.jpg,timur,8km,FM,FM,-36.15,-68.08,32.34,Outstanding,Tidak Memerlukan Penguat (Bypass)
Timur_8km_FM_87.429Mhz.jpg,timur,8km,FM,FM,-22.43,-62.42,40.22,Outstanding,Tidak Memerlukan Penguat (Bypass)
Timur_8km_FM_87.6Mhz.jpg,timur,8km,FM,FM,-46.97,-78.79,32.01,Outstanding,Tidak Memerlukan Penguat (Bypass)
Timur_8km_FM_87Mhz.jpg,timur,8km,FM,FM,-21.79,-57.71,36.2,Outstanding,Tidak Memerlukan Penguat (Bypass)
Timur_8km_FM_88.005Mhz.jpg,timur,8km,FM,FM,-13.59,-59.78,46.52,Outstanding,Tidak Memerlukan Penguat (Bypass)
Timur_8km_FM_88.099Mhz.jpg,timur,8km,FM,FM,-25.04,-57.47,32.66,Outstanding,Tidak Memerlukan Penguat (Bypass)
Timur_8km_FM_88.103Mhz.jpg,timur,8km,FM,FM,-55.57,-76.47,21.12,Excellent,Penguat High-Linearity / Attenuator Pasif
Timur_8km_FM_88.1083Mhz.jpg,timur,8km,FM,AM,-49.71,-69.47,19.98,Good,Filter Pasif / Bypass
Timur_8km_FM_88.23Mhz.jpg,timur,8km,FM,FM,-48.24,-79.05,30.95,Outstanding,Tidak Memerlukan Penguat (Bypass)
Timur_8km_FM_88.2Mhz.jpg,timur,8km,FM,AM,-62.72,-79.98,17.47,Good,Low Noise Amplifier (LNA) HF/VHF
Timur_8km_FM_88.4Mhz.jpg,timur,8km,FM,AM,-42.9,-71.51,28.9,Excellent,Filter Pasif / Bypass
Timur_8km_FM_88.7584Mhz.jpg,timur,8km,FM,FM,-29.09,-68.6,39.86,Outstanding,Tidak Memerlukan Penguat (Bypass)
Timur_8km_FM_88.944Mhz.jpg,timur,8km,FM,AM,-49.92,-67.93,18.33,Good,Filter Pasif / Bypass
Timur_8km_FM_88.999Mhz.jpg,timur,8km,FM,AM,-51.32,-66.88,15.84,Good,Filter Pasif / Bypass
Timur_8km_FM_88.9Mhz.jpg,timur,8km,FM,AM,-55.39,-80.96,25.77,Excellent,Filter Pasif / Bypass
Timur_8km_FM_88Mhz.jpg,timur,8km,FM,FM,-35.78,-66.82,31.3,Outstanding,Tidak Memerlukan Penguat (Bypass)
Timur_8km_FM_89.006Mhz.jpg,timur,8km,FM,AM,-48.1,-76.23,28.32,Excellent,Filter Pasif / Bypass
Timur_8km_FM_89.013Mhz.jpg,timur,8km,FM,FM,-48.65,-81.3,32.93,Outstanding,Tidak Memerlukan Penguat (Bypass)
Timur_8km_FM_89.021Mhz.jpg,timur,8km,FM,AM,-43.92,-62.93,19.25,Good,Filter Pasif / Bypass
Timur_8km_FM_89.06Mhz.jpg,timur,8km,FM,FM,-36.27,-79.84,43.87,Outstanding,Tidak Memerlukan Penguat (Bypass)
Timur_8km_FM_89.212Mhz.jpg,timur,8km,FM,FM,-28.27,-63.31,35.32,Outstanding,Tidak Memerlukan Penguat (Bypass)
Timur_8km_FM_89.3Mhz.jpg,timur,8km,FM,AM,-45.28,-68.81,23.9,Excellent,Filter Pasif / Bypass
Timur_8km_FM_89.4Mhz.jpg,timur,8km,FM,AM,-59.47,-80.0,20.7,Excellent,Filter Pasif / Bypass
Timur_8km_FM_89.751Mhz.jpg,timur,8km,FM,FM,-25.45,-60.16,35.25,Outstanding,Tidak Memerlukan Penguat (Bypass)
Timur_8km_FM_89.7584Mhz.jpg,timur,8km,FM,FM,-14.4,-58.27,44.33,Outstanding,Tidak Memerlukan Penguat (Bypass)
Timur_8km_FM_89.787Mhz.jpg,timur,8km,FM,FM,-36.28,-83.54,48.2,Outstanding,Tidak Memerlukan Penguat (Bypass)
Timur_8km_FM_89.791Mhz.jpg,timur,8km,FM,AM,-42.95,-68.28,25.77,Excellent,Filter Pasif / Bypass
Timur_8km_FM_89.796Mhz.jpg,timur,8km,FM,FM,-36.38,-69.93,33.88,Outstanding,Tidak Memerlukan Penguat (Bypass)
Timur_8km_FM_89.7Mhz.jpg,timur,8km,FM,AM,-44.45,-68.35,24.19,Excellent,Filter Pasif / Bypass
Timur_8km_FM_89.801Mhz.jpg,timur,8km,FM,AM,-43.36,-67.48,24.4,Excellent,Filter Pasif / Bypass
Timur_8km_FM_89.822Mhz.jpg,timur,8km,FM,FM,-34.21,-67.61,33.69,Outstanding,Tidak Memerlukan Penguat (Bypass)
Timur_8km_FM_89.8Mhz.jpg,timur,8km,FM,AM,-45.69,-69.14,23.73,Excellent,Filter Pasif / Bypass
Timur_8km_FM_89Mhz.jpg,timur,8km,FM,FM,-25.0,-51.17,26.56,Excellent,Penguat High-Linearity / Attenuator Pasif
Timur_8km_FM_90.1Mhz.jpg,timur,8km,FM,AM,-62.52,-80.31,17.98,Good,Low Noise Amplifier (LNA) HF/VHF
Timur_8km_FM_90.2Mhz.jpg,timur,8km,FM,FM,-30.0,-71.25,41.48,Outstanding,Tidak Memerlukan Penguat (Bypass)
Timur_8km_FM_90.3Mhz.jpg,timur,8km,FM,FM,-36.91,-69.85,33.28,Outstanding,Tidak Memerlukan Penguat (Bypass)
Timur_8km_FM_90.595Mhz.jpg,timur,8km,FM,FM,-28.25,-64.48,36.61,Outstanding,Tidak Memerlukan Penguat (Bypass)
Timur_8km_FM_90.597Mhz.jpg,timur,8km,FM,AM,-43.48,-62.17,18.96,Good,Filter Pasif / Bypass
Timur_8km_FM_90.602Mhz.jpg,timur,8km,FM,FM,-28.27,-64.8,37.07,Outstanding,Tidak Memerlukan Penguat (Bypass)
Timur_8km_FM_90.604Mhz.jpg,timur,8km,FM,FM,-39.71,-76.65,37.16,Outstanding,Tidak Memerlukan Penguat (Bypass)
Timur_8km_FM_90.609Mhz.jpg,timur,8km,FM,FM,-46.93,-80.84,34.07,Outstanding,Tidak Memerlukan Penguat (Bypass)
Timur_8km_FM_90.6Mhz.jpg,timur,8km,FM,FM,-36.41,-71.64,35.61,Outstanding,Tidak Memerlukan Penguat (Bypass)
Timur_8km_FM_90.7534Mhz.jpg,timur,8km,FM,FM,-22.61,-58.13,36.05,Outstanding,Tidak Memerlukan Penguat (Bypass)
Timur_8km_FM_90.8Mhz.jpg,timur,8km,FM,FM,-37.3,-71.36,34.31,Outstanding,Tidak Memerlukan Penguat (Bypass)
Timur_8km_FM_90.9524Mhz.jpg,timur,8km,FM,FM,-28.27,-65.05,37.29,Outstanding,Tidak Memerlukan Penguat (Bypass)
Timur_8km_FM_90.9Mhz.jpg,timur,8km,FM,AM,-45.26,-73.22,28.14,Excellent,Filter Pasif / Bypass
Timur_8km_FM_90Mhz.jpg,timur,8km,FM,Tidak Terdeteksi,,-49.87,0.0,Not detected,Tidak Terdeteksi (N/A)
Timur_8km_FM_91.0601Mhz.jpg,timur,8km,FM,FM,-25.64,-65.25,39.9,Outstanding,Tidak Memerlukan Penguat (Bypass)
Timur_8km_FM_91.06Mhz.jpg,timur,8km,FM,FM,-10.86,-87.64,77.36,Outstanding,Tidak Memerlukan Penguat (Bypass)
Timur_8km_FM_91.386Mhz.jpg,timur,8km,FM,FM,-40.0,-95.85,56.37,Outstanding,Tidak Memerlukan Penguat (Bypass)
Timur_8km_FM_91.394Mhz.jpg,timur,8km,FM,FM,-29.81,-64.64,35.27,Outstanding,Tidak Memerlukan Penguat (Bypass)
Timur_8km_FM_91.39Mhz.jpg,timur,8km,FM,AM,-64.55,-89.15,24.75,Excellent,Low Noise Amplifier (LNA) HF/VHF
Timur_8km_FM_91.3Mhz.jpg,timur,8km,FM,FM,-37.75,-71.81,34.33,Outstanding,Tidak Memerlukan Penguat (Bypass)
Timur_8km_FM_91.402Mhz.jpg,timur,8km,FM,FM,-22.67,-52.94,30.74,Outstanding,Tidak Memerlukan Penguat (Bypass)
Timur_8km_FM_91.403Mhz.jpg,timur,8km,FM,FM,-25.0,-51.18,26.45,Excellent,Penguat High-Linearity / Attenuator Pasif
Timur_8km_FM_91.415Mhz.jpg,timur,8km,FM,AM,-59.11,-90.24,31.23,Outstanding,Tidak Memerlukan Penguat (Bypass)
Timur_8km_FM_91.417Mhz.jpg,timur,8km,FM,FM,-31.93,-59.98,28.44,Excellent,Penguat High-Linearity / Attenuator Pasif
Timur_8km_FM_91.418Mhz.jpg,timur,8km,FM,FM,-28.18,-50.85,23.26,Excellent,Penguat High-Linearity / Attenuator Pasif
Timur_8km_FM_91.419Mhz.jpg,timur,8km,FM,FM,-50.85,-88.75,38.13,Outstanding,Tidak Memerlukan Penguat (Bypass)
Timur_8km_FM_91.4Mhz.jpg,timur,8km,FM,AM,-38.52,-72.29,33.97,Outstanding,Tidak Memerlukan Penguat (Bypass)
Timur_8km_FM_91.735Mhz.jpg,timur,8km,FM,FM,-28.27,-64.43,36.41,Outstanding,Tidak Memerlukan Penguat (Bypass)
Timur_8km_FM_91.7Mhz.jpg,timur,8km,FM,FM,-29.51,-67.71,38.56,Outstanding,Tidak Memerlukan Penguat (Bypass)
Timur_8km_FM_91.9714Mhz.jpg,timur,8km,FM,AM,-68.08,-89.03,21.09,Excellent,Low Noise Amplifier (LNA) HF/VHF
Timur_8km_FM_91.9Mhz.jpg,timur,8km,FM,AM,-47.2,-69.66,22.8,Excellent,Filter Pasif / Bypass
Timur_8km_FM_91Mhz.jpg,timur,8km,FM,AM,-41.15,-70.51,29.63,Outstanding,Tidak Memerlukan Penguat (Bypass)
Timur_8km_FM_92.06Mhz.jpg,timur,8km,FM,FM,-31.7,-66.49,35.16,Outstanding,Tidak Memerlukan Penguat (Bypass)
Timur_8km_FM_92.243Mhz.jpg,timur,8km,FM,FM,-29.51,-67.97,38.73,Outstanding,Tidak Memerlukan Penguat (Bypass)
Timur_8km_FM_92.284Mhz.jpg,timur,8km,FM,AM,-65.34,-83.72,18.47,Good,Low Noise Amplifier (LNA) HF/VHF
Timur_8km_FM_92.288Mhz.jpg,timur,8km,FM,FM,-28.46,-62.72,34.63,Outstanding,Tidak Memerlukan Penguat (Bypass)
Timur_8km_FM_92.295Mhz.jpg,timur,8km,FM,AM,-62.25,-80.58,18.47,Good,Low Noise Amplifier (LNA) HF/VHF
Timur_8km_FM_92.298Mhz.jpg,timur,8km,FM,FM,-30.0,-50.1,20.41,Excellent,Penguat High-Linearity / Attenuator Pasif
Timur_8km_FM_92.2Mhz.jpg,timur,8km,FM,FM,-48.95,-98.9,50.07,Outstanding,Tidak Memerlukan Penguat (Bypass)
Timur_8km_FM_92.3Mhz.jpg,timur,8km,FM,FM,-42.0,-73.38,31.61,Outstanding,Tidak Memerlukan Penguat (Bypass)
Timur_8km_FM_92.6Mhz.jpg,timur,8km,FM,AM,-47.06,-72.73,25.95,Excellent,Filter Pasif / Bypass
Timur_8km_FM_92.8Mhz.jpg,timur,8km,FM,FM,-39.62,-77.12,37.71,Outstanding,Tidak Memerlukan Penguat (Bypass)
Timur_8km_FM_92Mhz.jpg,timur,8km,FM,FM,-27.51,-52.23,25.17,Excellent,Penguat High-Linearity / Attenuator Pasif
Timur_8km_FM_93.15Mhz.jpg,timur,8km,FM,AM,-57.56,-79.31,21.9,Excellent,Filter Pasif / Bypass
Timur_8km_FM_93.2Mhz.jpg,timur,8km,FM,FM,-32.54,-69.48,37.78,Outstanding,Tidak Memerlukan Penguat (Bypass)
Timur_8km_FM_93.303Mhz.jpg,timur,8km,FM,AM,-37.64,-68.16,30.94,Outstanding,Tidak Memerlukan Penguat (Bypass)
Timur_8km_FM_93.307Mhz.jpg,timur,8km,FM,AM,-47.54,-75.32,27.92,Excellent,Filter Pasif / Bypass
Timur_8km_FM_93.32Mhz.jpg,timur,8km,FM,FM,-29.39,-68.94,39.81,Outstanding,Tidak Memerlukan Penguat (Bypass)
Timur_8km_FM_93.343Mhz.jpg,timur,8km,FM,AM,-54.74,-80.46,25.86,Excellent,Filter Pasif / Bypass
Timur_8km_FM_93.3Mhz.jpg,timur,8km,FM,AM,-45.37,-73.68,28.48,Excellent,Filter Pasif / Bypass
Timur_8km_FM_93.6Mhz.jpg,timur,8km,FM,FM,-30.85,-66.81,37.06,Outstanding,Tidak Memerlukan Penguat (Bypass)
Timur_8km_FM_93Mhz.jpg,timur,8km,FM,Tidak Terdeteksi,,-51.85,0.0,Not detected,Tidak Terdeteksi (N/A)
Timur_8km_FM_94.088Mhz.jpg,timur,8km,FM,FM,-40.0,-97.53,57.85,Outstanding,Tidak Memerlukan Penguat (Bypass)
Timur_8km_FM_94.09Mhz.jpg,timur,8km,FM,FM,-40.0,-97.39,57.53,Outstanding,Tidak Memerlukan Penguat (Bypass)
Timur_8km_FM_94.119Mhz.jpg,timur,8km,FM,FM,-27.43,-60.97,34.48,Outstanding,Tidak Memerlukan Penguat (Bypass)
Timur_8km_FM_94.1Mhz.jpg,timur,8km,FM,FM,-22.8,-63.15,41.36,Outstanding,Tidak Memerlukan Penguat (Bypass)
Timur_8km_FM_94.394Mhz.jpg,timur,8km,FM,AM,-40.13,-60.12,20.39,Excellent,Filter Pasif / Bypass
Timur_8km_FM_94.3Mhz.jpg,timur,8km,FM,FM,-23.8,-62.96,39.76,Outstanding,Tidak Memerlukan Penguat (Bypass)
Timur_8km_FM_94.4674Mhz.jpg,timur,8km,FM,FM,-25.22,-60.79,36.33,Outstanding,Tidak Memerlukan Penguat (Bypass)
Timur_8km_FM_94.5Mhz.jpg,timur,8km,FM,FM,-25.28,-58.06,33.13,Outstanding,Tidak Memerlukan Penguat (Bypass)
Timur_8km_FM_94.904Mhz.jpg,timur,8km,FM,AM,-41.1,-54.28,13.8,Good,Filter Pasif / Bypass
Timur_8km_FM_94.91Mhz.jpg,timur,8km,FM,FM,-41.75,-68.54,27.13,Excellent,Penguat High-Linearity / Attenuator Pasif
Timur_8km_FM_94.998Mhz.jpg,timur,8km,FM,AM,-53.85,-79.88,26.18,Excellent,Filter Pasif / Bypass
Timur_8km_FM_94.9Mhz.jpg,timur,8km,FM,FM,-28.33,-62.63,35.47,Outstanding,Tidak Memerlukan Penguat (Bypass)
Timur_8km_FM_94Mhz.jpg,timur,8km,FM,FM,-29.11,-60.37,32.3,Outstanding,Tidak Memerlukan Penguat (Bypass)
Timur_8km_FM_95.06Mhz.jpg,timur,8km,FM,FM,-28.25,-66.36,38.46,Outstanding,Tidak Memerlukan Penguat (Bypass)
Timur_8km_FM_95.4Mhz.jpg,timur,8km,FM,FM,-30.0,-49.99,20.36,Excellent,Penguat High-Linearity / Attenuator Pasif
Timur_8km_FM_95.694Mhz.jpg,timur,8km,FM,FM,-20.51,-68.86,48.73,Outstanding,Tidak Memerlukan Penguat (Bypass)
Timur_8km_FM_95.695Mhz.jpg,timur,8km,FM,FM,-24.85,-47.89,23.28,Excellent,Penguat High-Linearity / Attenuator Pasif
Timur_8km_FM_95.9Mhz.jpg,timur,8km,FM,FM,-42.69,-73.37,31.0,Outstanding,Tidak Memerlukan Penguat (Bypass)
Timur_8km_FM_95Mhz.jpg,timur,8km,FM,FM,-28.25,-66.2,38.24,Outstanding,Tidak Memerlukan Penguat (Bypass)
Timur_8km_FM_96.06Mhz.jpg,timur,8km,FM,AM,-40.64,-64.58,24.37,Excellent,Filter Pasif / Bypass
Timur_8km_FM_96.496Mhz.jpg,timur,8km,FM,FM,-24.85,-48.8,24.2,Excellent,Penguat High-Linearity / Attenuator Pasif
Timur_8km_FM_96.505Mhz.jpg,timur,8km,FM,AM,-40.0,-64.86,25.4,Excellent,Filter Pasif / Bypass
Timur_8km_FM_96.511Mhz.jpg,timur,8km,FM,AM,-44.26,-70.4,26.39,Excellent,Filter Pasif / Bypass
Timur_8km_FM_96.655Mhz.jpg,timur,8km,FM,Tidak Terdeteksi,,-55.03,0.0,Not detected,Tidak Terdeteksi (N/A)
Timur_8km_FM_96.836Mhz.jpg,timur,8km,FM,FM,-40.22,-55.18,15.29,Good,Penguat High-Linearity / Attenuator Pasif
Timur_8km_FM_96.842Mhz.jpg,timur,8km,FM,Tidak Terdeteksi,,-55.6,0.0,Not detected,Tidak Terdeteksi (N/A)
Timur_8km_FM_96Mhz.jpg,timur,8km,FM,FM,-24.85,-48.07,23.44,Excellent,Penguat High-Linearity / Attenuator Pasif
Timur_8km_FM_97.1Mhz.jpg,timur,8km,FM,AM,-46.97,-69.33,22.54,Excellent,Filter Pasif / Bypass
Timur_8km_FM_97.7554Mhz.jpg,timur,8km,FM,FM,-15.03,-59.15,44.44,Outstanding,Tidak Memerlukan Penguat (Bypass)
Timur_8km_FM_97Mhz.jpg,timur,8km,FM,FM,-20.0,-60.0,40.39,Outstanding,Tidak Memerlukan Penguat (Bypass)
Timur_8km_FM_98.024Mhz.jpg,timur,8km,FM,FM,-25.03,-53.71,28.92,Excellent,Penguat High-Linearity / Attenuator Pasif
Timur_8km_FM_98.06Mhz.jpg,timur,8km,FM,FM,-7.21,-60.81,53.97,Outstanding,Tidak Memerlukan Penguat (Bypass)
Timur_8km_FM_98.089Mhz.jpg,timur,8km,FM,FM,-24.6,-62.3,38.04,Outstanding,Tidak Memerlukan Penguat (Bypass)
Timur_8km_FM_98.128Mhz.jpg,timur,8km,FM,FM,-28.27,-64.01,35.98,Outstanding,Tidak Memerlukan Penguat (Bypass)
Timur_8km_FM_98.129Mhz.jpg,timur,8km,FM,FM,-23.03,-66.66,43.93,Outstanding,Tidak Memerlukan Penguat (Bypass)
Timur_8km_FM_98.1Mhz.jpg,timur,8km,FM,Tidak Terdeteksi,,-63.75,0.0,Not detected,Tidak Terdeteksi (N/A)
Timur_8km_FM_98Mhz.jpg,timur,8km,FM,AM,-43.09,-54.32,12.05,Good,Filter Pasif / Bypass
Timur_8km_FM_99.06Mhz.jpg,timur,8km,FM,FM,-30.05,-63.14,33.42,Outstanding,Tidak Memerlukan Penguat (Bypass)
Timur_8km_FM_99.4Mhz.jpg,timur,8km,FM,FM,-40.41,-53.36,13.29,Good,Penguat High-Linearity / Attenuator Pasif
Timur_8km_FM_99.5654Mhz.jpg,timur,8km,FM,FM,-15.04,-59.41,44.75,Outstanding,Tidak Memerlukan Penguat (Bypass)
Timur_8km_FM_99.997Mhz.jpg,timur,8km,FM,FM,-33.0,-64.61,32.19,Outstanding,Tidak Memerlukan Penguat (Bypass)
Timur_8km_FM_99Mhz.jpg,timur,8km,FM,FM,-25.03,-54.4,29.75,Outstanding,Tidak Memerlukan Penguat (Bypass)
Utara_10km_AIRBAND_108.9Mhz.jpg,utara,10km,AM,Tidak Terdeteksi,,-80.42,0.0,Not detected,Tidak Terdeteksi (N/A)
Utara_10km_AIRBAND_109.3Mhz.jpg,utara,10km,AM,Tidak Terdeteksi,,-81.12,0.0,Not detected,Tidak Terdeteksi (N/A)
Utara_10km_AIRBAND_111Mhz.jpg,utara,10km,AM,Tidak Terdeteksi,,-76.51,0.0,Not detected,Tidak Terdeteksi (N/A)
Utara_10km_AIRBAND_115Mhz.jpg,utara,10km,AM,Tidak Terdeteksi,,-81.63,0.0,Not detected,Tidak Terdeteksi (N/A)
Utara_10km_AIRBAND_119.0108Mhz.jpg,utara,10km,AM,Tidak Terdeteksi,,-84.5,0.0,Not detected,Tidak Terdeteksi (N/A)
Utara_10km_AIRBAND_120Mhz.jpg,utara,10km,AM,FM,-64.55,-83.71,19.35,Good,Low Noise Amplifier (LNA) Khusus VHF/FM
Utara_10km_AIRBAND_122Mhz.jpg,utara,10km,AM,Tidak Terdeteksi,,-84.01,0.0,Not detected,Tidak Terdeteksi (N/A)
Utara_10km_AIRBAND_123Mhz.jpg,utara,10km,AM,Tidak Terdeteksi,,-87.87,0.0,Not detected,Tidak Terdeteksi (N/A)
Utara_10km_AIRBAND_129Mhz.jpg,utara,10km,AM,Tidak Terdeteksi,,-93.49,0.0,Not detected,Tidak Terdeteksi (N/A)
Utara_10km_ETC_138Mhz.jpg,utara,10km,ETC,Tidak Terdeteksi,,-84.42,0.0,Not detected,Tidak Terdeteksi (N/A)
Utara_10km_ETC_139Mhz.jpg,utara,10km,ETC,Tidak Terdeteksi,,-84.07,0.0,Not detected,Tidak Terdeteksi (N/A)
Utara_10km_FM_100.016Mhz.jpg,utara,10km,FM,AM,-50.5,-78.22,27.94,Excellent,Filter Pasif / Bypass
Utara_10km_FM_100.2Mhz.jpg,utara,10km,FM,AM,-50.68,-76.41,25.99,Excellent,Filter Pasif / Bypass
Utara_10km_FM_100.407Mhz.jpg,utara,10km,FM,AM,-48.39,-79.39,31.16,Outstanding,Tidak Memerlukan Penguat (Bypass)
Utara_10km_FM_100.9Mhz.jpg,utara,10km,FM,AM,-47.2,-77.17,30.27,Outstanding,Tidak Memerlukan Penguat (Bypass)
Utara_10km_FM_100Mhz.jpg,utara,10km,FM,AM,-66.7,-79.64,13.13,Good,Low Noise Amplifier (LNA) HF/VHF
Utara_10km_FM_101.559Mhz.jpg,utara,10km,FM,AM,-52.27,-79.97,27.99,Excellent,Filter Pasif / Bypass
Utara_10km_FM_101.572Mhz.jpg,utara,10km,FM,FM,-45.82,-78.67,33.04,Outstanding,Tidak Memerlukan Penguat (Bypass)
Utara_10km_FM_101.584Mhz.jpg,utara,10km,FM,AM,-50.02,-83.65,33.89,Outstanding,Tidak Memerlukan Penguat (Bypass)
Utara_10km_FM_101.61Mhz.jpg,utara,10km,FM,AM,-55.13,-80.32,25.38,Excellent,Filter Pasif / Bypass
Utara_10km_FM_101Mhz.jpg,utara,10km,FM,AM,-57.6,-79.53,22.09,Excellent,Filter Pasif / Bypass
Utara_10km_FM_102.1Mhz.jpg,utara,10km,FM,AM,-53.39,-82.93,29.76,Outstanding,Tidak Memerlukan Penguat (Bypass)
Utara_10km_FM_102.405Mhz.jpg,utara,10km,FM,AM,-51.56,-79.4,28.11,Excellent,Filter Pasif / Bypass
Utara_10km_FM_103Mhz.jpg,utara,10km,FM,FM,-64.94,-81.61,16.81,Good,Low Noise Amplifier (LNA) Khusus VHF/FM
Utara_10km_FM_104Mhz.jpg,utara,10km,FM,AM,-63.69,-79.53,16.02,Good,Low Noise Amplifier (LNA) HF/VHF
Utara_10km_FM_105.676Mhz.jpg,utara,10km,FM,Tidak Terdeteksi,,-82.76,0.0,Not detected,Tidak Terdeteksi (N/A)
Utara_10km_FM_106.5Mhz.jpg,utara,10km,FM,Tidak Terdeteksi,,-93.51,0.0,Not detected,Tidak Terdeteksi (N/A)
Utara_10km_FM_106Mhz.jpg,utara,10km,FM,AM,-64.85,-76.96,12.26,Good,Low Noise Amplifier (LNA) HF/VHF
Utara_10km_FM_107.6Mhz.jpg,utara,10km,FM,Tidak Terdeteksi,,-92.42,0.0,Not detected,Tidak Terdeteksi (N/A)
Utara_10km_FM_107Mhz.jpg,utara,10km,FM,AM,-58.56,-73.72,15.38,Good,Filter Pasif / Bypass
Utara_10km_FM_108Mhz.jpg,utara,10km,FM,Tidak Terdeteksi,,-74.69,0.0,Not detected,Tidak Terdeteksi (N/A)
Utara_10km_FM_87.385Mhz.jpg,utara,10km,FM,FM,-44.14,-77.6,33.68,Outstanding,Tidak Memerlukan Penguat (Bypass)
Utara_10km_FM_87.3997Mhz.jpg,utara,10km,FM,AM,-54.55,-81.56,27.11,Excellent,Filter Pasif / Bypass
Utara_10km_FM_87.402Mhz.jpg,utara,10km,FM,FM,-49.83,-81.35,31.63,Outstanding,Tidak Memerlukan Penguat (Bypass)
Utara_10km_FM_87.411Mhz.jpg,utara,10km,FM,AM,-38.25,-77.85,39.82,Outstanding,Tidak Memerlukan Penguat (Bypass)
Utara_10km_FM_87.5Mhz.jpg,utara,10km,FM,AM,-52.26,-81.57,29.44,Outstanding,Tidak Memerlukan Penguat (Bypass)
Utara_10km_FM_87.6Mhz.jpg,utara,10km,FM,AM,-51.73,-81.13,29.56,Outstanding,Tidak Memerlukan Penguat (Bypass)
Utara_10km_FM_87.7Mhz.jpg,utara,10km,FM,FM,-57.1,-80.91,23.97,Excellent,Penguat High-Linearity / Attenuator Pasif
Utara_10km_FM_87.9Mhz.jpg,utara,10km,FM,FM,-48.61,-80.98,32.55,Outstanding,Tidak Memerlukan Penguat (Bypass)
Utara_10km_FM_88.2Mhz.jpg,utara,10km,FM,AM,-49.06,-79.99,31.12,Outstanding,Tidak Memerlukan Penguat (Bypass)
Utara_10km_FM_88.4Mhz.jpg,utara,10km,FM,FM,-47.2,-79.39,32.38,Outstanding,Tidak Memerlukan Penguat (Bypass)
Utara_10km_FM_88.7Mhz.jpg,utara,10km,FM,Tidak Terdeteksi,,-83.2,0.0,Not detected,Tidak Terdeteksi (N/A)
Utara_10km_FM_88.8Mhz.jpg,utara,10km,FM,Tidak Terdeteksi,,-83.56,0.0,Not detected,Tidak Terdeteksi (N/A)
Utara_10km_FM_88.9Mhz.jpg,utara,10km,FM,Tidak Terdeteksi,,-77.47,0.0,Not detected,Tidak Terdeteksi (N/A)
Utara_10km_FM_88Mhz.jpg,utara,10km,FM,Tidak Terdeteksi,,-70.75,0.0,Not detected,Tidak Terdeteksi (N/A)
Utara_10km_FM_89.2Mhz.jpg,utara,10km,FM,Tidak Terdeteksi,,-78.85,0.0,Not detected,Tidak Terdeteksi (N/A)
Utara_10km_FM_89.5Mhz.jpg,utara,10km,FM,FM,-39.8,-77.38,37.74,Outstanding,Tidak Memerlukan Penguat (Bypass)
Utara_10km_FM_89.6Mhz.jpg,utara,10km,FM,Tidak Terdeteksi,,-73.53,0.0,Not detected,Tidak Terdeteksi (N/A)
Utara_10km_FM_89.7Mhz.jpg,utara,10km,FM,AM,-45.5,-78.06,32.73,Outstanding,Tidak Memerlukan Penguat (Bypass)
Utara_10km_FM_90.2Mhz.jpg,utara,10km,FM,FM,-47.64,-81.03,33.59,Outstanding,Tidak Memerlukan Penguat (Bypass)
Utara_10km_FM_90.4Mhz.jpg,utara,10km,FM,AM,-51.48,-79.77,28.51,Excellent,Filter Pasif / Bypass
Utara_10km_FM_90.581Mhz.jpg,utara,10km,FM,AM,-50.51,-81.91,31.5,Outstanding,Tidak Memerlukan Penguat (Bypass)
Utara_10km_FM_90.606Mhz.jpg,utara,10km,FM,FM,-40.47,-91.71,51.38,Outstanding,Tidak Memerlukan Penguat (Bypass)
Utara_10km_FM_90.6Mhz.jpg,utara,10km,FM,FM,-40.41,-76.21,36.06,Outstanding,Tidak Memerlukan Penguat (Bypass)
Utara_10km_FM_90.7Mhz.jpg,utara,10km,FM,AM,-50.95,-81.93,31.12,Outstanding,Tidak Memerlukan Penguat (Bypass)
Utara_10km_FM_90.8Mhz.jpg,utara,10km,FM,AM,-58.13,-84.44,26.45,Excellent,Filter Pasif / Bypass
Utara_10km_FM_91.1Mhz.jpg,utara,10km,FM,FM,-40.05,-77.29,37.53,Outstanding,Tidak Memerlukan Penguat (Bypass)
Utara_10km_FM_91.382Mhz.jpg,utara,10km,FM,FM,-50.25,-84.91,34.83,Outstanding,Tidak Memerlukan Penguat (Bypass)
Utara_10km_FM_91.395Mhz.jpg,utara,10km,FM,FM,-39.69,-76.89,37.32,Outstanding,Tidak Memerlukan Penguat (Bypass)
Utara_10km_FM_91.5Mhz.jpg,utara,10km,FM,AM,-47.2,-80.01,32.99,Outstanding,Tidak Memerlukan Penguat (Bypass)
Utara_10km_FM_92.294Mhz.jpg,utara,10km,FM,AM,-59.25,-80.88,21.79,Excellent,Filter Pasif / Bypass
Utara_10km_FM_92.2Mhz.jpg,utara,10km,FM,AM,-46.67,-80.23,33.74,Outstanding,Tidak Memerlukan Penguat (Bypass)
Utara_10km_FM_92.3Mhz.jpg,utara,10km,FM,AM,-53.51,-74.66,21.38,Excellent,Filter Pasif / Bypass
Utara_10km_FM_92.6Mhz.jpg,utara,10km,FM,AM,-58.85,-82.86,24.17,Excellent,Filter Pasif / Bypass
Utara_10km_FM_92.9Mhz.jpg,utara,10km,FM,AM,-64.18,-82.53,18.53,Good,Low Noise Amplifier (LNA) HF/VHF
Utara_10km_FM_93.1Mhz.jpg,utara,10km,FM,FM,-65.63,-91.58,26.1,Excellent,Low Noise Amplifier (LNA) Khusus VHF/FM
Utara_10km_FM_93.298Mhz.jpg,utara,10km,FM,AM,-60.25,-80.63,20.59,Excellent,Low Noise Amplifier (LNA) HF/VHF
Utara_10km_FM_93.3Mhz.jpg,utara,10km,FM,FM,-42.12,-73.36,31.42,Outstanding,Tidak Memerlukan Penguat (Bypass)
Utara_10km_FM_93.4Mhz.jpg,utara,10km,FM,AM,-55.68,-80.68,25.18,Excellent,Filter Pasif / Bypass
Utara_10km_FM_94.085Mhz.jpg,utara,10km,FM,AM,-56.2,-81.15,25.14,Excellent,Filter Pasif / Bypass
Utara_10km_FM_94.1Mhz.jpg,utara,10km,FM,FM,-40.0,-80.34,40.54,Outstanding,Tidak Memerlukan Penguat (Bypass)
Utara_10km_FM_94.881Mhz.jpg,utara,10km,FM,AM,-57.73,-77.28,19.74,Good,Filter Pasif / Bypass
Utara_10km_FM_94.9Mhz.jpg,utara,10km,FM,AM,-51.69,-69.83,18.44,Good,Filter Pasif / Bypass
Utara_10km_FM_94Mhz.jpg,utara,10km,FM,FM,-30.48,-77.1,46.97,Outstanding,Tidak Memerlukan Penguat (Bypass)
Utara_10km_FM_95.4Mhz.jpg,utara,10km,FM,AM,-47.12,-80.52,33.51,Outstanding,Tidak Memerlukan Penguat (Bypass)
Utara_10km_FM_95.697Mhz.jpg,utara,10km,FM,AM,-66.9,-83.94,17.18,Good,Low Noise Amplifier (LNA) HF/VHF
Utara_10km_FM_95.6Mhz.jpg,utara,10km,FM,Tidak Terdeteksi,,-71.09,0.0,Not detected,Tidak Terdeteksi (N/A)
Utara_10km_FM_95.7Mhz.jpg,utara,10km,FM,AM,-61.49,-77.23,16.2,Good,Low Noise Amplifier (LNA) HF/VHF
Utara_10km_FM_95.996Mhz.jpg,utara,10km,FM,Tidak Terdeteksi,,-54.5,0.0,Not detected,Tidak Terdeteksi (N/A)
Utara_10km_FM_95.9Mhz.jpg,utara,10km,FM,FM,-58.91,-75.66,16.99,Good,Penguat High-Linearity / Attenuator Pasif
Utara_10km_FM_95Mhz.jpg,utara,10km,FM,AM,-61.59,-80.05,18.61,Good,Low Noise Amplifier (LNA) HF/VHF
Utara_10km_FM_96.4Mhz.jpg,utara,10km,FM,FM,-54.63,-79.42,24.98,Excellent,Penguat High-Linearity / Attenuator Pasif
Utara_10km_FM_96.51Mhz.jpg,utara,10km,FM,AM,-61.67,-76.47,15.13,Good,Low Noise Amplifier (LNA) HF/VHF
Utara_10km_FM_96.5Mhz.jpg,utara,10km,FM,AM,-58.75,-77.07,18.44,Good,Filter Pasif / Bypass
Utara_10km_FM_96.825Mhz.jpg,utara,10km,FM,AM,-53.04,-68.52,15.88,Good,Filter Pasif / Bypass
Utara_10km_FM_96.838Mhz.jpg,utara,10km,FM,AM,-47.0,-70.74,24.16,Excellent,Filter Pasif / Bypass
Utara_10km_FM_97.002Mhz.jpg,utara,10km,FM,AM,-38.4,-70.04,32.17,Outstanding,Tidak Memerlukan Penguat (Bypass)
Utara_10km_FM_97.281Mhz.jpg,utara,10km,FM,AM,-61.39,-76.68,15.72,Good,Low Noise Amplifier (LNA) HF/VHF
Utara_10km_FM_97.297Mhz.jpg,utara,10km,FM,AM,-53.07,-72.59,19.69,Good,Filter Pasif / Bypass
Utara_10km_FM_97.305Mhz.jpg,utara,10km,FM,AM,-60.29,-72.99,13.12,Good,Low Noise Amplifier (LNA) HF/VHF
Utara_10km_FM_97.3Mhz.jpg,utara,10km,FM,AM,-54.41,-66.8,12.92,Good,Filter Pasif / Bypass
Utara_10km_FM_97.5Mhz.jpg,utara,10km,FM,AM,-51.68,-68.72,17.45,Good,Filter Pasif / Bypass
Utara_10km_FM_97.637Mhz.jpg,utara,10km,FM,AM,-61.56,-73.59,12.41,Good,Low Noise Amplifier (LNA) HF/VHF
Utara_10km_FM_97.638Mhz.jpg,utara,10km,FM,Tidak Terdeteksi,,-76.29,0.0,Not detected,Tidak Terdeteksi (N/A)
Utara_10km_FM_97Mhz.jpg,utara,10km,FM,FM,-60.25,-84.96,24.99,Excellent,Low Noise Amplifier (LNA) Khusus VHF/FM
Utara_10km_FM_98.012Mhz.jpg,utara,10km,FM,AM,-61.89,-79.59,17.85,Good,Low Noise Amplifier (LNA) HF/VHF
Utara_10km_FM_98.081Mhz.jpg,utara,10km,FM,AM,-57.39,-75.48,18.67,Good,Filter Pasif / Bypass
Utara_10km_FM_98.094Mhz.jpg,utara,10km,FM,AM,-58.13,-71.28,13.53,Good,Filter Pasif / Bypass
Utara_10km_FM_98.1Mhz.jpg,utara,10km,FM,FM,-56.17,-90.88,34.88,Outstanding,Tidak Memerlukan Penguat (Bypass)
Utara_10km_FM_98.821Mhz.jpg,utara,10km,FM,AM,-63.62,-75.81,12.42,Good,Low Noise Amplifier (LNA) HF/VHF
Utara_10km_FM_98.826Mhz.jpg,utara,10km,FM,AM,-63.88,-77.0,13.36,Good,Low Noise Amplifier (LNA) HF/VHF
Utara_10km_FM_98Mhz.jpg,utara,10km,FM,AM,-52.29,-67.09,15.23,Good,Filter Pasif / Bypass
Utara_10km_FM_99.2Mhz.jpg,utara,10km,FM,AM,-69.6,-88.85,19.56,Good,Low Noise Amplifier (LNA) HF/VHF
Utara_10km_FM_99.618Mhz.jpg,utara,10km,FM,Tidak Terdeteksi,,-79.38,0.0,Not detected,Tidak Terdeteksi (N/A)
Utara_10km_FM_99.7Mhz.jpg,utara,10km,FM,Tidak Terdeteksi,,-79.59,0.0,Not detected,Tidak Terdeteksi (N/A)
Utara_10km_FM_99.989Mhz.jpg,utara,10km,FM,FM,-52.63,-78.32,25.95,Excellent,Penguat High-Linearity / Attenuator Pasif
Utara_10km_FM_99.995Mhz.jpg,utara,10km,FM,AM,-66.42,-79.57,13.35,Good,Low Noise Amplifier (LNA) HF/VHF
Utara_10km_FM_99Mhz.jpg,utara,10km,FM,Tidak Terdeteksi,,-76.68,0.0,Not detected,Tidak Terdeteksi (N/A)
Utara_2km_AIRBAND_108.4Mhz.jpg,utara,2km,AM,AM,-40.0,-86.41,47.55,Outstanding,Tidak Memerlukan Penguat (Bypass)
Utara_2km_AIRBAND_108.8Mhz.jpg,utara,2km,AM,AM,-20.0,-68.36,49.31,Outstanding,Tidak Memerlukan Penguat (Bypass)
Utara_2km_AIRBAND_109.4Mhz.jpg,utara,2km,AM,AM,-40.0,-89.08,49.55,Outstanding,Tidak Memerlukan Penguat (Bypass)
Utara_2km_AIRBAND_109.8Mhz.jpg,utara,2km,AM,FM,-40.01,-85.0,45.29,Outstanding,Tidak Memerlukan Penguat (Bypass)
Utara_2km_AIRBAND_110.2Mhz.jpg,utara,2km,AM,FM,-40.01,-90.45,50.59,Outstanding,Tidak Memerlukan Penguat (Bypass)
Utara_2km_AIRBAND_110.6Mhz.jpg,utara,2km,AM,FM,-41.54,-67.15,26.44,Excellent,Penguat High-Linearity / Attenuator Pasif
Utara_2km_AIRBAND_110.8Mhz.jpg,utara,2km,AM,AM,-20.0,-68.36,48.77,Outstanding,Tidak Memerlukan Penguat (Bypass)
Utara_2km_AIRBAND_111.4Mhz.jpg,utara,2km,AM,AM,-41.71,-62.37,20.79,Excellent,Filter Pasif / Bypass
Utara_2km_AIRBAND_111.8Mhz.jpg,utara,2km,AM,AM,-41.71,-62.57,22.67,Excellent,Filter Pasif / Bypass
Utara_2km_AIRBAND_113.4Mhz.jpg,utara,2km,AM,FM,-21.62,-51.07,31.77,Outstanding,Tidak Memerlukan Penguat (Bypass)
Utara_2km_AIRBAND_114.8Mhz.jpg,utara,2km,AM,AM,-40.0,-87.26,47.97,Outstanding,Tidak Memerlukan Penguat (Bypass)
Utara_2km_AIRBAND_120.818Mhz.jpg,utara,2km,AM,AM,-51.1,-79.44,28.4,Excellent,Filter Pasif / Bypass
Utara_2km_AIRBAND_124Mhz.jpg,utara,2km,AM,FM,-40.01,-99.11,59.17,Outstanding,Tidak Memerlukan Penguat (Bypass)
Utara_2km_AIRBAND_126Mhz.jpg,utara,2km,AM,AM,-40.0,-78.44,38.62,Outstanding,Tidak Memerlukan Penguat (Bypass)
Utara_2km_AIRBAND_129Mhz.jpg,utara,2km,AM,FM,-40.01,-99.4,59.4,Outstanding,Tidak Memerlukan Penguat (Bypass)
Utara_2km_ETC_138Mhz.jpg,utara,2km,ETC,AM,-40.0,-99.41,59.43,Outstanding,Tidak Memerlukan Penguat (Bypass)
Utara_2km_ETC_139Mhz.jpg,utara,2km,ETC,FM,-41.67,-79.6,37.98,Outstanding,Tidak Memerlukan Penguat (Bypass)
Utara_2km_ETC_148Mhz.jpg,utara,2km,ETC,FM,-41.66,-79.44,37.84,Outstanding,Tidak Memerlukan Penguat (Bypass)
Utara_2km_ETC_149Mhz.jpg,utara,2km,ETC,FM,-41.33,-79.59,38.31,Outstanding,Tidak Memerlukan Penguat (Bypass)
Utara_2km_ETC_unknown.jpg,utara,2km,ETC,Tidak Terdeteksi,,-88.92,0.0,Not detected,Tidak Terdeteksi (N/A)
Utara_2km_FM_100.2Mhz.jpg,utara,2km,FM,AM,-40.0,-89.45,50.23,Outstanding,Tidak Memerlukan Penguat (Bypass)
Utara_2km_FM_100.4Mhz.jpg,utara,2km,FM,FM,-40.01,-68.24,29.57,Outstanding,Tidak Memerlukan Penguat (Bypass)
Utara_2km_FM_100.6Mhz.jpg,utara,2km,FM,Tidak Terdeteksi,,-51.22,0.0,Not detected,Tidak Terdeteksi (N/A)
Utara_2km_FM_100.8Mhz.jpg,utara,2km,FM,FM,-40.0,-89.41,49.91,Outstanding,Tidak Memerlukan Penguat (Bypass)
Utara_2km_FM_101.2Mhz.jpg,utara,2km,FM,FM,-40.01,-67.81,28.41,Excellent,Penguat High-Linearity / Attenuator Pasif
Utara_2km_FM_101.4Mhz.jpg,utara,2km,FM,AM,-60.0,-79.1,20.9,Excellent,Filter Pasif / Bypass
Utara_2km_FM_101.6Mhz.jpg,utara,2km,FM,FM,-40.01,-71.64,32.34,Outstanding,Tidak Memerlukan Penguat (Bypass)
Utara_2km_FM_101.8Mhz.jpg,utara,2km,FM,AM,-40.0,-69.7,30.68,Outstanding,Tidak Memerlukan Penguat (Bypass)
Utara_2km_FM_102.3Mhz.jpg,utara,2km,FM,Tidak Terdeteksi,,-67.92,0.0,Not detected,Tidak Terdeteksi (N/A)
Utara_2km_FM_102.4Mhz.jpg,utara,2km,FM,FM,-40.01,-70.86,31.52,Outstanding,Tidak Memerlukan Penguat (Bypass)
Utara_2km_FM_102.5Mhz.jpg,utara,2km,FM,Tidak Terdeteksi,,-87.87,0.0,Not detected,Tidak Terdeteksi (N/A)
Utara_2km_FM_102.8Mhz.jpg,utara,2km,FM,AM,-60.0,-90.73,31.77,Outstanding,Tidak Memerlukan Penguat (Bypass)
Utara_2km_FM_103.4Mhz.jpg,utara,2km,FM,Tidak Terdeteksi,,-67.94,0.0,Not detected,Tidak Terdeteksi (N/A)
Utara_2km_FM_103.8Mhz.jpg,utara,2km,FM,Tidak Terdeteksi,,-50.19,0.0,Not detected,Tidak Terdeteksi (N/A)
Utara_2km_FM_104.4Mhz.jpg,utara,2km,FM,FM,-20.01,-58.33,39.8,Outstanding,Tidak Memerlukan Penguat (Bypass)
Utara_2km_FM_104.8Mhz.jpg,utara,2km,FM,AM,-60.0,-100.67,41.29,Outstanding,Tidak Memerlukan Penguat (Bypass)
Utara_2km_FM_105.2Mhz.jpg,utara,2km,FM,FM,-40.01,-71.18,32.53,Outstanding,Tidak Memerlukan Penguat (Bypass)
Utara_2km_FM_105.4Mhz.jpg,utara,2km,FM,AM,-40.0,-87.2,47.88,Outstanding,Tidak Memerlukan Penguat (Bypass)
Utara_2km_FM_105.6Mhz.jpg,utara,2km,FM,AM,-20.0,-78.81,60.39,Outstanding,Tidak Memerlukan Penguat (Bypass)
Utara_2km_FM_106.4Mhz.jpg,utara,2km,FM,AM,-40.0,-74.93,35.87,Outstanding,Tidak Memerlukan Penguat (Bypass)
Utara_2km_FM_106.8Mhz.jpg,utara,2km,FM,AM,-20.0,-69.5,51.33,Outstanding,Tidak Memerlukan Penguat (Bypass)
Utara_2km_FM_107.2Mhz.jpg,utara,2km,FM,AM,-20.0,-82.44,65.13,Outstanding,Tidak Memerlukan Penguat (Bypass)
Utara_2km_FM_107.6Mhz.jpg,utara,2km,FM,FM,-41.76,-70.98,29.55,Outstanding,Tidak Memerlukan Penguat (Bypass)
Utara_2km_FM_107.8Mhz.jpg,utara,2km,FM,FM,-21.67,-55.58,34.35,Outstanding,Tidak Memerlukan Penguat (Bypass)
Utara_2km_FM_88.2Mhz.jpg,utara,2km,FM,FM,-40.01,-99.29,59.38,Outstanding,Tidak Memerlukan Penguat (Bypass)
Utara_2km_FM_88.4Mhz.jpg,utara,2km,FM,AM,-40.0,-99.01,59.16,Outstanding,Tidak Memerlukan Penguat (Bypass)
Utara_2km_FM_89.2Mhz.jpg,utara,2km,FM,AM,-40.0,-98.95,59.07,Outstanding,Tidak Memerlukan Penguat (Bypass)
Utara_2km_FM_89.8Mhz.jpg,utara,2km,FM,FM,-40.01,-98.74,58.95,Outstanding,Tidak Memerlukan Penguat (Bypass)
Utara_2km_FM_89.988Mhz.jpg,utara,2km,FM,AM,-40.0,-72.96,33.27,Outstanding,Tidak Memerlukan Penguat (Bypass)
Utara_2km_FM_90.3Mhz.jpg,utara,2km,FM,FM,-40.01,-85.23,47.39,Outstanding,Tidak Memerlukan Penguat (Bypass)
Utara_2km_FM_90.4Mhz.jpg,utara,2km,FM,AM,-40.0,-84.17,48.03,Outstanding,Tidak Memerlukan Penguat (Bypass)
Utara_2km_FM_90.6Mhz.jpg,utara,2km,FM,AM,-20.0,-88.68,69.01,Outstanding,Tidak Memerlukan Penguat (Bypass)
Utara_2km_FM_90.8Mhz.jpg,utara,2km,FM,FM,-40.01,-107.86,68.61,Outstanding,Tidak Memerlukan Penguat (Bypass)
Utara_2km_FM_91.2Mhz.jpg,utara,2km,FM,Tidak Terdeteksi,,-90.92,0.0,Not detected,Tidak Terdeteksi (N/A)
Utara_2km_FM_91.3Mhz.jpg,utara,2km,FM,FM,-20.01,-69.71,50.72,Outstanding,Tidak Memerlukan Penguat (Bypass)
Utara_2km_FM_91.4Mhz.jpg,utara,2km,FM,FM,-20.0,-60.05,41.06,Outstanding,Tidak Memerlukan Penguat (Bypass)
Utara_2km_FM_91.9Mhz.jpg,utara,2km,FM,AM,-40.0,-67.1,27.64,Excellent,Filter Pasif / Bypass
Utara_2km_FM_92.1Mhz.jpg,utara,2km,FM,FM,-40.01,-64.05,24.57,Excellent,Penguat High-Linearity / Attenuator Pasif
Utara_2km_FM_92.2Mhz.jpg,utara,2km,FM,Tidak Terdeteksi,,-89.0,0.0,Not detected,Tidak Terdeteksi (N/A)
Utara_2km_FM_92.3Mhz.jpg,utara,2km,FM,FM,-60.01,-94.63,35.42,Outstanding,Tidak Memerlukan Penguat (Bypass)
Utara_2km_FM_92.4Mhz.jpg,utara,2km,FM,FM,-60.02,-103.64,45.53,Outstanding,Tidak Memerlukan Penguat (Bypass)
Utara_2km_FM_92.5Mhz.jpg,utara,2km,FM,AM,-20.0,-72.6,53.02,Outstanding,Tidak Memerlukan Penguat (Bypass)
Utara_2km_FM_92.8Mhz.jpg,utara,2km,FM,AM,-40.01,-62.9,23.3,Excellent,Filter Pasif / Bypass
Utara_2km_FM_93.18Mhz.jpg,utara,2km,FM,AM,-40.0,-82.47,43.53,Outstanding,Tidak Memerlukan Penguat (Bypass)
Utara_2km_FM_93.2Mhz.jpg,utara,2km,FM,FM,-60.01,-96.26,37.31,Outstanding,Tidak Memerlukan Penguat (Bypass)
Utara_2km_FM_93.39Mhz.jpg,utara,2km,FM,FM,-40.0,-71.83,32.34,Outstanding,Tidak Memerlukan Penguat (Bypass)
Utara_2km_FM_93.6Mhz.jpg,utara,2km,FM,FM,-20.01,-49.61,30.18,Outstanding,Tidak Memerlukan Penguat (Bypass)
Utara_2km_FM_93.8Mhz.jpg,utara,2km,FM,FM,-40.01,-69.92,31.45,Outstanding,Tidak Memerlukan Penguat (Bypass)
Utara_2km_FM_93Mhz.jpg,utara,2km,FM,FM,-40.01,-68.21,28.65,Excellent,Penguat High-Linearity / Attenuator Pasif
Utara_2km_FM_94.1Mhz.jpg,utara,2km,FM,AM,-60.0,-95.6,36.4,Outstanding,Tidak Memerlukan Penguat (Bypass)
Utara_2km_FM_94.2Mhz.jpg,utara,2km,FM,AM,-40.0,-83.67,45.85,Outstanding,Tidak Memerlukan Penguat (Bypass)
Utara_2km_FM_94.4Mhz.jpg,utara,2km,FM,AM,-40.0,-66.29,26.73,Excellent,Filter Pasif / Bypass
Utara_2km_FM_94.8Mhz.jpg,utara,2km,FM,FM,-20.01,-68.38,49.04,Outstanding,Tidak Memerlukan Penguat (Bypass)
Utara_2km_FM_94.9Mhz.jpg,utara,2km,FM,FM,-40.0,-85.45,46.94,Outstanding,Tidak Memerlukan Penguat (Bypass)
Utara_2km_FM_95.4Mhz.jpg,utara,2km,FM,FM,-20.03,-40.56,22.86,Excellent,Penguat High-Linearity / Attenuator Pasif
Utara_2km_FM_95.5Mhz.jpg,utara,2km,FM,Tidak Terdeteksi,,-69.06,0.0,Not detected,Tidak Terdeteksi (N/A)
Utara_2km_FM_95.8Mhz.jpg,utara,2km,FM,FM,-40.01,-63.56,24.38,Excellent,Penguat High-Linearity / Attenuator Pasif
Utara_2km_FM_96.2Mhz.jpg,utara,2km,FM,AM,-40.0,-77.11,37.97,Outstanding,Tidak Memerlukan Penguat (Bypass)
Utara_2km_FM_96.4Mhz.jpg,utara,2km,FM,FM,-40.0,-68.59,29.51,Outstanding,Tidak Memerlukan Penguat (Bypass)
Utara_2km_FM_96.5Mhz.jpg,utara,2km,FM,FM,-40.0,-67.47,29.06,Outstanding,Tidak Memerlukan Penguat (Bypass)
Utara_2km_FM_96.6Mhz.jpg,utara,2km,FM,AM,-40.0,-60.3,20.71,Excellent,Filter Pasif / Bypass
Utara_2km_FM_96.8Mhz.jpg,utara,2km,FM,FM,-40.01,-84.64,45.5,Outstanding,Tidak Memerlukan Penguat (Bypass)
Utara_2km_FM_97.1Mhz.jpg,utara,2km,FM,AM,-40.0,-85.81,46.64,Outstanding,Tidak Memerlukan Penguat (Bypass)
Utara_2km_FM_97.4Mhz.jpg,utara,2km,FM,AM,-60.0,-111.31,51.78,Outstanding,Tidak Memerlukan Penguat (Bypass)
Utara_2km_FM_97.6Mhz.jpg,utara,2km,FM,AM,-40.0,-99.01,59.13,Outstanding,Tidak Memerlukan Penguat (Bypass)
Utara_2km_FM_98.2Mhz.jpg,utara,2km,FM,AM,-40.0,-99.36,59.42,Outstanding,Tidak Memerlukan Penguat (Bypass)
Utara_2km_FM_98.4Mhz.jpg,utara,2km,FM,AM,-40.0,-99.2,59.39,Outstanding,Tidak Memerlukan Penguat (Bypass)
Utara_2km_FM_98.6Mhz.jpg,utara,2km,FM,AM,-40.0,-99.41,59.48,Outstanding,Tidak Memerlukan Penguat (Bypass)
Utara_2km_FM_98.8Mhz.jpg,utara,2km,FM,AM,-40.0,-99.31,59.43,Outstanding,Tidak Memerlukan Penguat (Bypass)
Utara_2km_FM_99.2Mhz.jpg,utara,2km,FM,FM,-40.01,-92.69,54.25,Outstanding,Tidak Memerlukan Penguat (Bypass)
Utara_2km_FM_99.3Mhz.jpg,utara,2km,FM,AM,-40.0,-90.8,51.27,Outstanding,Tidak Memerlukan Penguat (Bypass)
Utara_2km_FM_99.4Mhz.jpg,utara,2km,FM,FM,-20.01,-88.68,68.95,Outstanding,Tidak Memerlukan Penguat (Bypass)
Utara_2km_FM_99.8Mhz.jpg,utara,2km,FM,AM,-40.0,-71.25,31.98,Outstanding,Tidak Memerlukan Penguat (Bypass)
Utara_4km_AIRBAND_108.4Mhz.jpg,utara,4km,AM,FM,-40.5,-65.16,25.61,Excellent,Penguat High-Linearity / Attenuator Pasif
Utara_4km_AIRBAND_112Mhz.jpg,utara,4km,AM,FM,-41.02,-74.15,33.48,Outstanding,Tidak Memerlukan Penguat (Bypass)
Utara_4km_AIRBAND_114Mhz.jpg,utara,4km,AM,FM,-30.61,-65.39,37.52,Outstanding,Tidak Memerlukan Penguat (Bypass)
Utara_4km_AIRBAND_118Mhz.jpg,utara,4km,AM,FM,-41.03,-67.36,26.98,Excellent,Penguat High-Linearity / Attenuator Pasif
Utara_4km_AIRBAND_122Mhz.jpg,utara,4km,AM,FM,-40.54,-80.98,40.61,Outstanding,Tidak Memerlukan Penguat (Bypass)
Utara_4km_AIRBAND_123Mhz.jpg,utara,4km,AM,FM,-40.53,-77.36,37.05,Outstanding,Tidak Memerlukan Penguat (Bypass)
Utara_4km_AIRBAND_130Mhz.jpg,utara,4km,AM,FM,-30.65,-75.97,45.6,Outstanding,Tidak Memerlukan Penguat (Bypass)
Utara_4km_ETC_139Mhz.jpg,utara,4km,ETC,Tidak Terdeteksi,,-81.22,0.0,Not detected,Tidak Terdeteksi (N/A)
Utara_4km_ETC_unknown.jpg,utara,4km,ETC,Error,,-50.0,0.0,Error,Error
Utara_4km_FM_100.4Mhz.jpg,utara,4km,FM,FM,-30.55,-63.67,33.97,Outstanding,Tidak Memerlukan Penguat (Bypass)
Utara_4km_FM_100.6Mhz.jpg,utara,4km,FM,AM,-48.24,-69.11,21.32,Excellent,Filter Pasif / Bypass
Utara_4km_FM_100.7Mhz.jpg,utara,4km,FM,FM,-30.13,-55.12,25.77,Excellent,Penguat High-Linearity / Attenuator Pasif
Utara_4km_FM_100.8Mhz.jpg,utara,4km,FM,AM,-40.0,-72.95,33.62,Outstanding,Tidak Memerlukan Penguat (Bypass)
Utara_4km_FM_100Mhz.jpg,utara,4km,FM,FM,-40.52,-76.71,36.53,Outstanding,Tidak Memerlukan Penguat (Bypass)
Utara_4km_FM_101.4Mhz.jpg,utara,4km,FM,FM,-30.0,-68.68,39.24,Outstanding,Tidak Memerlukan Penguat (Bypass)
Utara_4km_FM_101.6Mhz.jpg,utara,4km,FM,FM,-40.48,-74.12,34.42,Outstanding,Tidak Memerlukan Penguat (Bypass)
Utara_4km_FM_102.2Mhz.jpg,utara,4km,FM,FM,-40.47,-65.97,26.06,Excellent,Penguat High-Linearity / Attenuator Pasif
Utara_4km_FM_102.6Mhz.jpg,utara,4km,FM,FM,-40.0,-78.52,38.84,Outstanding,Tidak Memerlukan Penguat (Bypass)
Utara_4km_FM_102.8Mhz.jpg,utara,4km,FM,FM,-30.63,-73.13,42.83,Outstanding,Tidak Memerlukan Penguat (Bypass)
Utara_4km_FM_103.1Mhz.jpg,utara,4km,FM,FM,-5.83,-64.36,58.94,Outstanding,Tidak Memerlukan Penguat (Bypass)
Utara_4km_FM_103.2Mhz.jpg,utara,4km,FM,FM,-5.81,-63.68,58.13,Outstanding,Tidak Memerlukan Penguat (Bypass)
Utara_4km_FM_103.8Mhz.jpg,utara,4km,FM,AM,-40.0,-63.59,24.56,Excellent,Filter Pasif / Bypass
Utara_4km_FM_103.9Mhz.jpg,utara,4km,FM,FM,-5.0,-63.33,59.92,Outstanding,Tidak Memerlukan Penguat (Bypass)
Utara_4km_FM_104.4Mhz.jpg,utara,4km,FM,AM,-40.0,-60.7,21.43,Excellent,Filter Pasif / Bypass
Utara_4km_FM_104.7Mhz.jpg,utara,4km,FM,AM,-40.0,-65.15,25.54,Excellent,Filter Pasif / Bypass
Utara_4km_FM_104.8Mhz.jpg,utara,4km,FM,FM,-30.47,-58.33,29.06,Outstanding,Tidak Memerlukan Penguat (Bypass)
Utara_4km_FM_104Mhz.jpg,utara,4km,FM,FM,-40.61,-63.2,23.0,Excellent,Penguat High-Linearity / Attenuator Pasif
Utara_4km_FM_105.19Mhz.jpg,utara,4km,FM,FM,-30.58,-66.49,36.31,Outstanding,Tidak Memerlukan Penguat (Bypass)
Utara_4km_FM_105.3Mhz.jpg,utara,4km,FM,FM,-40.5,-70.49,30.46,Outstanding,Tidak Memerlukan Penguat (Bypass)
Utara_4km_FM_105.7Mhz.jpg,utara,4km,FM,FM,-61.28,-91.08,30.54,Outstanding,Tidak Memerlukan Penguat (Bypass)
Utara_4km_FM_106.4Mhz.jpg,utara,4km,FM,FM,-40.48,-67.99,27.86,Excellent,Penguat High-Linearity / Attenuator Pasif
Utara_4km_FM_106.8Mhz.jpg,utara,4km,FM,FM,-30.54,-62.19,32.2,Outstanding,Tidak Memerlukan Penguat (Bypass)
Utara_4km_FM_107.2Mhz.jpg,utara,4km,FM,FM,-40.49,-68.01,27.86,Excellent,Penguat High-Linearity / Attenuator Pasif
Utara_4km_FM_88.983Mhz.jpg,utara,4km,FM,FM,-30.08,-70.76,41.21,Outstanding,Tidak Memerlukan Penguat (Bypass)
Utara_4km_FM_89.076Mhz.jpg,utara,4km,FM,FM,-40.5,-72.82,32.49,Outstanding,Tidak Memerlukan Penguat (Bypass)
Utara_4km_FM_89.2Mhz.jpg,utara,4km,FM,FM,-40.5,-71.56,31.66,Outstanding,Tidak Memerlukan Penguat (Bypass)
Utara_4km_FM_89.447Mhz.jpg,utara,4km,FM,FM,-30.0,-64.99,35.5,Outstanding,Tidak Memerlukan Penguat (Bypass)
Utara_4km_FM_89.4Mhz.jpg,utara,4km,FM,FM,-48.78,-81.15,32.65,Outstanding,Tidak Memerlukan Penguat (Bypass)
Utara_4km_FM_89.6Mhz.jpg,utara,4km,FM,FM,-48.81,-84.65,36.14,Outstanding,Tidak Memerlukan Penguat (Bypass)
Utara_4km_FM_89.8Mhz.jpg,utara,4km,FM,Tidak Terdeteksi,,-81.76,0.0,Not detected,Tidak Terdeteksi (N/A)
Utara_4km_FM_90.3Mhz.jpg,utara,4km,FM,AM,-40.0,-52.41,12.85,Good,Filter Pasif / Bypass
Utara_4km_FM_90.5Mhz.jpg,utara,4km,FM,FM,-30.0,-53.92,24.81,Excellent,Penguat High-Linearity / Attenuator Pasif
Utara_4km_FM_90.6Mhz.jpg,utara,4km,FM,AM,-40.0,-57.4,18.25,Good,Filter Pasif / Bypass
Utara_4km_FM_90.8Mhz.jpg,utara,4km,FM,FM,-30.0,-43.4,13.82,Good,Penguat High-Linearity / Attenuator Pasif
Utara_4km_FM_91.3Mhz.jpg,utara,4km,FM,AM,-50.0,-63.31,13.75,Good,Filter Pasif / Bypass
Utara_4km_FM_91.4Mhz.jpg,utara,4km,FM,AM,-51.99,-67.99,16.54,Good,Filter Pasif / Bypass
Utara_4km_FM_91.6Mhz.jpg,utara,4km,FM,AM,-40.0,-52.78,13.59,Good,Filter Pasif / Bypass
Utara_4km_FM_91.9Mhz.jpg,utara,4km,FM,FM,-30.52,-57.32,27.29,Excellent,Penguat High-Linearity / Attenuator Pasif
Utara_4km_FM_92.4Mhz.jpg,utara,4km,FM,FM,-40.0,-74.02,34.25,Outstanding,Tidak Memerlukan Penguat (Bypass)
Utara_4km_FM_92.9Mhz.jpg,utara,4km,FM,AM,-40.0,-71.4,31.68,Outstanding,Tidak Memerlukan Penguat (Bypass)
Utara_4km_FM_92Mhz.jpg,utara,4km,FM,FM,-40.47,-65.34,26.05,Excellent,Penguat High-Linearity / Attenuator Pasif
Utara_4km_FM_93.39Mhz.jpg,utara,4km,FM,FM,-30.0,-69.09,39.44,Outstanding,Tidak Memerlukan Penguat (Bypass)
Utara_4km_FM_93.3Mhz.jpg,utara,4km,FM,FM,-40.0,-73.49,33.74,Outstanding,Tidak Memerlukan Penguat (Bypass)
Utara_4km_FM_93.89Mhz.jpg,utara,4km,FM,FM,-40.53,-74.7,34.7,Outstanding,Tidak Memerlukan Penguat (Bypass)
Utara_4km_FM_94.19Mhz.jpg,utara,4km,FM,FM,-30.0,-70.97,41.28,Outstanding,Tidak Memerlukan Penguat (Bypass)
Utara_4km_FM_94.1Mhz.jpg,utara,4km,FM,FM,-40.0,-75.56,35.82,Outstanding,Tidak Memerlukan Penguat (Bypass)
Utara_4km_FM_94.5Mhz.jpg,utara,4km,FM,FM,-30.59,-71.27,41.17,Outstanding,Tidak Memerlukan Penguat (Bypass)
Utara_4km_FM_94.9Mhz.jpg,utara,4km,FM,FM,-40.41,-75.98,35.94,Outstanding,Tidak Memerlukan Penguat (Bypass)
Utara_4km_FM_95.3Mhz.jpg,utara,4km,FM,FM,-40.53,-75.77,35.7,Outstanding,Tidak Memerlukan Penguat (Bypass)
Utara_4km_FM_95.4Mhz.jpg,utara,4km,FM,FM,-40.53,-76.11,35.92,Outstanding,Tidak Memerlukan Penguat (Bypass)
Utara_4km_FM_95.7Mhz.jpg,utara,4km,FM,FM,-30.0,-70.06,40.55,Outstanding,Tidak Memerlukan Penguat (Bypass)
Utara_4km_FM_96.4Mhz.jpg,utara,4km,FM,FM,-40.51,-75.64,35.53,Outstanding,Tidak Memerlukan Penguat (Bypass)
Utara_4km_FM_96.5Mhz.jpg,utara,4km,FM,FM,-40.53,-76.43,36.41,Outstanding,Tidak Memerlukan Penguat (Bypass)
Utara_4km_FM_96.7Mhz.jpg,utara,4km,FM,FM,-40.51,-76.7,36.41,Outstanding,Tidak Memerlukan Penguat (Bypass)
Utara_4km_FM_96.8Mhz.jpg,utara,4km,FM,FM,-40.5,-74.55,34.44,Outstanding,Tidak Memerlukan Penguat (Bypass)
Utara_4km_FM_97.2Mhz.jpg,utara,4km,FM,FM,-40.54,-76.52,36.19,Outstanding,Tidak Memerlukan Penguat (Bypass)
Utara_4km_FM_97.8Mhz.jpg,utara,4km,FM,AM,-40.0,-70.69,30.89,Outstanding,Tidak Memerlukan Penguat (Bypass)
Utara_4km_FM_98.1Mhz.jpg,utara,4km,FM,FM,-30.24,-76.93,47.03,Outstanding,Tidak Memerlukan Penguat (Bypass)
Utara_4km_FM_98.4Mhz.jpg,utara,4km,FM,FM,-40.13,-80.09,40.23,Outstanding,Tidak Memerlukan Penguat (Bypass)
Utara_4km_FM_98.8Mhz.jpg,utara,4km,FM,FM,-30.0,-75.69,45.99,Outstanding,Tidak Memerlukan Penguat (Bypass)
Utara_4km_FM_98.943Mhz.jpg,utara,4km,FM,AM,-40.0,-76.67,38.32,Outstanding,Tidak Memerlukan Penguat (Bypass)
Utara_4km_FM_98.9Mhz.jpg,utara,4km,FM,FM,-54.45,-116.28,63.2,Outstanding,Tidak Memerlukan Penguat (Bypass)
Utara_4km_FM_99.2Mhz.jpg,utara,4km,FM,FM,-5.0,-72.44,67.88,Outstanding,Tidak Memerlukan Penguat (Bypass)
Utara_4km_FM_99.3Mhz.jpg,utara,4km,FM,FM,-40.0,-83.0,43.62,Outstanding,Tidak Memerlukan Penguat (Bypass)
Utara_4km_FM_99.4Mhz.jpg,utara,4km,FM,FM,-30.0,-66.75,37.63,Outstanding,Tidak Memerlukan Penguat (Bypass)
Utara_4km_FM_99.5Mhz.jpg,utara,4km,FM,FM,-40.0,-75.06,35.83,Outstanding,Tidak Memerlukan Penguat (Bypass)
Utara_4km_FM_99.7Mhz.jpg,utara,4km,FM,AM,-40.0,-70.32,31.26,Outstanding,Tidak Memerlukan Penguat (Bypass)
Utara_6km_AIRBAND_110.02Mhz.jpg,utara,6km,AM,Tidak Terdeteksi,,-75.34,0.0,Not detected,Tidak Terdeteksi (N/A)
Utara_6km_AIRBAND_111.2Mhz.jpg,utara,6km,AM,Tidak Terdeteksi,,-74.98,0.0,Not detected,Tidak Terdeteksi (N/A)
Utara_6km_AIRBAND_111.7004Mhz.jpg,utara,6km,AM,Tidak Terdeteksi,,-76.16,0.0,Not detected,Tidak Terdeteksi (N/A)
Utara_6km_AIRBAND_111.7Mhz.jpg,utara,6km,AM,Tidak Terdeteksi,,-69.1,0.0,Not detected,Tidak Terdeteksi (N/A)
Utara_6km_AIRBAND_111.9Mhz.jpg,utara,6km,AM,AM,-68.01,-85.29,17.46,Good,Low Noise Amplifier (LNA) HF/VHF
Utara_6km_AIRBAND_112.7027Mhz.jpg,utara,6km,AM,AM,-55.99,-74.57,18.75,Good,Filter Pasif / Bypass
Utara_6km_AIRBAND_112.8Mhz.jpg,utara,6km,AM,AM,-48.42,-69.97,21.83,Excellent,Filter Pasif / Bypass
Utara_6km_AIRBAND_114.7Mhz.jpg,utara,6km,AM,Tidak Terdeteksi,,-79.84,0.0,Not detected,Tidak Terdeteksi (N/A)
Utara_6km_AIRBAND_117.2Mhz.jpg,utara,6km,AM,AM,-63.79,-79.09,15.69,Good,Low Noise Amplifier (LNA) HF/VHF
Utara_6km_AIRBAND_118.8Mhz.jpg,utara,6km,AM,Tidak Terdeteksi,,-85.48,0.0,Not detected,Tidak Terdeteksi (N/A)
Utara_6km_AIRBAND_119.7Mhz.jpg,utara,6km,AM,Tidak Terdeteksi,,-80.02,0.0,Not detected,Tidak Terdeteksi (N/A)
Utara_6km_AIRBAND_120.7Mhz.jpg,utara,6km,AM,Tidak Terdeteksi,,-81.83,0.0,Not detected,Tidak Terdeteksi (N/A)
Utara_6km_ETC_138Mhz.jpg,utara,6km,ETC,Tidak Terdeteksi,,-77.74,0.0,Not detected,Tidak Terdeteksi (N/A)
Utara_6km_ETC_139Mhz.jpg,utara,6km,ETC,Error,,-50.0,0.0,Error,Error
Utara_6km_FM_100.006Mhz.jpg,utara,6km,FM,AM,-46.98,-69.43,22.78,Excellent,Filter Pasif / Bypass
Utara_6km_FM_100.4Mhz.jpg,utara,6km,FM,AM,-52.72,-72.01,19.55,Good,Filter Pasif / Bypass
Utara_6km_FM_101.585Mhz.jpg,utara,6km,FM,FM,-40.05,-66.76,27.13,Excellent,Penguat High-Linearity / Attenuator Pasif
Utara_6km_FM_101.6Mhz.jpg,utara,6km,FM,AM,-38.27,-70.57,32.76,Outstanding,Tidak Memerlukan Penguat (Bypass)
Utara_6km_FM_102.2Mhz.jpg,utara,6km,FM,FM,-30.0,-58.73,29.1,Outstanding,Tidak Memerlukan Penguat (Bypass)
Utara_6km_FM_102.4Mhz.jpg,utara,6km,FM,AM,-57.32,-75.92,18.82,Good,Filter Pasif / Bypass
Utara_6km_FM_102.9Mhz.jpg,utara,6km,FM,FM,-40.0,-77.13,37.42,Outstanding,Tidak Memerlukan Penguat (Bypass)
Utara_6km_FM_103.9Mhz.jpg,utara,6km,FM,FM,-40.0,-78.38,38.69,Outstanding,Tidak Memerlukan Penguat (Bypass)
Utara_6km_FM_104.014Mhz.jpg,utara,6km,FM,AM,-47.02,-68.89,22.09,Excellent,Filter Pasif / Bypass
Utara_6km_FM_108Mhz.jpg,utara,6km,FM,Tidak Terdeteksi,,-73.76,0.0,Not detected,Tidak Terdeteksi (N/A)
Utara_6km_FM_87.39Mhz.jpg,utara,6km,FM,FM,-40.84,-80.18,39.5,Outstanding,Tidak Memerlukan Penguat (Bypass)
Utara_6km_FM_87.426Mhz.jpg,utara,6km,FM,FM,-41.71,-81.85,40.34,Outstanding,Tidak Memerlukan Penguat (Bypass)
Utara_6km_FM_87.7Mhz.jpg,utara,6km,FM,FM,-40.0,-80.91,41.04,Outstanding,Tidak Memerlukan Penguat (Bypass)
Utara_6km_FM_87Mhz.jpg,utara,6km,FM,Tidak Terdeteksi,,-46.89,0.0,Not detected,Tidak Terdeteksi (N/A)
Utara_6km_FM_88.9Mhz.jpg,utara,6km,FM,AM,-49.65,-77.63,28.22,Excellent,Filter Pasif / Bypass
Utara_6km_FM_89.6Mhz.jpg,utara,6km,FM,AM,-65.19,-80.9,15.86,Good,Low Noise Amplifier (LNA) HF/VHF
Utara_6km_FM_89.8Mhz.jpg,utara,6km,FM,FM,-40.0,-91.95,52.12,Outstanding,Tidak Memerlukan Penguat (Bypass)
Utara_6km_FM_89Mhz.jpg,utara,6km,FM,AM,-55.57,-80.79,25.36,Excellent,Filter Pasif / Bypass
Utara_6km_FM_90.2Mhz.jpg,utara,6km,FM,FM,-61.13,-80.54,19.53,Good,Low Noise Amplifier (LNA) Khusus VHF/FM
Utara_6km_FM_90.6Mhz.jpg,utara,6km,FM,FM,-40.0,-76.62,36.77,Outstanding,Tidak Memerlukan Penguat (Bypass)
Utara_6km_FM_91.2Mhz.jpg,utara,6km,FM,FM,-40.0,-90.04,50.37,Outstanding,Tidak Memerlukan Penguat (Bypass)
Utara_6km_FM_91.3Mhz.jpg,utara,6km,FM,FM,-40.0,-76.72,36.95,Outstanding,Tidak Memerlukan Penguat (Bypass)
Utara_6km_FM_91.4Mhz.jpg,utara,6km,FM,FM,-41.38,-81.13,39.93,Outstanding,Tidak Memerlukan Penguat (Bypass)
Utara_6km_FM_92.3Mhz.jpg,utara,6km,FM,AM,-54.51,-81.87,27.52,Excellent,Filter Pasif / Bypass
Utara_6km_FM_92.53Mhz.jpg,utara,6km,FM,AM,-41.22,-74.1,33.07,Outstanding,Tidak Memerlukan Penguat (Bypass)
Utara_6km_FM_92.73Mhz.jpg,utara,6km,FM,AM,-66.78,-98.97,32.33,Outstanding,Tidak Memerlukan Penguat (Bypass)
Utara_6km_FM_92.81Mhz.jpg,utara,6km,FM,AM,-63.67,-88.08,24.48,Excellent,Low Noise Amplifier (LNA) HF/VHF
Utara_6km_FM_92Mhz.jpg,utara,6km,FM,Tidak Terdeteksi,,-46.62,0.0,Not detected,Tidak Terdeteksi (N/A)
Utara_6km_FM_93.2Mhz.jpg,utara,6km,FM,Tidak Terdeteksi,,-46.96,0.0,Not detected,Tidak Terdeteksi (N/A)
Utara_6km_FM_93.3Mhz.jpg,utara,6km,FM,FM,-41.83,-88.66,47.06,Outstanding,Tidak Memerlukan Penguat (Bypass)
Utara_6km_FM_93.4Mhz.jpg,utara,6km,FM,FM,-40.0,-78.85,39.04,Outstanding,Tidak Memerlukan Penguat (Bypass)
Utara_6km_FM_94.4Mhz.jpg,utara,6km,FM,AM,-38.29,-71.15,33.16,Outstanding,Tidak Memerlukan Penguat (Bypass)
Utara_6km_FM_94.6Mhz.jpg,utara,6km,FM,AM,-80.34,-109.03,28.87,Excellent,Low Noise Amplifier (LNA) HF/VHF
Utara_6km_FM_94.9Mhz.jpg,utara,6km,FM,AM,-55.58,-76.79,21.37,Excellent,Filter Pasif / Bypass
Utara_6km_FM_95.1Mhz.jpg,utara,6km,FM,AM,-63.07,-90.84,28.07,Excellent,Low Noise Amplifier (LNA) HF/VHF
Utara_6km_FM_95.688Mhz.jpg,utara,6km,FM,FM,-41.13,-75.61,34.68,Outstanding,Tidak Memerlukan Penguat (Bypass)
Utara_6km_FM_95.691Mhz.jpg,utara,6km,FM,AM,-43.17,-72.69,29.8,Outstanding,Tidak Memerlukan Penguat (Bypass)
Utara_6km_FM_96.486Mhz.jpg,utara,6km,FM,AM,-49.17,-90.9,41.93,Outstanding,Tidak Memerlukan Penguat (Bypass)
Utara_6km_FM_96.6Mhz.jpg,utara,6km,FM,AM,-49.63,-81.87,32.44,Outstanding,Tidak Memerlukan Penguat (Bypass)
Utara_6km_FM_97.2Mhz.jpg,utara,6km,FM,FM,-40.31,-78.04,37.94,Outstanding,Tidak Memerlukan Penguat (Bypass)
Utara_6km_FM_97.3Mhz.jpg,utara,6km,FM,FM,-40.56,-76.72,36.28,Outstanding,Tidak Memerlukan Penguat (Bypass)
Utara_6km_FM_97.7Mhz.jpg,utara,6km,FM,AM,-47.06,-75.56,28.67,Excellent,Filter Pasif / Bypass
Utara_6km_FM_98.8Mhz.jpg,utara,6km,FM,Tidak Terdeteksi,,-82.58,0.0,Not detected,Tidak Terdeteksi (N/A)
Utara_6km_FM_99.8Mhz.jpg,utara,6km,FM,AM,-40.0,-69.63,30.02,Outstanding,Tidak Memerlukan Penguat (Bypass)
Utara_8km_AIRBAND_111.402Mhz.jpg,utara,8km,AM,Error,,-50.0,0.0,Error,Error
Utara_8km_AIRBAND_112.0002Mhz.jpg,utara,8km,AM,Tidak Terdeteksi,,-68.4,0.0,Not detected,Tidak Terdeteksi (N/A)
Utara_8km_AIRBAND_112.0023Mhz.jpg,utara,8km,AM,Tidak Terdeteksi,,-78.59,0.0,Not detected,Tidak Terdeteksi (N/A)
Utara_8km_AIRBAND_112Mhz.jpg,utara,8km,AM,Tidak Terdeteksi,,-71.8,0.0,Not detected,Tidak Terdeteksi (N/A)
Utara_8km_AIRBAND_113.5527Mhz.jpg,utara,8km,AM,FM,-36.76,-74.18,37.55,Outstanding,Tidak Memerlukan Penguat (Bypass)
Utara_8km_AIRBAND_120.7166Mhz.jpg,utara,8km,AM,FM,-64.73,-79.28,14.67,Good,Low Noise Amplifier (LNA) Khusus VHF/FM
Utara_8km_AIRBAND_120Mhz.jpg,utara,8km,AM,AM,-67.53,-79.91,12.56,Good,Low Noise Amplifier (LNA) HF/VHF
Utara_8km_AIRBAND_121.7295Mhz.jpg,utara,8km,AM,FM,-47.45,-96.86,49.68,Outstanding,Tidak Memerlukan Penguat (Bypass)
Utara_8km_AIRBAND_121.7297Mhz.jpg,utara,8km,AM,AM,-46.99,-62.93,16.3,Good,Filter Pasif / Bypass
Utara_8km_AIRBAND_127.7295Mhz.jpg,utara,8km,AM,FM,-28.35,-92.92,65.52,Outstanding,Tidak Memerlukan Penguat (Bypass)
Utara_8km_ETC_62.412Mhz.jpg,utara,8km,ETC,Error,,-50.0,0.0,Error,Error
Utara_8km_ETC_85.5502Mhz.jpg,utara,8km,ETC,AM,-61.53,-75.25,13.95,Good,Low Noise Amplifier (LNA) HF/VHF
Utara_8km_ETC_85.5712Mhz.jpg,utara,8km,ETC,FM,-67.78,-90.54,22.89,Excellent,Low Noise Amplifier (LNA) Khusus VHF/FM
Utara_8km_ETC_85.579Mhz.jpg,utara,8km,ETC,Tidak Terdeteksi,,-79.27,0.0,Not detected,Tidak Terdeteksi (N/A)
Utara_8km_ETC_85.9712Mhz.jpg,utara,8km,ETC,AM,-74.89,-88.79,14.12,Good,Low Noise Amplifier (LNA) HF/VHF
Utara_8km_ETC_86.5Mhz.jpg,utara,8km,ETC,FM,-41.59,-81.33,39.91,Outstanding,Tidak Memerlukan Penguat (Bypass)
Utara_8km_ETC_86.9Mhz.jpg,utara,8km,ETC,FM,-40.0,-78.23,38.4,Outstanding,Tidak Memerlukan Penguat (Bypass)
Utara_8km_ETC_unknown.jpg,utara,8km,ETC,Error,,-50.0,0.0,Error,Error
Utara_8km_FM_100.002Mhz.jpg,utara,8km,FM,AM,-43.74,-68.91,25.43,Excellent,Filter Pasif / Bypass
Utara_8km_FM_100.3Mhz.jpg,utara,8km,FM,FM,-31.96,-65.8,34.11,Outstanding,Tidak Memerlukan Penguat (Bypass)
Utara_8km_FM_100Mhz.jpg,utara,8km,FM,FM,-30.0,-81.62,52.14,Outstanding,Tidak Memerlukan Penguat (Bypass)
Utara_8km_FM_101.615Mhz.jpg,utara,8km,FM,AM,-50.36,-69.99,20.05,Excellent,Filter Pasif / Bypass
Utara_8km_FM_101Mhz.jpg,utara,8km,FM,Tidak Terdeteksi,,-38.0,0.0,Not detected,Tidak Terdeteksi (N/A)
Utara_8km_FM_102.371Mhz.jpg,utara,8km,FM,FM,-34.43,-67.43,33.42,Outstanding,Tidak Memerlukan Penguat (Bypass)
Utara_8km_FM_102Mhz.jpg,utara,8km,FM,AM,-48.89,-75.16,26.46,Excellent,Filter Pasif / Bypass
Utara_8km_FM_104.753Mhz.jpg,utara,8km,FM,AM,-50.01,-72.89,23.2,Excellent,Filter Pasif / Bypass
Utara_8km_FM_104.795Mhz.jpg,utara,8km,FM,AM,-30.0,-94.21,64.76,Outstanding,Tidak Memerlukan Penguat (Bypass)
Utara_8km_FM_104.796Mhz.jpg,utara,8km,FM,FM,-37.57,-74.84,37.54,Outstanding,Tidak Memerlukan Penguat (Bypass)
Utara_8km_FM_104.804Mhz.jpg,utara,8km,FM,FM,-40.31,-74.83,34.86,Outstanding,Tidak Memerlukan Penguat (Bypass)
Utara_8km_FM_104.827Mhz.jpg,utara,8km,FM,FM,-53.41,-89.96,36.76,Outstanding,Tidak Memerlukan Penguat (Bypass)
Utara_8km_FM_104.9Mhz.jpg,utara,8km,FM,FM,-40.0,-75.26,35.76,Outstanding,Tidak Memerlukan Penguat (Bypass)
Utara_8km_FM_104Mhz.jpg,utara,8km,FM,FM,-42.29,-82.32,40.3,Outstanding,Tidak Memerlukan Penguat (Bypass)
Utara_8km_FM_105.216Mhz.jpg,utara,8km,FM,AM,-40.0,-66.34,26.89,Excellent,Filter Pasif / Bypass
Utara_8km_FM_105.699Mhz.jpg,utara,8km,FM,FM,-40.87,-79.8,39.16,Outstanding,Tidak Memerlukan Penguat (Bypass)
Utara_8km_FM_105Mhz.jpg,utara,8km,FM,AM,-40.0,-96.92,57.48,Outstanding,Tidak Memerlukan Penguat (Bypass)
Utara_8km_FM_87.383Mhz.jpg,utara,8km,FM,FM,-41.89,-79.23,37.58,Outstanding,Tidak Memerlukan Penguat (Bypass)
Utara_8km_FM_87.403Mhz.jpg,utara,8km,FM,AM,-47.2,-79.47,32.45,Outstanding,Tidak Memerlukan Penguat (Bypass)
Utara_8km_FM_87.404Mhz.jpg,utara,8km,FM,AM,-46.96,-78.64,31.81,Outstanding,Tidak Memerlukan Penguat (Bypass)
Utara_8km_FM_87.405Mhz.jpg,utara,8km,FM,FM,-40.33,-71.17,31.02,Outstanding,Tidak Memerlukan Penguat (Bypass)
Utara_8km_FM_87.6Mhz.jpg,utara,8km,FM,FM,-46.97,-78.79,32.01,Outstanding,Tidak Memerlukan Penguat (Bypass)
Utara_8km_FM_88.23Mhz.jpg,utara,8km,FM,FM,-48.24,-79.05,30.95,Outstanding,Tidak Memerlukan Penguat (Bypass)
Utara_8km_FM_88.2Mhz.jpg,utara,8km,FM,AM,-62.72,-79.98,17.47,Good,Low Noise Amplifier (LNA) HF/VHF
Utara_8km_FM_88.4Mhz.jpg,utara,8km,FM,AM,-42.9,-71.51,28.9,Excellent,Filter Pasif / Bypass
Utara_8km_FM_88.9Mhz.jpg,utara,8km,FM,AM,-55.39,-80.96,25.77,Excellent,Filter Pasif / Bypass
Utara_8km_FM_89.006Mhz.jpg,utara,8km,FM,AM,-48.1,-76.23,28.32,Excellent,Filter Pasif / Bypass
Utara_8km_FM_89.013Mhz.jpg,utara,8km,FM,FM,-48.65,-81.3,32.93,Outstanding,Tidak Memerlukan Penguat (Bypass)
Utara_8km_FM_89.4Mhz.jpg,utara,8km,FM,AM,-59.47,-80.0,20.7,Excellent,Filter Pasif / Bypass
Utara_8km_FM_89Mhz.jpg,utara,8km,FM,FM,-53.18,-68.76,15.87,Good,Penguat High-Linearity / Attenuator Pasif
Utara_8km_FM_90.1Mhz.jpg,utara,8km,FM,AM,-62.52,-80.31,17.98,Good,Low Noise Amplifier (LNA) HF/VHF
Utara_8km_FM_90.2Mhz.jpg,utara,8km,FM,FM,-30.0,-71.25,41.48,Outstanding,Tidak Memerlukan Penguat (Bypass)
Utara_8km_FM_90.604Mhz.jpg,utara,8km,FM,FM,-39.71,-76.65,37.16,Outstanding,Tidak Memerlukan Penguat (Bypass)
Utara_8km_FM_90.609Mhz.jpg,utara,8km,FM,FM,-46.93,-80.84,34.07,Outstanding,Tidak Memerlukan Penguat (Bypass)
Utara_8km_FM_90.8Mhz.jpg,utara,8km,FM,AM,-43.03,-76.11,33.26,Outstanding,Tidak Memerlukan Penguat (Bypass)
Utara_8km_FM_90.9Mhz.jpg,utara,8km,FM,AM,-45.26,-73.22,28.14,Excellent,Filter Pasif / Bypass
Utara_8km_FM_91.386Mhz.jpg,utara,8km,FM,FM,-40.0,-95.85,56.37,Outstanding,Tidak Memerlukan Penguat (Bypass)
Utara_8km_FM_91.415Mhz.jpg,utara,8km,FM,AM,-59.11,-90.24,31.23,Outstanding,Tidak Memerlukan Penguat (Bypass)
Utara_8km_FM_91.419Mhz.jpg,utara,8km,FM,FM,-50.85,-88.75,38.13,Outstanding,Tidak Memerlukan Penguat (Bypass)
Utara_8km_FM_91.9Mhz.jpg,utara,8km,FM,AM,-47.2,-69.66,22.8,Excellent,Filter Pasif / Bypass
Utara_8km_FM_92.243Mhz.jpg,utara,8km,FM,FM,-29.51,-67.97,38.73,Outstanding,Tidak Memerlukan Penguat (Bypass)
Utara_8km_FM_92.284Mhz.jpg,utara,8km,FM,AM,-65.34,-83.72,18.47,Good,Low Noise Amplifier (LNA) HF/VHF
Utara_8km_FM_92.295Mhz.jpg,utara,8km,FM,AM,-62.25,-80.58,18.47,Good,Low Noise Amplifier (LNA) HF/VHF
Utara_8km_FM_92.298Mhz.jpg,utara,8km,FM,FM,-30.0,-50.1,20.41,Excellent,Penguat High-Linearity / Attenuator Pasif
Utara_8km_FM_92.2Mhz.jpg,utara,8km,FM,FM,-48.95,-98.9,50.07,Outstanding,Tidak Memerlukan Penguat (Bypass)
Utara_8km_FM_92.6Mhz.jpg,utara,8km,FM,AM,-47.06,-72.73,25.95,Excellent,Filter Pasif / Bypass
Utara_8km_FM_92.8Mhz.jpg,utara,8km,FM,FM,-39.62,-77.12,37.71,Outstanding,Tidak Memerlukan Penguat (Bypass)
Utara_8km_FM_93.15Mhz.jpg,utara,8km,FM,AM,-57.56,-79.31,21.9,Excellent,Filter Pasif / Bypass
Utara_8km_FM_93.307Mhz.jpg,utara,8km,FM,AM,-47.54,-75.32,27.92,Excellent,Filter Pasif / Bypass
Utara_8km_FM_93.32Mhz.jpg,utara,8km,FM,FM,-29.39,-68.94,39.81,Outstanding,Tidak Memerlukan Penguat (Bypass)
Utara_8km_FM_93.343Mhz.jpg,utara,8km,FM,AM,-54.74,-80.46,25.86,Excellent,Filter Pasif / Bypass
Utara_8km_FM_93.3Mhz.jpg,utara,8km,FM,AM,-45.37,-73.68,28.48,Excellent,Filter Pasif / Bypass
Utara_8km_FM_94.088Mhz.jpg,utara,8km,FM,FM,-40.0,-97.53,57.85,Outstanding,Tidak Memerlukan Penguat (Bypass)
Utara_8km_FM_94.09Mhz.jpg,utara,8km,FM,FM,-40.0,-97.39,57.53,Outstanding,Tidak Memerlukan Penguat (Bypass)
Utara_8km_FM_94.394Mhz.jpg,utara,8km,FM,AM,-40.13,-60.12,20.39,Excellent,Filter Pasif / Bypass
Utara_8km_FM_94.91Mhz.jpg,utara,8km,FM,FM,-41.75,-68.54,27.13,Excellent,Penguat High-Linearity / Attenuator Pasif
Utara_8km_FM_94.998Mhz.jpg,utara,8km,FM,AM,-53.85,-79.88,26.18,Excellent,Filter Pasif / Bypass
Utara_8km_FM_94.9Mhz.jpg,utara,8km,FM,AM,-40.0,-97.43,57.68,Outstanding,Tidak Memerlukan Penguat (Bypass)
Utara_8km_FM_95.4Mhz.jpg,utara,8km,FM,FM,-30.0,-49.99,20.36,Excellent,Penguat High-Linearity / Attenuator Pasif
Utara_8km_FM_95.9Mhz.jpg,utara,8km,FM,FM,-42.69,-73.37,31.0,Outstanding,Tidak Memerlukan Penguat (Bypass)
Utara_8km_FM_95Mhz.jpg,utara,8km,FM,AM,-47.05,-67.91,21.28,Excellent,Filter Pasif / Bypass
Utara_8km_FM_96.505Mhz.jpg,utara,8km,FM,AM,-40.0,-64.86,25.4,Excellent,Filter Pasif / Bypass
Utara_8km_FM_96.511Mhz.jpg,utara,8km,FM,AM,-44.26,-70.4,26.39,Excellent,Filter Pasif / Bypass
Utara_8km_FM_97.1Mhz.jpg,utara,8km,FM,AM,-46.97,-69.33,22.54,Excellent,Filter Pasif / Bypass
Utara_8km_FM_98.1Mhz.jpg,utara,8km,FM,Tidak Terdeteksi,,-63.75,0.0,Not detected,Tidak Terdeteksi (N/A)
Utara_8km_FM_99.4Mhz.jpg,utara,8km,FM,FM,-40.41,-53.36,13.29,Good,Penguat High-Linearity / Attenuator Pasif
